AXVV661TQ_0009
HFDTEDATE:220626,01
HFTZNTIMEZONE:2.00
HFPLTPILOTINCHARGE:Laurent Chaleil
HFCM2CREW2:NIL
HFCIDCOMPETITIONID:NKN
HFGTYGLIDERTYPE:Niviuk - Peak 6
HFGIDGLIDERID:NKN
HFFTYFRTYPE:Vector Vario
HFRFWFIRMWAREVERSION:2.01c
HFRHWHARDWAREVERSION:1.03
HFGPSRECEIVER:UBLOX,MAX-M10S,36,10000
HFDTMGPSDATUM:WGS84
HFALGALTGPS:GEO
HFPRSPRESSALTSENSOR:TDK,ICP20100,10000
HFALPALTPRESSURE:ISA
LXVVIGC+:1
B1126494406606N00306249EA0073500843
LXVVT+406H211I000W000000N+000D247+059-003G010X00
B1126504406606N00306249EA0073500843
LXVVT+406H212I000W000000N+000D244+055-005G010X00
B1126514406606N00306249EA0073500843
LXVVT+406H211I000W000000N+000D230+051-008G010X00
B1126524406606N00306249EA0073500843
LXVVT+406H212I000W000000N+000D343+033+021G011X00
B1126534406606N00306249EA0073500843
LXVVT+406H211I000W000000N+000D351+019+042G010X00
B1126544406606N00306249EA0073500843
LXVVT+406H209I000W000000N+000D354+024+049G010X00
B1126554406606N00306249EA0073500843
LXVVT+407H206I000W000000N+000D353+023+054G010X00
B1126564406606N00306249EA0073500843
LXVVT+407H205I000W000000N+000D357+018+061G010X00
B1126574406606N00306249EA0073500843
LXVVT+407H206I000W000000N+000D359+019+064G010X00
B1126584406606N00306249EA0073500843
LXVVT+407H208I000W000000N+000D001+019+063G010X00
B1126594406606N00306249EA0073500843
LXVVT+407H208I000W000000N+000D002+016+066G010X00
B1127004406606N00306249EA0073500843
LXVVT+407H205I000W000000N+000D000+013+066G010X00
B1127014406606N00306249EA0073500843
LXVVT+407H206I000W000000N+000D355+011+064G010X00
B1127024406606N00306249EA0073500843
LXVVT+407H208I000W000000N+000D353+011+055G010X00
B1127034406606N00306249EA0073500843
LXVVT+407H206I000W000000N+000D352+009+051G010X00
B1127044406606N00306249EA0073500843
LXVVT+407H207I000W000000N+000D355+012+053G011X00
B1127054406606N00306250EA0073600844
LXVVT+407H208I000W000000N+000D350+020+043G010X00
B1127064406606N00306250EA0073600844
LXVVT+407H206I000W000000N+000D005+013+031G011X00
B1127074406606N00306250EA0073600844
LXVVT+407H205I000W000000N+000D032-004+019G011X00
B1127084406605N00306249EA0073500844
LXVVT+407H202I000W000000N+000D020-004+017G010X00
B1127094406604N00306248EA0073500843
LXVVT+407H198I030W000000N+000D003-006+023G010X00
B1127104406602N00306248EA0073500843
LXVVT+406H196I040W000000N+000D043-009+019G013X00
B1127114406599N00306248EA0073700843
LXVVT+407H194I000W000000N+000D049-008+011G013X00
B1127124406597N00306247EA0073900845
LXVVT+407H192I000W000000N+000D081-011+004G012X00
B1127134406595N00306244EA0074000848
LXVVT+407H190I042W000000N+000D069-016+007G011X00
B1127144406594N00306241EA0074200851
LXVVT+408H186I046W000000N+000D075-022+006G009X00
B1127154406594N00306239EA0074600853
LXVVT+408H183I000W000000N+000D068-019+007G008X00
B1127164406595N00306237EA0074600853
LXVVT+409H182I000W000000N+000D063-017+007G008X00
B1127174406594N00306236EA0074500852
LXVVT+409H181I000W000000N+000D072-015+005G009X00
B1127184406593N00306234EA0074400849
LXVVT+409H180I000W000000N+000D076-017+004G011X00
B1127194406591N00306231EA0074300848
LXVVT+409H179I023W000000N+006D227-020+008G012X00
B1127204406589N00306227EA0074200847
LXVVT+409H179I016W000000N+003D227+011+004G011X00
B1127214406587N00306224EA0074200849
LXVVT+410H179I016W000000N+018D226+005+003G011X00
B1127224406584N00306221EA0074300850
LXVVT+406H179I006W000000N+018D231+001-012G012X00
B1127234406583N00306217EA0074400851
LXVVT+398H182I085W239001N+019D238+003-009G010X00
B1127244406582N00306214EA0074700853
LXVVT+389H188I084W240005N+027D242-003-015G010X01
B1127254406581N00306211EA0074900854
LXVVT+383H193I083W242010N+019D243+000-012G009X04
B1127264406579N00306208EA0075000856
LXVVT+380H197I080W242016N+017D240+003-007G010X01
B1127274406578N00306205EA0075100857
LXVVT+376H200I079W241019N+023D235-001-015G011X00
B1127284406576N00306203EA0075300859
LXVVT+368H206I092W236024N+015D218-007-019G009X00
B1127294406573N00306202EA0075300859
LXVVT+366H210I097W227029N+012D206+000-011G011X02
B1127304406570N00306201EA0075400860
LXVVT+360H214I098W223033N+014D205+002+001G010X00
B1127314406567N00306199EA0075400861
LXVVT+355H219I093W221035N+008D204+001+006G008X00
B1127324406564N00306196EA0075300861
LXVVT+353H222I095W221035N+003D219+003+006G011X01
B1127334406562N00306192EA0075200859
LXVVT+346H227I094W221035N+007D235+001+004G010X03
B1127344406561N00306187EA0075200859
LXVVT+343H231I106W226038N+021D247+002+005G013X04
B1127354406561N00306181EA0075200860
LXVVT+343H234I098W225038N+016D255+004+009G010X01
B1127364406562N00306175EA0075300861
LXVVT+339H238I095W223037N+027D267+007+003G009X03
B1127374406563N00306170EA0075400861
LXVVT+339H241I080W219037N+011D271+007-004G009X02
B1127384406565N00306165EA0075300861
LXVVT+338H242I067W212036N+008D271-002-005G010X00
B1127394406566N00306159EA0075200860
LXVVT+335H243I081W210035N+003D255-014-007G010X00
B1127404406564N00306154EA0075100859
LXVVT+333H246I095W210035N+011D236-006-014G013X01
B1127414406561N00306151EA0075200860
LXVVT+329H250I112W209036N+028D210+000-022G013X02
B1127424406557N00306151EA0075300862
LXVVT+328H252I119W203041N+037D180+005-031G012X02
B1127434406554N00306155EA0075500865
LXVVT+326H254I104W201042N+031D151+005-029G012X01
B1127444406552N00306162EA0075700868
LXVVT+327H255I092W205042N+026D129+008-016G009X02
B1127454406552N00306169EA0075900870
LXVVT+323H259I090W205042N+032D121+008-005G011X05
B1127464406551N00306175EA0076200873
LXVVT+321H261I086W203042N+021D132+003+001G009X05
B1127474406551N00306181EA0076300874
LXVVT+323H261I076W202042N+022D134+001+004G009X06
B1127484406551N00306186EA0076400875
LXVVT+321H264I068W202042N+021D130-005+001G009X07
B1127494406550N00306192EA0076400874
LXVVT+322H263I073W204041N+017D126-007-006G010X05
B1127504406550N00306200EA0076400873
LXVVT+320H265I084W203041N+016D120-006-008G010X02
B1127514406550N00306208EA0076300872
LXVVT+322H263I097W202041N+010D122-006-005G010X01
B1127524406550N00306217EA0076200871
LXVVT+317H267I102W205042N+006D103-004+003G011X01
B1127534406549N00306227EA0076200871
LXVVT+314H271I106W208043N+003D110+001+004G011X02
B1127544406548N00306236EA0076300872
LXVVT+311H274I113W209043N+006D117+007+006G011X04
B1127554406546N00306244EA0076400874
LXVVT+310H276I110W207043N+012D138+010+011G013X02
B1127564406544N00306250EA0076600876
LXVVT+308H277I106W205047N+024D145+003+015G009X02
B1127574406541N00306253EA0076900879
LXVVT+308H279I101W205048N+032D173+003+019G010X02
B1127584406537N00306253EA0077000880
LXVVT+309H279I092W203044N+021D191+000+021G009X02
B1127594406534N00306251EA0077100881
LXVVT+308H279I098W200039N+019D216-002+016G011X02
B1128004406531N00306246EA0077200882
LXVVT+309H279I104W197037N+023D232+003+015G012X07
B1128014406529N00306239EA0077500885
LXVVT+307H280I096W187036N+024D237+008+016G011X05
B1128024406529N00306232EA0077700888
LXVVT+308H280I093W186036N+019D265+013+018G010X02
B1128034406530N00306226EA0077900889
LXVVT+307H281I080W188035N+012D277+005+020G008X02
B1128044406533N00306221EA0077800889
LXVVT+308H280I068W187035N+009D288+000+016G011X04
B1128054406536N00306216EA0077800890
LXVVT+307H280I072W188035N+010D286-003+001G010X01
B1128064406539N00306210EA0077800889
LXVVT+308H281I082W189034N+014D272-007-010G010X01
B1128074406541N00306203EA0077800889
LXVVT+305H282I099W192034N+017D253-008-016G011X02
B1128084406541N00306196EA0077800889
LXVVT+306H282I102W192035N+017D241-001-020G012X02
B1128094406539N00306190EA0077900891
LXVVT+305H283I099W192034N+015D222+005-021G012X01
B1128104406536N00306187EA0078200893
LXVVT+305H284I101W191035N+014D200+006-024G011X03
B1128114406533N00306187EA0078400895
LXVVT+305H284I100W188040N+022D178-002-025G009X02
B1128124406530N00306190EA0078400895
LXVVT+305H284I100W184043N+028D151-008-026G011X03
B1128134406528N00306196EA0078500896
LXVVT+304H285I099W187042N+023D123-006-020G012X05
B1128144406528N00306205EA0078700899
LXVVT+303H285I115W186042N+028D114+003-017G010X08
B1128154406528N00306212EA0079000902
LXVVT+304H285I105W183041N+017D106+015-007G011X02
B1128164406529N00306218EA0079200904
LXVVT+304H284I074W183041N+012D097+009+001G008X02
B1128174406530N00306223EA0079300906
LXVVT+304H285I055W183041N+012D102-002+005G009X02
B1128184406530N00306229EA0079400906
LXVVT+304H285I069W183041N+025D104-012-008G011X03
B1128194406532N00306235EA0079500907
LXVVT+304H285I090W184041N+039D098-018-019G012X04
B1128204406536N00306243EA0079600909
LXVVT+305H285I108W182040N+039D083-004-011G014X01
B1128214406541N00306251EA0080100914
LXVVT+305H286I112W183040N+039D066+009+001G014X04
B1128224406545N00306258EA0080700921
LXVVT+305H286I102W181039N+041D077+012+013G009X03
B1128234406548N00306265EA0081300927
LXVVT+305H288I087W178039N+048D092+004+028G007X03
B1128244406548N00306270EA0081500929
LXVVT+305H289I093W176041N+040D126-008+028G010X02
B1128254406545N00306275EA0081700931
LXVVT+306H288I096W176041N+040D144-006+019G011X02
B1128264406541N00306278EA0081900932
LXVVT+304H289I099W175035N+032D150-001+012G012X02
B1128274406537N00306280EA0082100935
LXVVT+305H289I103W172031N+020D187+011+016G011X05
B1128284406532N00306279EA0082400938
LXVVT+304H289I102W168028N+027D175+007+014G010X00
B1128294406528N00306276EA0082700942
LXVVT+304H290I107W167028N+045D213+007+011G012X00
B1128304406524N00306271EA0083100946
LXVVT+303H291I105W169028N+049D216+000+011G011X00
B1128314406522N00306265EA0083500951
LXVVT+302H293I105W171028N+052D229+004+009G010X00
B1128324406520N00306259EA0084000956
LXVVT+302H294I097W175028N+061D252+009+014G011X00
B1128334406520N00306253EA0084400961
LXVVT+303H293I080W180027N+049D277+003+026G009X02
B1128344406522N00306247EA0084700964
LXVVT+302H292I082W182026N+031D260-002+019G010X00
B1128354406526N00306241EA0085000967
LXVVT+302H291I085W181027N+032D302-003+003G012X00
B1128364406530N00306234EA0085300970
LXVVT+302H291I094W178029N+046D307+001+002G012X06
B1128374406535N00306228EA0085800975
LXVVT+302H292I091W177031N+052D312+003+016G009X01
B1128384406541N00306223EA0086100979
LXVVT+300H292I090W176031N+036D337+002+023G010X01
B1128394406547N00306221EA0086300982
LXVVT+300H293I097W175029N+033D353-001+022G011X01
B1128404406554N00306222EA0086600985
LXVVT+299H294I103W170026N+043D014-003+021G011X02
B1128414406560N00306226EA0087000989
LXVVT+298H294I106W163025N+050D043+001+025G012X02
B1128424406563N00306232EA0087400993
LXVVT+298H295I104W157025N+040D064+004+028G010X01
B1128434406565N00306238EA0087800997
LXVVT+299H295I102W152027N+037D101+002+030G011X02
B1128444406564N00306244EA0088001000
LXVVT+298H295I099W151028N+032D115-001+023G010X03
B1128454406561N00306248EA0088201002
LXVVT+298H296I097W151028N+027D139-001+012G011X04
B1128464406558N00306250EA0088501005
LXVVT+298H296I089W150027N+028D169+005+013G011X03
B1128474406554N00306250EA0088701007
LXVVT+299H295I074W146024N+021D172+000+022G010X02
B1128484406551N00306247EA0088801008
LXVVT+297H296I090W143024N+026D198-005+019G010X04
B1128494406547N00306242EA0089001010
LXVVT+297H296I101W148024N+031D229+003+013G018X00
B1128504406546N00306235EA0089501016
LXVVT+296H296I098W148024N+055D237+006+018G011X04
B1128514406546N00306226EA0090001021
LXVVT+296H295I099W151023N+050D266+008+023G010X02
B1128524406549N00306219EA0090401026
LXVVT+295H296I093W150024N+041D291+005+022G010X02
B1128534406554N00306212EA0090701029
LXVVT+295H296I089W150027N+042D321-001+020G010X03
B1128544406561N00306207EA0091001032
LXVVT+295H296I089W153032N+042D343-004+022G011X04
B1128554406568N00306205EA0091201034
LXVVT+293H297I103W156034N+039D004-003+021G011X02
B1128564406576N00306205EA0091501037
LXVVT+294H297I107W158035N+043D029+003+026G013X02
B1128574406583N00306209EA0091801040
LXVVT+292H297I094W162036N+030D041+004+032G010X05
B1128584406587N00306215EA0092001042
LXVVT+292H299I097W162036N+023D080-003+033G010X03
B1128594406589N00306222EA0092101044
LXVVT+291H299I098W163036N+027D101-005+027G012X00
B1129004406589N00306228EA0092301046
LXVVT+292H299I110W160038N+026D128-003+026G011X00
B1129014406586N00306232EA0092501048
LXVVT+291H300I104W160039N+029D139+004+024G011X02
B1129024406582N00306233EA0092701051
LXVVT+290H302I103W160038N+033D158+004+010G011X02
B1129034406578N00306232EA0093001053
LXVVT+292H302I081W156035N+034D190+010+008G010X00
B1129044406575N00306230EA0093201055
LXVVT+291H303I072W150033N+032D179+002+003G010X01
B1129054406571N00306226EA0093301057
LXVVT+291H304I084W146032N+026D207-006+000G011X03
B1129064406567N00306221EA0093401059
LXVVT+292H302I085W141032N+035D207+000+001G011X01
B1129074406563N00306216EA0093801062
LXVVT+289H303I090W136032N+042D197+003-005G011X03
B1129084406560N00306212EA0094201067
LXVVT+290H302I101W139032N+049D208+010-008G012X04
B1129094406557N00306208EA0094801073
LXVVT+290H301I088W143033N+052D200+007-005G010X03
B1129104406554N00306205EA0095301078
LXVVT+290H301I079W146034N+054D202+002+005G009X02
B1129114406553N00306200EA0095701082
LXVVT+290H302I079W149034N+050D220-005+014G009X03
B1129124406552N00306193EA0095901085
LXVVT+290H302I090W151034N+050D253-009+019G010X01
B1129134406552N00306184EA0096201087
LXVVT+291H302I100W150035N+046D276-006+025G012X02
B1129144406556N00306173EA0096401089
LXVVT+290H303I111W150036N+035D296-001+034G012X01
B1129154406563N00306165EA0096501090
LXVVT+289H303I124W149035N+028D331-001+038G012X02
B1129164406571N00306161EA0096501091
LXVVT+289H303I120W149035N+019D001-003+044G012X03
B1129174406579N00306162EA0096501092
LXVVT+287H305I115W147035N+007D022-003+039G012X01
B1129184406585N00306167EA0096601093
LXVVT+287H305I112W146035N+005D051-001+026G014X00
B1129194406589N00306173EA0096901095
LXVVT+285H305I109W145035N+023D072+000+018G011X02
B1129204406590N00306180EA0097201098
LXVVT+284H306I106W144036N+029D084+005+014G011X01
B1129214406591N00306185EA0097501101
LXVVT+284H307I094W143037N+029D110+005+015G011X02
B1129224406590N00306189EA0097701104
LXVVT+281H307I091W143039N+035D123-001+013G009X00
B1129234406587N00306191EA0097901106
LXVVT+282H308I095W144041N+039D143-002+007G010X01
B1129244406584N00306193EA0098101108
LXVVT+282H309I094W144042N+038D156-003+004G010X01
B1129254406581N00306193EA0098401111
LXVVT+282H310I098W144041N+041D173-001+007G011X01
B1129264406576N00306191EA0098601114
LXVVT+282H311I102W142040N+041D184-001+014G010X01
B1129274406571N00306187EA0098901117
LXVVT+280H312I109W139039N+041D193+004+015G012X03
B1129284406568N00306181EA0099401122
LXVVT+279H313I112W140039N+047D220+010+014G011X02
B1129294406566N00306173EA0099801127
LXVVT+279H313I099W143039N+047D239+008+019G009X02
B1129304406566N00306165EA0100201131
LXVVT+277H315I087W144038N+036D256+001+020G009X02
B1129314406567N00306157EA0100301132
LXVVT+279H314I092W144038N+036D286-005+015G010X01
B1129324406571N00306148EA0100501134
LXVVT+279H313I099W145037N+042D300-005+015G011X01
B1129334406576N00306140EA0100701136
LXVVT+279H313I100W145038N+035D312-002+025G010X02
B1129344406583N00306133EA0100801137
LXVVT+279H313I112W145039N+026D337+002+024G013X01
B1129354406591N00306130EA0101101140
LXVVT+277H314I116W145038N+032D000+005+024G012X02
B1129364406599N00306131EA0101401143
LXVVT+276H315I108W145038N+037D029+005+029G011X01
B1129374406605N00306135EA0101601146
LXVVT+277H315I099W145039N+026D058+000+036G010X02
B1129384406608N00306141EA0101701147
LXVVT+276H316I101W144039N+016D078-003+032G011X02
B1129394406608N00306147EA0101701148
LXVVT+278H314I114W143040N+026D114-004+023G012X02
B1129404406606N00306153EA0101901150
LXVVT+276H315I114W143041N+035D125+002+017G013X01
B1129414406603N00306156EA0102301154
LXVVT+276H315I106W143040N+035D139+007+013G011X02
B1129424406600N00306158EA0102701159
LXVVT+276H315I093W143040N+036D148+009+004G010X03
B1129434406598N00306159EA0103101163
LXVVT+275H316I080W143040N+040D154+005-002G009X01
B1129444406596N00306159EA0103401166
LXVVT+277H316I072W143040N+035D162-003-002G009X02
B1129454406593N00306158EA0103501168
LXVVT+277H316I076W143040N+033D171-009+003G009X02
B1129464406590N00306157EA0103601168
LXVVT+277H315I088W142040N+031D182-011+010G010X02
B1129474406586N00306155EA0103601169
LXVVT+277H315I105W142040N+029D194-006+014G011X02
B1129484406581N00306149EA0103801170
LXVVT+277H315I115W142040N+029D214+000+017G013X03
B1129494406578N00306141EA0104001173
LXVVT+277H316I113W140040N+032D226+006+020G013X01
B1129504406576N00306132EA0104401176
LXVVT+275H318I112W140040N+036D243+005+016G011X02
B1129514406576N00306121EA0104801180
LXVVT+275H319I104W140041N+044D274+003+022G011X01
B1129524406579N00306111EA0105101184
LXVVT+273H320I101W139042N+039D280+000+024G009X02
B1129534406584N00306102EA0105301186
LXVVT+273H320I105W139041N+032D305+002+017G011X01
B1129544406590N00306095EA0105501188
LXVVT+273H319I097W138040N+030D320+003+011G010X02
B1129554406595N00306090EA0105701190
LXVVT+273H320I092W137039N+028D344+003+010G010X01
B1129564406601N00306086EA0105801192
LXVVT+273H319I083W137039N+025D356-001+013G009X02
B1129574406608N00306084EA0105901192
LXVVT+274H318I086W137039N+021D014-008+017G010X01
B1129584406614N00306084EA0105901192
LXVVT+275H317I096W136039N+021D027-006+018G011X01
B1129594406621N00306087EA0105901193
LXVVT+273H317I102W137039N+017D037+002+016G012X01
B1130004406625N00306092EA0106001194
LXVVT+271H319I108W134040N+019D052+005+008G011X02
B1130014406629N00306096EA0106301197
LXVVT+272H319I098W132041N+023D069+008+004G010X01
B1130024406632N00306100EA0106401198
LXVVT+272H319I083W131043N+021D082+009+006G010X01
B1130034406634N00306102EA0106501199
LXVVT+273H319I068W130044N+016D087-001+012G010X03
B1130044406636N00306105EA0106401199
LXVVT+273H320I069W130044N+012D098-012+010G009X02
B1130054406636N00306109EA0106301198
LXVVT+272H320I091W130045N+016D097-010+003G012X01
B1130064406636N00306114EA0106301197
LXVVT+272H319I106W130045N+017D106-003-001G012X02
B1130074406635N00306119EA0106401198
LXVVT+272H319I110W130045N+021D119+008+004G012X02
B1130084406633N00306123EA0106601200
LXVVT+271H319I091W129044N+016D122+008+010G010X03
B1130094406632N00306126EA0106701202
LXVVT+271H320I082W128042N+013D137+005+010G009X03
B1130104406630N00306128EA0106801204
LXVVT+271H321I090W130044N+022D137-001-002G011X04
B1130114406628N00306129EA0107001205
LXVVT+272H322I087W132045N+032D151-004-004G010X02
B1130124406625N00306130EA0107101207
LXVVT+272H323I089W131045N+030D148-005+003G009X02
B1130134406622N00306132EA0107201208
LXVVT+272H323I095W129043N+018D148-002+007G012X00
B1130144406617N00306132EA0107301209
LXVVT+269H325I108W127043N+026D154+000-002G010X00
B1130154406613N00306133EA0107501211
LXVVT+271H326I102W125042N+023D162+002-007G010X03
B1130164406608N00306133EA0107701212
LXVVT+271H326I090W120040N+023D154+003-004G010X02
B1130174406603N00306133EA0107701212
LXVVT+271H325I099W118038N+018D167-002+001G011X04
B1130184406598N00306133EA0107701213
LXVVT+271H325I097W112038N+023D179-002+010G011X03
B1130194406592N00306131EA0107801214
LXVVT+269H326I112W107038N+018D175+004+004G012X04
B1130204406587N00306128EA0108101217
LXVVT+270H326I099W109038N+015D194+010+008G010X05
B1130214406583N00306124EA0108301218
LXVVT+270H326I081W107039N+019D195+007+004G009X02
B1130224406580N00306120EA0108401219
LXVVT+270H325I067W103041N+010D192+002+005G009X03
B1130234406576N00306114EA0108301218
LXVVT+270H326I079W102042N+010D204-008+003G009X04
B1130244406573N00306108EA0108101217
LXVVT+271H325I085W102042N+007D221-005+006G009X02
B1130254406569N00306100EA0107901214
LXVVT+269H325I096W102041N-010D213+007+008G011X01
B1130264406568N00306092EA0107701213
LXVVT+269H326I103W104032N-013D232+006+005G010X01
B1130274406567N00306083EA0107601211
LXVVT+270H325I106W100022N+004D254-001+000G010X04
B1130284406567N00306074EA0107401210
LXVVT+270H325I096W098019N+004D260+003+000G015X00
B1130294406567N00306064EA0107601211
LXVVT+268H327I091W101023N+024D260+002+001G010X00
B1130304406568N00306054EA0107701213
LXVVT+269H326I096W105028N+031D277+007+003G011X02
B1130314406570N00306043EA0107901216
LXVVT+267H328I111W107030N+034D277+005+000G012X04
B1130324406572N00306032EA0108201219
LXVVT+267H328I106W109032N+045D292-001-002G009X01
B1130334406574N00306021EA0108601223
LXVVT+267H328I101W111035N+049D292+004-003G012X03
B1130344406577N00306011EA0109101228
LXVVT+266H328I100W112036N+045D292+003-003G009X03
B1130354406580N00306002EA0109601233
LXVVT+266H327I094W113037N+047D299+003+000G010X01
B1130364406584N00305993EA0110001237
LXVVT+266H327I093W113037N+048D314+003+004G010X01
B1130374406588N00305986EA0110401241
LXVVT+266H326I083W116038N+044D331-003+017G009X03
B1130384406594N00305981EA0110501243
LXVVT+266H326I093W119038N+034D353-009+021G010X02
B1130394406601N00305978EA0110601243
LXVVT+266H326I107W120038N+032D019-007+023G013X01
B1130404406608N00305981EA0110801245
LXVVT+265H327I117W121038N+036D046-003+029G013X01
B1130414406613N00305986EA0111001247
LXVVT+264H328I123W120038N+029D073+001+034G013X01
B1130424406613N00305993EA0111201250
LXVVT+263H328I122W120039N+023D107+004+033G013X02
B1130434406611N00305998EA0111401253
LXVVT+262H330I115W120039N+026D136+003+030G012X00
B1130444406606N00305999EA0111701257
LXVVT+261H331I109W120039N+030D165+003+024G012X01
B1130454406601N00305995EA0112101261
LXVVT+260H332I108W122040N+040D195+001+019G011X04
B1130464406598N00305989EA0112501265
LXVVT+262H332I112W127039N+050D226+002+020G012X02
B1130474406597N00305980EA0112901269
LXVVT+262H332I100W129038N+044D251+002+023G010X03
B1130484406598N00305969EA0113201272
LXVVT+262H332I096W128040N+038D287-003+026G010X02
B1130494406603N00305960EA0113401273
LXVVT+263H332I107W128041N+037D312-002+026G012X02
B1130504406610N00305953EA0113601276
LXVVT+261H332I114W128041N+034D338-001+028G012X00
B1130514406618N00305950EA0113801278
LXVVT+261H332I116W129041N+033D009+000+028G012X01
B1130524406625N00305952EA0114001281
LXVVT+257H335I120W126042N+033D032+003+024G012X02
B1130534406630N00305956EA0114401285
LXVVT+258H336I113W124042N+035D066+005+025G011X01
B1130544406632N00305961EA0114701288
LXVVT+258H336I100W124042N+030D088+003+025G010X03
B1130554406631N00305966EA0114901290
LXVVT+257H337I095W124040N+028D119-002+021G011X01
B1130564406628N00305969EA0115001291
LXVVT+257H337I101W124039N+029D148-004+019G011X01
B1130574406624N00305969EA0115101292
LXVVT+258H337I109W125040N+034D176-004+026G012X02
B1130584406619N00305965EA0115201293
LXVVT+257H337I110W123040N+027D201+000+032G014X02
B1130594406615N00305956EA0115401295
LXVVT+257H338I114W122040N+030D230+006+026G013X00
B1131004406615N00305945EA0115701299
LXVVT+256H339I112W121041N+040D256+007+020G012X01
B1131014406617N00305934EA0116001302
LXVVT+256H340I100W121042N+043D284+006+019G011X01
B1131024406620N00305924EA0116301305
LXVVT+256H340I093W121045N+037D303+002+018G010X02
B1131034406626N00305916EA0116601308
LXVVT+255H343I098W122046N+040D317-001+009G011X01
B1131044406632N00305909EA0116901311
LXVVT+256H342I092W124048N+041D339+000+003G010X01
B1131054406638N00305903EA0117201314
LXVVT+255H343I087W126049N+032D340+004+004G010X01
B1131064406645N00305899EA0117301316
LXVVT+256H342I080W127050N+022D006+001+014G009X01
B1131074406651N00305897EA0117401316
LXVVT+257H340I081W127050N+020D028-004+018G010X02
B1131084406657N00305898EA0117401316
LXVVT+256H340I097W124051N+020D044-007+019G011X01
B1131094406660N00305901EA0117401316
LXVVT+257H339I107W120055N+026D073-003+020G012X01
B1131104406662N00305905EA0117501318
LXVVT+254H341I109W120058N+026D085+003+019G013X01
B1131114406661N00305909EA0117701321
LXVVT+255H341I109W120059N+024D117+007+012G012X04
B1131124406659N00305911EA0118101325
LXVVT+255H341I098W120059N+028D127+009+005G010X03
B1131134406658N00305911EA0118301328
LXVVT+254H343I083W120059N+029D134+004-003G009X02
B1131144406656N00305911EA0118601331
LXVVT+255H343I071W120059N+028D142+000-004G010X06
B1131154406655N00305911EA0118701333
LXVVT+255H343I068W119058N+027D131-007-004G009X01
B1131164406653N00305912EA0118801333
LXVVT+256H342I083W119057N+026D141-006-004G010X02
B1131174406651N00305913EA0118901334
LXVVT+257H341I085W118056N+024D136-002+001G011X01
B1131184406648N00305914EA0119101336
LXVVT+256H342I092W117055N+029D144+002+003G011X02
B1131194406644N00305914EA0119401339
LXVVT+256H343I095W115054N+033D151+002+002G010X01
B1131204406641N00305914EA0119601342
LXVVT+255H342I098W116054N+036D163+001+001G010X01
B1131214406637N00305912EA0119901344
LXVVT+256H342I091W116054N+034D181-001+008G010X04
B1131224406633N00305907EA0120001345
LXVVT+256H342I090W115055N+029D204-005+018G011X02
B1131234406630N00305900EA0120001346
LXVVT+257H341I106W117052N+024D228-005+025G011X02
B1131244406628N00305889EA0120101347
LXVVT+255H342I115W119049N+022D240-002+024G012X01
B1131254406630N00305877EA0120301349
LXVVT+255H341I125W120045N+032D277+005+018G013X05
B1131264406633N00305867EA0120601353
LXVVT+253H342I111W120045N+032D286+009+011G011X03
B1131274406638N00305858EA0121001357
LXVVT+254H343I099W119044N+033D319+010+010G010X02
B1131284406643N00305852EA0121301360
LXVVT+254H343I085W119044N+029D332+001+010G009X02
B1131294406648N00305847EA0121501362
LXVVT+254H343I080W122045N+027D355-005+006G010X04
B1131304406654N00305843EA0121501362
LXVVT+255H341I097W120045N+011D012-007+007G010X00
B1131314406660N00305842EA0121501362
LXVVT+255H341I096W119045N+015D020-006+016G011X04
B1131324406666N00305844EA0121501362
LXVVT+254H342I116W116047N+018D046-002+017G012X07
B1131334406670N00305848EA0121701364
LXVVT+253H343I110W114049N+020D067+005+020G012X02
B1131344406671N00305852EA0121801366
LXVVT+253H343I100W114047N+018D093+007+022G011X02
B1131354406670N00305855EA0122001368
LXVVT+251H345I101W115048N+016D110+007+017G011X03
B1131364406668N00305857EA0122201370
LXVVT+250H347I095W115049N+023D130+002+007G010X01
B1131374406665N00305857EA0122401372
LXVVT+250H349I087W115049N+033D145+000-004G010X03
B1131384406662N00305857EA0122601374
LXVVT+250H349I085W114048N+031D144+001-004G010X01
B1131394406659N00305857EA0122801376
LXVVT+251H349I082W113048N+026D142-004-005G010X02
B1131404406656N00305856EA0122901377
LXVVT+252H349I086W112047N+022D177-004+002G009X02
B1131414406651N00305855EA0122801377
LXVVT+252H348I087W109047N+017D179-004+010G010X01
B1131424406646N00305852EA0122801377
LXVVT+252H347I097W105048N+009D189+000+014G011X05
B1131434406641N00305846EA0122901378
LXVVT+251H347I100W102049N+015D200+004+010G011X04
B1131444406636N00305838EA0123001379
LXVVT+252H347I101W100051N+023D205+005-002G011X03
B1131454406633N00305830EA0123301382
LXVVT+252H347I095W100051N+028D217+007-002G010X03
B1131464406629N00305822EA0123501384
LXVVT+252H347I086W100052N+026D208+001-007G009X01
B1131474406626N00305814EA0123701385
LXVVT+252H347I078W099053N+022D228+002-005G010X02
B1131484406623N00305806EA0123701386
LXVVT+251H347I081W098053N+026D225-003+003G010X01
B1131494406621N00305797EA0123801387
LXVVT+252H347I087W098054N+026D233-001+005G011X04
B1131504406619N00305787EA0124001389
LXVVT+252H345I103W099051N+031D242+005-003G013X02
B1131514406618N00305777EA0124301392
LXVVT+250H345I097W098046N+032D240+005-005G010X04
B1131524406617N00305769EA0124601395
LXVVT+251H346I089W097041N+028D252+004-006G009X01
B1131534406617N00305761EA0124801396
LXVVT+251H345I067W096039N+021D269+006+000G009X04
B1131544406617N00305754EA0124801397
LXVVT+252H345I058W096039N+017D271-003+008G009X04
B1131554406619N00305746EA0124701396
LXVVT+250H347I081W094038N+013D285-012+010G009X05
B1131564406621N00305736EA0124601395
LXVVT+251H347I083W100040N+009D313-006+005G012X08
B1131574406625N00305726EA0124501394
LXVVT+251H347I090W104043N+007D320-001+005G011X07
B1131584406630N00305717EA0124501395
LXVVT+251H347I097W110045N+015D316+001+006G011X04
B1131594406636N00305708EA0124701397
LXVVT+251H347I097W115047N+021D335+004+004G012X03
B1132004406642N00305701EA0124901400
LXVVT+252H348I084W123050N+021D338+007+006G010X01
B1132014406649N00305695EA0125201402
LXVVT+251H349I085W129052N+022D334+005+002G010X02
B1132024406655N00305691EA0125401404
LXVVT+251H349I088W129052N+027D352+004-004G010X01
B1132034406662N00305687EA0125601406
LXVVT+252H349I077W128052N+029D003-001-004G009X03
B1132044406668N00305685EA0125701407
LXVVT+252H348I082W128052N+024D012-004+005G010X01
B1132054406674N00305684EA0125701407
LXVVT+251H349I092W126053N+017D027-006+013G010X03
B1132064406679N00305686EA0125601406
LXVVT+252H348I104W123055N+019D058-002+018G013X02
B1132074406683N00305690EA0125701407
LXVVT+250H349I109W122057N+021D068+003+021G013X00
B1132084406684N00305695EA0125801408
LXVVT+250H348I115W122058N+027D100+007+018G012X02
B1132094406683N00305698EA0126001411
LXVVT+249H348I108W122059N+029D119+008+014G011X02
B1132104406680N00305700EA0126201413
LXVVT+249H349I096W121058N+026D135+005+006G010X01
B1132114406677N00305700EA0126401415
LXVVT+249H349I086W120056N+026D151+001+001G010X01
B1132124406674N00305699EA0126601417
LXVVT+248H350I081W117055N+026D157-002+000G010X03
B1132134406671N00305698EA0126701418
LXVVT+248H351I090W117055N+026D166-001+005G010X02
B1132144406667N00305694EA0126901420
LXVVT+248H351I096W117054N+026D186-003+011G010X03
B1132154406662N00305689EA0126901420
LXVVT+248H351I103W118054N+026D209-005+015G009X03
B1132164406659N00305681EA0126901420
LXVVT+248H352I099W117055N+016D225+001+019G012X02
B1132174406657N00305671EA0126901420
LXVVT+247H352I097W116056N+005D246+000+019G011X01
B1132184406657N00305659EA0126901419
LXVVT+249H350I104W116056N+009D275-002+021G012X02
B1132194406660N00305647EA0126801419
LXVVT+248H351I109W116056N+012D294-003+024G012X01
B1132204406666N00305637EA0126801418
LXVVT+249H350I116W116056N+012D327-001+028G013X01
B1132214406674N00305631EA0126801419
LXVVT+249H349I115W118056N+008D351+002+029G013X01
B1132224406683N00305629EA0126901419
LXVVT+248H349I115W121056N+010D017+005+026G013X01
B1132234406691N00305629EA0127101420
LXVVT+247H351I118W122055N+020D041+007+017G012X03
B1132244406695N00305632EA0127501424
LXVVT+247H351I106W121057N+029D058+009+010G011X02
B1132254406697N00305636EA0127801427
LXVVT+248H351I085W121058N+027D078+008+005G010X03
B1132264406698N00305638EA0128001430
LXVVT+248H352I074W121058N+023D090+001+000G009X03
B1132274406699N00305640EA0128101431
LXVVT+248H351I081W121059N+026D111-006+001G010X02
B1132284406698N00305642EA0128101432
LXVVT+250H350I089W121061N+024D127-006+007G011X02
B1132294406697N00305644EA0128101433
LXVVT+250H350I092W121062N+016D135-004+016G010X02
B1132304406693N00305644EA0128101432
LXVVT+249H350I100W119060N+010D168-005+021G011X01
B1132314406687N00305640EA0128001431
LXVVT+251H348I106W118060N+007D194-004+023G012X01
B1132324406683N00305632EA0128001431
LXVVT+250H349I110W116060N+006D215-001+024G011X04
B1132334406681N00305621EA0127901431
LXVVT+249H349I112W116061N+005D243+002+027G012X03
B1132344406681N00305608EA0127901431
LXVVT+248H349I116W116059N-001D272+004+025G012X02
B1132354406685N00305596EA0127901431
LXVVT+248H349I122W116056N+010D294+000+024G012X02
B1132364406691N00305587EA0128001431
LXVVT+246H351I125W114053N+017D319+004+020G013X02
B1132374406699N00305581EA0128201433
LXVVT+247H350I114W115054N+017D355+006+023G012X01
B1132384406707N00305580EA0128301434
LXVVT+245H350I106W118054N+011D013+007+020G010X01
B1132394406713N00305581EA0128401435
LXVVT+246H350I100W121053N+013D043+003+012G011X01
B1132404406719N00305584EA0128401436
LXVVT+246H350I101W123052N+020D052-001+004G011X02
B1132414406724N00305587EA0128601437
LXVVT+246H350I092W125051N+021D065+002+002G011X01
B1132424406728N00305591EA0128801439
LXVVT+246H351I081W127049N+024D062+005+000G010X03
B1132434406730N00305594EA0129001442
LXVVT+246H351I088W126050N+027D079+006+000G011X03
B1132444406732N00305597EA0129201444
LXVVT+247H351I079W126052N+024D100+002+011G009X03
B1132454406732N00305599EA0129201445
LXVVT+246H351I078W126053N+014D111-005+017G009X03
B1132464406730N00305600EA0129101443
LXVVT+247H351I097W126054N+011D153-006+013G011X02
B1132474406725N00305600EA0129101443
LXVVT+248H350I112W128055N+025D167-004+013G012X02
B1132484406720N00305598EA0129101443
LXVVT+247H351I115W126055N+022D186+004+018G012X03
B1132494406716N00305591EA0129201444
LXVVT+247H351I109W125055N+008D213+005+023G010X03
B1132504406713N00305582EA0129301445
LXVVT+248H351I108W124055N+009D240+004+024G012X02
B1132514406713N00305571EA0129301446
LXVVT+246H352I107W124056N+010D260+001+026G011X04
B1132524406715N00305560EA0129401447
LXVVT+247H351I119W124049N+018D299+002+026G013X03
B1132534406721N00305551EA0129501448
LXVVT+247H350I103W122046N+016D320-002+024G010X04
B1132544406727N00305546EA0129501448
LXVVT+246H349I101W123047N+007D343-001+018G011X01
B1132554406735N00305543EA0129501448
LXVVT+247H349I103W125047N+009D012+000+013G012X01
B1132564406742N00305544EA0129601448
LXVVT+247H348I105W126047N+016D028+000+011G011X02
B1132574406748N00305546EA0129601449
LXVVT+246H348I109W126047N+018D044+001+010G011X03
B1132584406753N00305549EA0129701450
LXVVT+246H349I108W125048N+021D063+002+009G011X01
B1132594406757N00305554EA0129901452
LXVVT+246H350I104W124049N+024D071+005+009G012X03
B1133004406759N00305558EA0130101454
LXVVT+246H351I098W123051N+019D095+008+009G010X02
B1133014406759N00305560EA0130301456
LXVVT+246H351I086W123055N+019D105+004+010G009X01
B1133024406758N00305561EA0130301456
LXVVT+246H351I080W124055N+013D132-001+006G010X03
B1133034406756N00305561EA0130201455
LXVVT+247H351I087W125056N+011D154-004+003G010X02
B1133044406753N00305560EA0130101454
LXVVT+246H351I093W125056N+012D161-005+006G010X02
B1133054406749N00305557EA0130001453
LXVVT+247H351I100W124056N+003D195-005+009G011X02
B1133064406744N00305551EA0129801452
LXVVT+248H350I108W123056N+005D214-002+016G012X02
B1133074406741N00305542EA0129801451
LXVVT+247H350I117W123056N+003D237+002+026G013X01
B1133084406741N00305531EA0129701451
LXVVT+248H348I120W124054N+001D264+000+032G012X01
B1133094406744N00305519EA0129701451
LXVVT+247H349I118W124052N+001D294+001+029G013X01
B1133104406751N00305510EA0129701451
LXVVT+247H350I116W125053N+006D324+001+023G012X00
B1133114406759N00305505EA0129801452
LXVVT+246H350I115W124053N+014D355+004+017G012X02
B1133124406766N00305503EA0130001454
LXVVT+246H350I106W125053N+018D021+002+016G010X00
B1133134406772N00305504EA0130101455
LXVVT+246H350I096W127052N+014D036+002+013G010X02
B1133144406777N00305507EA0130201456
LXVVT+246H351I095W129051N+013D056+001+006G011X01
B1133154406782N00305511EA0130301456
LXVVT+246H350I100W128052N+022D068+000-003G010X01
B1133164406785N00305515EA0130401457
LXVVT+246H351I094W128052N+019D072+004-006G011X01
B1133174406788N00305518EA0130501459
LXVVT+245H351I097W127054N+014D070+002-009G009X01
B1133184406791N00305520EA0130401458
LXVVT+246H351I080W126054N+008D084+001-002G009X03
B1133194406794N00305522EA0130301457
LXVVT+246H350I078W127053N-005D068-002-004G009X01
B1133204406796N00305525EA0130001455
LXVVT+247H349I084W127054N-010D075-005-005G009X01
B1133214406799N00305529EA0129701451
LXVVT+246H349I088W127053N-016D071-009-009G009X02
B1133224406802N00305533EA0129201447
LXVVT+247H349I098W128052N-021D082-004-012G011X01
B1133234406806N00305538EA0128801443
LXVVT+247H349I101W132051N-023D068+004-012G012X04
B1133244406811N00305544EA0128701442
LXVVT+247H349I108W134052N-015D065+007-013G012X02
B1133254406816N00305548EA0128601441
LXVVT+248H349I099W137052N-006D062+008-006G011X02
B1133264406821N00305551EA0128601441
LXVVT+247H348I092W138053N-003D056+005-002G009X01
B1133274406825N00305554EA0128501439
LXVVT+247H348I087W139053N-006D057+001-001G009X02
B1133284406830N00305557EA0128301436
LXVVT+248H348I087W139053N-006D058-005-006G009X01
B1133294406834N00305561EA0128001433
LXVVT+248H348I093W138053N-008D062-006-008G010X01
B1133304406839N00305564EA0127601429
LXVVT+248H348I097W139053N-012D055-002-010G012X01
B1133314406845N00305568EA0127401427
LXVVT+248H347I103W141054N-009D048+003-010G012X01
B1133324406852N00305570EA0127301426
LXVVT+248H347I103W140054N-005D047+007-005G011X03
B1133334406858N00305573EA0127301425
LXVVT+248H347I094W141054N-006D036+005-002G009X01
B1133344406863N00305575EA0127101424
LXVVT+248H347I084W141054N-012D043+002-003G009X03
B1133354406869N00305576EA0126901420
LXVVT+249H347I081W142054N-016D045-004-003G009X02
B1133364406874N00305578EA0126401416
LXVVT+249H347I088W142054N-019D047-007-003G010X02
B1133374406881N00305581EA0126001412
LXVVT+251H346I097W142055N-018D046-004-003G012X03
B1133384406887N00305584EA0125801410
LXVVT+249H346I113W142054N-009D037+003-006G012X04
B1133394406894N00305587EA0125801409
LXVVT+250H345I103W142053N-006D033+008-012G011X03
B1133404406901N00305587EA0125801409
LXVVT+250H345I091W142054N-010D023+004-013G008X04
B1133414406907N00305587EA0125601406
LXVVT+251H345I086W142054N-016D024+002-004G009X01
B1133424406914N00305586EA0125201403
LXVVT+252H343I081W142055N-019D025-007+006G009X01
B1133434406921N00305587EA0124801399
LXVVT+251H344I093W144056N-017D029-011+005G010X02
B1133444406929N00305589EA0124401394
LXVVT+251H343I114W144057N-009D026-011-002G012X01
B1133454406939N00305591EA0124201392
LXVVT+250H343I129W146060N+000D026-003-009G013X01
B1133464406949N00305592EA0124201393
LXVVT+250H342I130W147062N+001D017+014-010G014X05
B1133474406959N00305591EA0124601397
LXVVT+249H343I115W147066N+014D359+015-015G011X02
B1133484406967N00305588EA0125001401
LXVVT+250H344I101W148064N+025D356+011-009G009X02
B1133494406973N00305584EA0125401404
LXVVT+250H343I078W149060N+025D359+005+004G008X09
B1133504406979N00305581EA0125501405
LXVVT+251H343I066W151057N+016D001-006+009G008X02
B1133514406985N00305579EA0125301403
LXVVT+252H342I071W150055N+007D006-013+005G009X03
B1133524406991N00305578EA0125101400
LXVVT+252H341I087W147054N+003D008-013+002G011X01
B1133534406999N00305579EA0124901398
LXVVT+253H341I094W147054N+000D020-004-001G012X01
B1133544407007N00305580EA0124801398
LXVVT+253H340I092W152055N+002D012+007-003G012X04
B1133554407014N00305581EA0125001400
LXVVT+253H339I084W156056N+009D010+012-008G011X04
B1133564407021N00305580EA0125201402
LXVVT+252H338I078W156056N+015D000+004-019G009X01
B1133574407027N00305577EA0125301403
LXVVT+254H338I070W157054N+014D002-004-013G009X04
B1133584407033N00305574EA0125201402
LXVVT+254H338I064W157054N+007D358-009+004G009X05
B1133594407040N00305571EA0125101401
LXVVT+255H337I072W155057N-001D003-008+012G010X02
B1134004407047N00305570EA0124901399
LXVVT+255H337I084W156058N-004D003-004+012G012X02
B1134014407055N00305571EA0124801398
LXVVT+256H336I090W157059N+005D025-002+008G011X01
B1134024407062N00305573EA0124901399
LXVVT+256H335I087W159059N+018D039+007+011G012X01
B1134034407068N00305576EA0125101401
LXVVT+254H334I087W160059N+016D037+007+008G010X05
B1134044407073N00305580EA0125301403
LXVVT+255H335I091W156061N+023D061+003-001G010X03
B1134054407077N00305583EA0125501406
LXVVT+255H335I075W155062N+029D072+001+000G010X04
B1134064407081N00305586EA0125701408
LXVVT+255H335I071W155061N+024D076+002+002G010X01
B1134074407084N00305589EA0125901409
LXVVT+256H335I078W154063N+022D086-002+002G009X01
B1134084407086N00305593EA0125901410
LXVVT+256H334I082W154064N+025D109-006+003G010X02
B1134094407088N00305597EA0126001411
LXVVT+256H334I090W154065N+025D115-004+014G011X01
B1134104407087N00305600EA0126101412
LXVVT+256H334I099W153064N+019D145-002+025G012X02
B1134114407084N00305600EA0126001411
LXVVT+256H334I106W151062N+006D175+001+035G012X03
B1134124407081N00305595EA0125901411
LXVVT+254H336I108W147061N-009D195+005+032G011X02
B1134134407078N00305586EA0125801410
LXVVT+254H335I098W139062N-005D226+005+023G013X02
B1134144407077N00305575EA0125901411
LXVVT+254H335I101W135065N+012D256+007+010G013X03
B1134154407078N00305563EA0126201414
LXVVT+253H336I106W135065N+032D257+004+005G010X01
B1134164407080N00305553EA0126501417
LXVVT+254H336I105W136062N+035D275+007+009G011X01
B1134174407083N00305544EA0126801420
LXVVT+254H335I085W137061N+021D279+008+017G008X05
B1134184407087N00305535EA0126901421
LXVVT+255H335I088W136057N+011D303-003+017G009X01
B1134194407093N00305528EA0126801419
LXVVT+255H335I087W136057N+014D329-013+008G010X07
B1134204407100N00305521EA0126701418
LXVVT+256H334I112W135056N+021D342-009+010G011X04
B1134214407109N00305518EA0126601416
LXVVT+256H333I109W136056N+006D002+003+029G013X02
B1134224407117N00305518EA0126501416
LXVVT+254H334I108W141056N-013D024+008+030G013X02
B1134234407124N00305522EA0126601417
LXVVT+253H335I117W140056N+000D049+008+014G014X06
B1134244407129N00305527EA0126901420
LXVVT+252H336I111W139058N+034D055+005-006G011X06
B1134254407134N00305529EA0127301424
LXVVT+253H336I088W138058N+034D065+010-009G009X01
B1134264407139N00305530EA0127601427
LXVVT+253H336I065W138058N+020D039+006-006G009X06
B1134274407144N00305531EA0127701429
LXVVT+254H336I063W138058N+017D062-006+003G010X02
B1134284407148N00305533EA0127601429
LXVVT+255H336I081W138059N+020D068-013+008G009X02
B1134294407151N00305536EA0127601428
LXVVT+254H336I096W137061N+020D085-007+010G012X01
B1134304407153N00305541EA0127601428
LXVVT+255H335I099W137061N+017D101+002+013G013X02
B1134314407152N00305545EA0127801430
LXVVT+254H336I096W136058N+018D122+006+009G012X03
B1134324407151N00305547EA0128101432
LXVVT+254H336I092W136058N+024D145+008+013G011X02
B1134334407149N00305546EA0128301434
LXVVT+254H335I080W135057N+022D158+004+014G009X03
B1134344407147N00305544EA0128301435
LXVVT+255H335I084W135057N+016D186+001+016G009X02
B1134354407145N00305538EA0128301436
LXVVT+254H335I092W138057N+016D197-001+011G010X01
B1134364407143N00305532EA0128301435
LXVVT+254H335I093W140056N+014D229-001+010G010X01
B1134374407143N00305522EA0128201434
LXVVT+255H335I097W140057N+009D260-006+018G010X02
B1134384407145N00305511EA0128101433
LXVVT+255H335I106W139058N+009D281-007+029G011X02
B1134394407150N00305500EA0127901431
LXVVT+256H333I114W139061N+000D309+000+041G014X01
B1134404407159N00305492EA0127701429
LXVVT+254H333I117W140065N-020D336+002+040G014X01
B1134414407169N00305490EA0127601428
LXVVT+255H332I125W141066N-005D023-002+037G014X02
B1134424407177N00305493EA0127601429
LXVVT+253H334I121W143066N-001D037+003+032G014X02
B1134434407182N00305498EA0127801430
LXVVT+252H335I118W143066N+019D074+007+022G012X00
B1134444407185N00305503EA0128101433
LXVVT+252H336I105W142067N+035D092+005+010G011X03
B1134454407186N00305507EA0128401435
LXVVT+252H336I100W142069N+038D118+006+003G010X01
B1134464407186N00305509EA0128601437
LXVVT+252H338I089W142071N+031D122+001-001G009X03
B1134474407186N00305510EA0128701438
LXVVT+252H338I084W142072N+025D138-005-001G010X04
B1134484407186N00305511EA0128801439
LXVVT+253H338I081W141072N+018D152-002+003G010X04
B1134494407184N00305510EA0128701439
LXVVT+253H338I084W141072N+012D150-001+005G010X02
B1134504407182N00305509EA0128601439
LXVVT+254H337I084W140070N+005D176+000+004G009X01
B1134514407180N00305506EA0128501437
LXVVT+255H336I084W139070N-003D168+003-002G011X02
B1134524407178N00305504EA0128401437
LXVVT+253H336I085W138069N+001D160-006-015G009X02
B1134534407176N00305503EA0128301435
LXVVT+255H334I094W138068N+003D163-003-019G010X01
B1134544407174N00305504EA0128101433
LXVVT+256H333I098W138067N-003D145-003-014G010X05
B1134554407171N00305506EA0127901431
LXVVT+255H332I102W138066N-007D148-003-001G010X01
B1134564407169N00305507EA0127601429
LXVVT+256H330I097W138062N-014D155+003+005G010X01
B1134574407166N00305508EA0127501428
LXVVT+256H330I102W138060N-012D148+005-003G010X01
B1134584407163N00305509EA0127301426
LXVVT+256H329I097W137059N-008D147+003-012G010X01
B1134594407161N00305510EA0127201424
LXVVT+257H329I089W138057N-004D145-001-012G009X02
B1135004407159N00305513EA0127001422
LXVVT+258H328I087W139053N-005D144-003-004G010X03
B1135014407156N00305515EA0126901421
LXVVT+257H328I096W140050N-001D140-004+006G011X01
B1135024407152N00305518EA0126701420
LXVVT+256H329I110W139047N+009D149-002+002G012X02
B1135034407148N00305521EA0126801420
LXVVT+257H329I112W138044N+012D150+006-006G012X01
B1135044407145N00305524EA0127001423
LXVVT+256H330I109W138044N+016D141+007-012G011X01
B1135054407144N00305528EA0127301426
LXVVT+257H330I099W139043N+022D144+011-005G011X05
B1135064407142N00305530EA0127701429
LXVVT+257H330I084W138044N+027D133+004+006G008X04
B1135074407141N00305531EA0127901431
LXVVT+257H329I079W139046N+028D159-001+022G009X03
B1135084407138N00305528EA0127901430
LXVVT+257H330I079W138046N+013D174-010+021G008X06
B1135094407135N00305523EA0127701428
LXVVT+258H330I106W143046N+010D214-008+012G013X02
B1135104407132N00305515EA0127601427
LXVVT+258H329I113W144046N+014D230+005+021G014X01
B1135114407132N00305505EA0127701428
LXVVT+258H329I113W143047N+004D254+010+036G012X03
B1135124407135N00305494EA0127701429
LXVVT+258H329I105W143052N-002D290+000+039G011X05
B1135134407142N00305484EA0127701429
LXVVT+257H330I112W143055N+010D323+000+029G013X03
B1135144407151N00305478EA0127801430
LXVVT+256H329I119W143055N+018D346+006+029G013X04
B1135154407159N00305478EA0127901431
LXVVT+255H330I110W142054N+014D018+002+031G010X03
B1135164407166N00305480EA0127901431
LXVVT+256H329I106W142054N+006D049-001+032G011X02
B1135174407171N00305485EA0127901430
LXVVT+256H330I104W143054N+007D070-001+025G011X02
B1135184407174N00305491EA0127901430
LXVVT+255H330I109W143054N+009D100-002+022G012X01
B1135194407174N00305497EA0127901430
LXVVT+255H331I118W142056N+019D118+002+019G013X03
B1135204407172N00305501EA0128101432
LXVVT+254H332I115W142060N+019D131+008+016G011X02
B1135214407170N00305502EA0128301435
LXVVT+255H332I100W143061N+013D155+008+020G009X02
B1135224407167N00305500EA0128301435
LXVVT+254H333I082W141060N+000D171+001+018G009X04
B1135234407165N00305497EA0128101433
LXVVT+254H333I086W139058N-001D179-006+002G009X02
B1135244407161N00305495EA0127901431
LXVVT+254H333I092W138058N+001D171-007-016G009X01
B1135254407158N00305495EA0127701428
LXVVT+255H333I093W138056N-008D153-007-020G010X06
B1135264407155N00305497EA0127301425
LXVVT+254H334I105W138055N-017D140-006-019G012X02
B1135274407153N00305502EA0127001422
LXVVT+255H333I109W140053N-017D139+007-008G013X03
B1135284407151N00305508EA0126901421
LXVVT+256H333I116W141052N-007D125+010-002G012X06
B1135294407150N00305512EA0127001422
LXVVT+255H333I103W141052N+003D124+007+001G009X01
B1135304407149N00305516EA0127101423
LXVVT+256H332I090W141051N+008D127+004+000G009X02
B1135314407148N00305519EA0127101423
LXVVT+256H331I085W142050N+003D132+000-002G009X01
B1135324407147N00305524EA0127001421
LXVVT+257H330I093W142050N+006D127-006-004G010X05
B1135334407145N00305528EA0126701419
LXVVT+258H330I105W142049N+004D127-006-001G011X02
B1135344407143N00305534EA0126601417
LXVVT+259H329I105W143047N-001D124-001+006G011X02
B1135354407140N00305539EA0126501417
LXVVT+259H328I105W143044N-004D129+004+005G011X02
B1135364407137N00305543EA0126601416
LXVVT+259H328I101W143041N-001D129+006-004G011X01
B1135374407135N00305548EA0126601417
LXVVT+259H327I094W143039N+010D132+000-004G010X01
B1135384407132N00305553EA0126601417
LXVVT+259H327I096W143036N+017D134-001+000G010X02
B1135394407129N00305558EA0126701418
LXVVT+259H327I093W145033N+016D131+000+001G010X03
B1135404407127N00305563EA0126801420
LXVVT+260H326I097W147030N+013D140+005+000G011X04
B1135414407124N00305568EA0127001422
LXVVT+259H326I095W147030N+017D136+005-001G010X02
B1135424407122N00305572EA0127101423
LXVVT+259H326I088W147031N+020D140-001+003G009X02
B1135434407120N00305575EA0127201424
LXVVT+260H325I081W148031N+015D152+005+013G012X02
B1135444407118N00305576EA0127501426
LXVVT+259H325I080W151032N+016D138+006+007G011X02
B1135454407115N00305576EA0127601427
LXVVT+259H326I081W161036N+023D161+000-001G009X00
B1135464407113N00305575EA0127701428
LXVVT+260H326I081W168040N+019D160-004-012G007X02
B1135474407111N00305575EA0127501426
LXVVT+260H325I072W170041N-004D161-001-007G011X04
B1135484407110N00305575EA0127201423
LXVVT+259H325I077W170042N-011D158-010-002G009X01
B1135494407107N00305576EA0126901420
LXVVT+260H324I093W171045N-009D174-006+003G011X00
B1135504407104N00305578EA0126601417
LXVVT+258H324I101W171045N-011D166-005+004G011X02
B1135514407099N00305579EA0126301414
LXVVT+260H324I106W171044N-018D175-001+002G011X01
B1135524407095N00305581EA0126101412
LXVVT+260H324I110W170041N-012D168+003-003G012X02
B1135534407090N00305582EA0126101412
LXVVT+259H324I107W171039N-002D165+006-005G011X02
B1135544407087N00305584EA0126201412
LXVVT+258H326I103W170040N+003D162+009-009G010X03
B1135554407085N00305585EA0126201413
LXVVT+259H326I086W170042N-001D167+005+000G008X02
B1135564407083N00305586EA0126101412
LXVVT+260H326I078W170043N-003D170-003+008G008X04
B1135574407080N00305586EA0125801408
LXVVT+260H325I083W169042N-009D172-011+010G009X03
B1135584407075N00305586EA0125401405
LXVVT+259H326I099W168040N-008D174-011+001G011X01
B1135594407071N00305587EA0125201402
LXVVT+259H326I110W166039N-005D171-002-007G013X02
B1136004407066N00305589EA0125101401
LXVVT+259H326I108W165036N-006D174+007-006G012X01
B1136014407062N00305590EA0125201402
LXVVT+260H326I104W166037N-002D181+010+004G010X03
B1136024407058N00305590EA0125301403
LXVVT+260H326I088W167036N+000D189+006+013G009X02
B1136034407055N00305589EA0125201402
LXVVT+259H326I085W163035N-001D188-002+008G008X03
B1136044407051N00305588EA0125001400
LXVVT+260H326I092W161034N+000D190-007-005G010X03
B1136054407047N00305587EA0124701397
LXVVT+261H325I102W163034N-002D188-006-011G011X02
B1136064407042N00305588EA0124501395
LXVVT+261H325I113W162037N-002D179+000-010G012X04
B1136074407038N00305588EA0124501394
LXVVT+261H325I104W162037N-007D182+006+003G011X01
B1136084407034N00305588EA0124501395
LXVVT+261H324I096W163035N-005D176+007+010G010X01
B1136094407030N00305587EA0124501394
LXVVT+262H324I092W161034N-002D191+003+008G009X03
B1136104407026N00305584EA0124401394
LXVVT+262H324I086W154033N+000D188+000+001G009X01
B1136114407022N00305582EA0124301392
LXVVT+262H323I091W150032N-001D179-007-010G009X01
B1136124407018N00305581EA0124001389
LXVVT+263H323I095W150032N-006D181-004-011G011X02
B1136134407013N00305582EA0123801387
LXVVT+263H322I103W150032N-005D165-002-010G012X01
B1136144407009N00305584EA0123701386
LXVVT+263H322I111W147035N-004D171+003+001G010X03
B1136154407005N00305585EA0123601385
LXVVT+263H321I102W146035N-005D165+006+008G010X03
B1136164407001N00305585EA0123501384
LXVVT+263H321I095W146034N-015D163+005+008G009X02
B1136174406997N00305585EA0123401382
LXVVT+262H321I095W146034N-011D165-002-006G009X01
B1136184406993N00305586EA0123101380
LXVVT+263H321I097W145035N-006D162-003-016G010X02
B1136194406990N00305589EA0122801377
LXVVT+263H320I104W141039N-006D144-004-015G011X02
B1136204406988N00305592EA0122701375
LXVVT+264H320I104W137041N-007D142+001+000G014X02
B1136214406985N00305596EA0122601374
LXVVT+264H319I100W138041N-010D147+004+013G009X04
B1136224406982N00305597EA0122501372
LXVVT+264H319I093W138042N-014D151+005+016G008X00
B1136234406978N00305596EA0122201370
LXVVT+263H319I085W137041N-015D167-004+006G011X00
B1136244406974N00305596EA0121901367
LXVVT+263H320I088W136041N-016D182-007-007G010X01
B1136254406971N00305595EA0121701365
LXVVT+264H319I094W135040N-013D170-005-006G011X01
B1136264406966N00305595EA0121601363
LXVVT+264H319I096W133039N-013D169+000-001G011X01
B1136274406962N00305595EA0121401362
LXVVT+265H319I099W131038N-010D172+003+002G010X02
B1136284406957N00305595EA0121301361
LXVVT+265H318I098W130037N-005D172+003+001G009X02
B1136294406953N00305594EA0121201360
LXVVT+266H317I091W127036N-006D172+003+000G010X01
B1136304406948N00305593EA0121101358
LXVVT+266H317I082W123035N-011D170-002-002G008X01
B1136314406944N00305592EA0120801355
LXVVT+267H316I089W120034N-010D171-004-004G010X01
B1136324406939N00305591EA0120601353
LXVVT+267H315I096W119034N-008D165-005-004G010X01
B1136334406934N00305591EA0120301350
LXVVT+267H315I110W119034N-002D164-001-002G013X02
B1136344406928N00305592EA0120301350
LXVVT+267H315I108W120034N+018D165+006+002G011X00
B1136354406924N00305591EA0120401351
LXVVT+267H314I096W119034N+020D159+011-002G011X02
B1136364406920N00305591EA0120501352
LXVVT+267H315I081W118033N+011D158+004-008G009X04
B1136374406916N00305592EA0120501351
LXVVT+267H316I079W118032N+003D165-006-008G010X02
B1136384406912N00305594EA0120301350
LXVVT+267H316I091W120033N+009D171-010+003G009X02
B1136394406908N00305595EA0120201349
LXVVT+266H316I102W120033N+013D168-004+011G013X02
B1136404406902N00305595EA0120301350
LXVVT+267H316I110W120033N+019D178+003+005G013X02
B1136414406897N00305594EA0120801354
LXVVT+267H317I109W120033N+035D173+008-002G012X05
B1136424406893N00305593EA0121401361
LXVVT+267H318I105W124035N+047D182+013-001G011X05
B1136434406890N00305592EA0122101367
LXVVT+268H318I080W131036N+048D189+009+015G008X05
B1136444406888N00305588EA0122401371
LXVVT+268H318I064W136035N+035D211-006+025G008X06
B1136454406887N00305582EA0122501371
LXVVT+269H318I082W149030N+032D241-016+014G010X03
B1136464406887N00305573EA0122501372
LXVVT+269H318I107W157028N+043D258-010+010G013X02
B1136474406889N00305563EA0122801374
LXVVT+269H316I115W155029N+039D288+002+025G013X01
B1136484406894N00305554EA0123001376
LXVVT+269H316I106W155032N+015D313+004+045G011X03
B1136494406901N00305549EA0122901375
LXVVT+268H315I110W156034N-002D353-005+053G013X03
B1136504406909N00305551EA0122701374
LXVVT+268H316I125W153033N-001D027-009+043G015X00
B1136514406916N00305559EA0122601374
LXVVT+267H316I138W153033N-001D063-003+037G017X00
B1136524406917N00305568EA0123001378
LXVVT+267H317I137W153033N+029D097+006+035G014X00
B1136534406915N00305576EA0123501384
LXVVT+266H318I117W155032N+052D130+010+035G012X01
B1136544406911N00305579EA0124001388
LXVVT+266H319I106W155030N+045D165+005+037G011X02
B1136554406906N00305577EA0124401392
LXVVT+266H319I107W156030N+038D204-001+035G012X00
B1136564406903N00305570EA0124701395
LXVVT+266H318I101W154030N+040D231-004+033G012X02
B1136574406903N00305560EA0125001397
LXVVT+266H318I106W153031N+042D266-002+031G013X01
B1136584406907N00305550EA0125301400
LXVVT+266H319I106W151032N+047D300+002+033G012X01
B1136594406913N00305543EA0125601404
LXVVT+266H319I105W151034N+036D331+002+038G012X01
B1137004406920N00305540EA0125801406
LXVVT+265H319I105W151034N+027D001-002+040G011X03
B1137014406928N00305542EA0125901408
LXVVT+265H318I111W150034N+031D037-003+039G014X01
B1137024406933N00305549EA0126101410
LXVVT+263H319I118W147034N+032D057+001+030G013X06
B1137034406935N00305557EA0126501414
LXVVT+263H321I115W146034N+035D096+006+025G011X02
B1137044406934N00305564EA0126801417
LXVVT+264H320I091W149031N+027D117+011+028G013X03
B1137054406932N00305568EA0127201422
LXVVT+262H321I095W149031N+027D130+003+017G009X08
B1137064406929N00305571EA0127501425
LXVVT+263H322I091W150032N+043D162+005+004G011X03
B1137074406926N00305573EA0127901429
LXVVT+263H322I071W149031N+035D165+003+005G008X05
B1137084406923N00305573EA0128101431
LXVVT+264H322I065W149031N+024D171-004+014G009X04
B1137094406920N00305571EA0128101431
LXVVT+264H321I082W150031N+022D198-012+015G010X02
B1137104406917N00305567EA0128001429
LXVVT+264H320I105W156033N+034D216-012+019G012X01
B1137114406915N00305558EA0128001429
LXVVT+265H320I109W156033N+030D245-005+035G013X02
B1137124406916N00305546EA0128101429
LXVVT+264H320I121W152034N+025D275+003+040G016X00
B1137134406921N00305536EA0128201432
LXVVT+263H321I130W152034N+025D313+008+036G015X00
B1137144406930N00305531EA0128501437
LXVVT+262H321I117W152035N+029D346+007+037G013X01
B1137154406938N00305531EA0128901440
LXVVT+262H321I105W154036N+027D023+002+041G012X07
B1137164406944N00305536EA0129101443
LXVVT+260H323I111W152036N+034D047-001+035G011X04
B1137174406948N00305543EA0129301446
LXVVT+259H324I114W151036N+041D080+000+025G013X03
B1137184406948N00305551EA0129701449
LXVVT+260H324I106W151036N+041D113+006+023G012X01
B1137194406946N00305556EA0130101452
LXVVT+260H325I094W151035N+029D135+008+028G010X01
B1137204406943N00305558EA0130201454
LXVVT+259H326I083W150033N+015D164+000+031G009X04
B1137214406939N00305556EA0130201453
LXVVT+260H326I091W150033N+021D196-007+025G011X03
B1137224406935N00305551EA0130101452
LXVVT+260H326I099W148033N+027D225-008+027G012X00
B1137234406933N00305542EA0130101451
LXVVT+260H325I103W146033N+021D249-004+037G014X02
B1137244406935N00305531EA0130101452
LXVVT+260H325I112W146033N+011D281+002+040G014X03
B1137254406940N00305523EA0130301457
LXVVT+260H325I114W146032N+016D324+006+034G013X03
B1137264406947N00305519EA0130601460
LXVVT+260H326I092W147033N+021D342+003+033G010X04
B1137274406954N00305519EA0130801462
LXVVT+260H326I092W148034N+015D019+000+031G012X01
B1137284406959N00305524EA0131001464
LXVVT+259H325I095W151034N+025D050-001+027G012X04
B1137294406963N00305531EA0131201465
LXVVT+259H326I108W149035N+033D077+001+022G011X01
B1137304406964N00305538EA0131401468
LXVVT+257H326I099W150033N+032D105+003+019G010X01
B1137314406962N00305544EA0131601469
LXVVT+258H326I094W152032N+020D136+009+026G011X01
B1137324406959N00305548EA0131701470
LXVVT+258H327I084W151030N+008D151+004+026G009X05
B1137334406955N00305548EA0131601469
LXVVT+258H327I089W150029N+008D179-004+020G010X01
B1137344406950N00305546EA0131501468
LXVVT+258H327I095W149029N+014D200-003+019G010X02
B1137354406946N00305541EA0131301466
LXVVT+258H327I090W143028N+000D205+002+020G011X02
B1137364406942N00305534EA0131201465
LXVVT+258H327I085W135029N-010D213+007+009G011X01
B1137374406939N00305527EA0131101464
LXVVT+258H328I090W133029N-003D222+005-007G010X03
B1137384406936N00305520EA0131101463
LXVVT+258H327I086W133029N+003D220+003-006G010X01
B1137394406933N00305514EA0131001462
LXVVT+258H327I079W133029N+001D222+000+007G009X02
B1137404406931N00305506EA0130801460
LXVVT+258H326I075W130030N-009D233+001+017G010X01
B1137414406929N00305497EA0130601457
LXVVT+259H326I076W127032N-011D249-002+016G011X01
B1137424406929N00305487EA0130401455
LXVVT+258H326I092W126034N+002D258-004+003G012X04
B1137434406929N00305476EA0130401455
LXVVT+259H326I104W126033N+017D267+004+001G013X03
B1137444406929N00305466EA0130601457
LXVVT+259H326I096W127031N+020D266+007+006G011X00
B1137454406931N00305457EA0130701459
LXVVT+259H326I086W127030N+014D276+007+014G010X00
B1137464406934N00305448EA0130901461
LXVVT+259H325I086W126029N+013D294+003+015G009X02
B1137474406938N00305441EA0130901461
LXVVT+259H325I085W128030N+022D306-003+008G011X03
B1137484406944N00305433EA0131001462
LXVVT+259H326I091W130031N+029D322-004+002G011X00
B1137494406950N00305426EA0131201464
LXVVT+259H326I095W131032N+027D326+001+001G011X01
B1137504406957N00305420EA0131401467
LXVVT+259H326I084W133033N+022D340+007+009G011X00
B1137514406963N00305416EA0131601469
LXVVT+259H326I073W139035N+016D345+007+012G009X01
B1137524406970N00305414EA0131701471
LXVVT+259H326I074W140035N+014D355+003+004G010X02
B1137534406976N00305412EA0131801472
LXVVT+259H326I071W142035N+020D016-004+001G009X02
B1137544406983N00305412EA0131901472
LXVVT+258H326I082W141035N+024D031-006+004G010X01
B1137554406989N00305414EA0131901472
LXVVT+258H326I090W138035N+016D029-004+013G011X02
B1137564406995N00305417EA0132001472
LXVVT+258H326I100W134037N+013D058+000+019G011X01
B1137574406999N00305423EA0132001473
LXVVT+258H326I102W131039N+016D072+001+020G012X01
B1137584407001N00305430EA0132101474
LXVVT+258H326I097W131039N+013D095+004+022G010X02
B1137594407000N00305436EA0132201475
LXVVT+256H327I106W132041N+008D113+003+020G012X04
B1138004406997N00305440EA0132201476
LXVVT+257H328I104W133043N+014D150+002+015G011X01
B1138014406994N00305442EA0132401477
LXVVT+256H328I096W134044N+012D143+003+010G011X02
B1138024406990N00305442EA0132501479
LXVVT+256H329I095W135045N+006D174+005+011G010X02
B1138034406987N00305439EA0132601480
LXVVT+257H329I094W139046N+013D186+002+010G010X01
B1138044406984N00305436EA0132701481
LXVVT+256H330I086W141047N+015D196-001+007G010X02
B1138054406981N00305430EA0132801482
LXVVT+256H329I087W144047N+016D220-002+006G011X02
B1138064406980N00305423EA0132901483
LXVVT+257H329I095W149046N+023D239-001+013G011X01
B1138074406981N00305415EA0132901483
LXVVT+256H329I101W154043N+018D251-001+022G011X00
B1138084406984N00305405EA0133001484
LXVVT+257H328I105W157040N+018D289+000+021G012X01
B1138094406990N00305398EA0133101485
LXVVT+256H329I101W157040N+021D313+003+015G012X01
B1138104406997N00305392EA0133301487
LXVVT+256H329I097W158042N+022D333+005+012G011X00
B1138114407005N00305389EA0133501490
LXVVT+256H329I096W157042N+020D355+005+015G010X01
B1138124407012N00305389EA0133601491
LXVVT+256H329I092W154040N+015D016+000+020G008X03
B1138134407018N00305391EA0133601492
LXVVT+256H329I087W152040N+017D042-004+016G010X04
B1138144407023N00305396EA0133701492
LXVVT+254H330I094W151040N+019D051-002+006G011X02
B1138154407027N00305402EA0133801493
LXVVT+256H330I097W151040N+018D075+005+007G011X01
B1138164407030N00305407EA0133901494
LXVVT+254H330I088W151040N+013D083+004+010G009X01
B1138174407031N00305413EA0134001495
LXVVT+255H331I084W151040N+011D112+001+011G010X02
B1138184407030N00305418EA0134001495
LXVVT+255H331I090W151040N+012D124-003+009G011X01
B1138194407028N00305422EA0134001495
LXVVT+255H331I092W151040N+016D143-003+006G010X02
B1138204407025N00305424EA0134001495
LXVVT+255H331I101W152041N+015D158+000+011G011X03
B1138214407021N00305424EA0134001495
LXVVT+255H331I099W152041N+011D189+001+022G010X02
B1138224407017N00305420EA0133901494
LXVVT+255H331I089W149041N-006D195+004+025G011X04
B1138234407015N00305414EA0133801494
LXVVT+254H332I099W150041N-012D222+005+008G011X02
B1138244407013N00305406EA0133801494
LXVVT+253H332I101W151040N+008D223+001-013G011X02
B1138254407011N00305399EA0133901495
LXVVT+254H332I107W156040N+020D233+000-015G010X03
B1138264407009N00305392EA0134001496
LXVVT+254H331I089W155039N+017D229+006-003G011X02
B1138274407008N00305386EA0134301499
LXVVT+253H332I092W156039N+019D225+003+005G009X04
B1138284407007N00305379EA0134501500
LXVVT+254H332I100W160038N+027D257+002+010G011X02
B1138294407008N00305371EA0134601502
LXVVT+253H332I093W165036N+027D262-003+015G009X01
B1138304407011N00305363EA0134701503
LXVVT+254H331I098W166034N+025D295-003+014G012X02
B1138314407016N00305356EA0134901505
LXVVT+253H332I103W167032N+022D309+001+012G011X01
B1138324407022N00305351EA0135101507
LXVVT+253H332I099W167030N+024D333+002+014G011X01
B1138334407029N00305349EA0135201508
LXVVT+253H332I095W167030N+022D356+002+016G010X01
B1138344407036N00305349EA0135301510
LXVVT+252H333I098W164029N+021D019+001+014G011X01
B1138354407042N00305353EA0135401511
LXVVT+252H333I101W158028N+023D040-001+015G010X02
B1138364407046N00305358EA0135501512
LXVVT+252H333I102W152029N+019D065-001+016G011X01
B1138374407048N00305365EA0135501512
LXVVT+251H334I101W151030N+015D086+000+016G011X02
B1138384407048N00305372EA0135601513
LXVVT+251H335I103W150030N+018D113+004+011G012X04
B1138394407046N00305377EA0135801515
LXVVT+251H335I097W150030N+021D129+005+014G011X01
B1138404407043N00305379EA0136001518
LXVVT+250H336I092W151030N+022D153+004+011G009X03
B1138414407040N00305380EA0136101519
LXVVT+251H335I082W150029N+016D167+005+008G010X03
B1138424407037N00305379EA0136201520
LXVVT+250H336I076W148029N+013D184-001+003G009X01
B1138434407034N00305376EA0136201519
LXVVT+251H335I075W146028N+010D210-006+002G009X02
B1138444407031N00305371EA0136001518
LXVVT+251H335I083W145028N+007D222-008+013G009X02
B1138454407029N00305364EA0135801515
LXVVT+252H335I082W138030N-004D255-002+021G014X00
B1138464407030N00305354EA0135701513
LXVVT+252H334I093W137031N+009D255+005+013G012X00
B1138474407032N00305344EA0135901515
LXVVT+252H334I112W137032N+036D291+014-003G013X00
B1138484407035N00305336EA0136201519
LXVVT+252H334I090W137030N+044D279+014-012G011X04
B1138494407037N00305329EA0136501522
LXVVT+252H334I068W137030N+031D284+006-007G007X04
B1138504407039N00305323EA0136601523
LXVVT+253H333I070W138028N+014D295-003+000G009X02
B1138514407042N00305317EA0136501522
LXVVT+253H333I078W137026N+016D305-012+007G009X03
B1138524407047N00305311EA0136301520
LXVVT+253H332I099W133024N+019D319-011+012G011X01
B1138534407054N00305307EA0136201518
LXVVT+253H332I114W135024N+010D351-003+014G013X03
B1138544407063N00305305EA0136101518
LXVVT+253H331I117W138024N+006D014+005+025G013X03
B1138554407070N00305308EA0136201520
LXVVT+252H332I105W155025N-004D023+010+023G012X02
B1138564407076N00305314EA0136301522
LXVVT+251H332I103W161025N+005D056+010+011G011X02
B1138574407080N00305319EA0136601524
LXVVT+251H333I093W160025N+018D064+007+002G010X01
B1138584407083N00305325EA0136801526
LXVVT+251H333I078W158025N+021D077+001+001G009X02
B1138594407085N00305330EA0136901526
LXVVT+252H334I073W158025N+019D091-006+003G009X02
B1139004407086N00305335EA0136801525
LXVVT+251H334I084W156027N+018D103-008+006G010X01
B1139014407085N00305342EA0136701524
LXVVT+251H334I097W155028N+014D119-005+011G012X01
B1139024407082N00305347EA0136701524
LXVVT+251H334I105W155029N+011D136-001+013G012X01
B1139034407078N00305350EA0136701524
LXVVT+251H334I113W156030N+012D158+003+011G011X02
B1139044407073N00305350EA0136801525
LXVVT+251H335I111W159032N+011D173+007+014G011X01
B1139054407069N00305347EA0136801525
LXVVT+250H336I098W158032N+005D190+004+012G009X01
B1139064407066N00305342EA0136801525
LXVVT+251H336I088W154031N+004D214+003+007G010X02
B1139074407063N00305336EA0136701524
LXVVT+250H337I083W147032N+000D228+002+003G011X01
B1139084407062N00305328EA0136601523
LXVVT+251H336I076W141033N-003D242-001+005G009X02
B1139094407061N00305319EA0136401521
LXVVT+250H337I078W136036N-001D241-001-002G011X02
B1139104407060N00305310EA0136301520
LXVVT+251H337I078W131039N-002D258+002-008G010X04
B1139114407059N00305301EA0136301519
LXVVT+251H336I076W129041N+001D249+003-008G010X02
B1139124407059N00305292EA0136201518
LXVVT+252H335I064W127042N-001D254+001-009G010X00
B1139134407058N00305283EA0136101517
LXVVT+252H335I066W125042N-004D252-002-007G010X00
B1139144407057N00305273EA0135801515
LXVVT+251H335I077W122045N-014D235-006-001G010X01
B1139154407056N00305262EA0135601513
LXVVT+251H335I092W119048N-003D248-002-003G012X01
B1139164407055N00305250EA0135501512
LXVVT+251H334I095W118049N+007D241+006-015G012X03
B1139174407054N00305241EA0135601513
LXVVT+251H335I085W117050N+004D231+002-028G009X02
B1139184407051N00305233EA0135601512
LXVVT+251H335I079W115049N-001D212-003-030G010X04
B1139194407048N00305228EA0135301510
LXVVT+251H335I084W117051N-009D198+000-024G010X01
B1139204407044N00305225EA0135101508
LXVVT+252H335I078W116049N-010D176+002-016G011X01
B1139214407040N00305223EA0135001507
LXVVT+252H334I077W115048N-012D161+002-015G010X01
B1139224407037N00305223EA0134801505
LXVVT+252H333I078W115048N-010D143+000-019G010X01
B1139234407035N00305224EA0134601502
LXVVT+252H333I084W115051N-009D135-006-021G010X02
B1139244407033N00305227EA0134201498
LXVVT+251H333I083W115051N-013D121-011-015G010X04
B1139254407031N00305231EA0133801493
LXVVT+251H333I101W116049N-019D133-006-004G011X03
B1139264407029N00305237EA0133401490
LXVVT+252H333I104W118045N-023D132+003+005G013X01
B1139274407025N00305242EA0133301489
LXVVT+252H333I115W118042N-014D127+009-002G013X05
B1139284407022N00305247EA0133401490
LXVVT+252H332I108W117042N+003D128+011-012G011X02
B1139294407020N00305251EA0133601493
LXVVT+252H333I093W118041N+013D123+008-013G010X02
B1139304407019N00305255EA0133801494
LXVVT+252H332I079W119040N+012D120+003-003G009X02
B1139314407018N00305259EA0133801494
LXVVT+253H332I078W120039N+007D116-004+004G009X03
B1139324407017N00305262EA0133601493
LXVVT+253H331I090W119040N+008D120-007+002G010X01
B1139334407014N00305266EA0133501491
LXVVT+253H330I101W120042N+011D122-007-004G011X00
B1139344407012N00305270EA0133401490
LXVVT+252H331I106W121043N+008D119-003-008G011X00
B1139354407010N00305276EA0133401489
LXVVT+253H330I113W121043N+005D122+004-007G011X03
B1139364407007N00305280EA0133501490
LXVVT+253H330I107W121044N+005D120+007-002G010X01
B1139374407006N00305285EA0133601491
LXVVT+251H331I096W121044N+006D118+005-002G010X01
B1139384407004N00305288EA0133601492
LXVVT+252H331I088W121043N+004D124+000-003G009X02
B1139394407003N00305292EA0133501491
LXVVT+252H331I092W121044N+008D121-005-005G010X00
B1139404407001N00305296EA0133401490
LXVVT+252H331I099W121044N+010D126-004-004G011X01
B1139414406999N00305301EA0133401489
LXVVT+252H331I104W121045N+009D129-001+001G011X01
B1139424406997N00305305EA0133401489
LXVVT+252H331I101W121045N+006D126+003+002G011X02
B1139434406994N00305309EA0133401490
LXVVT+252H332I098W122045N+008D134+004+000G010X02
B1139444406992N00305312EA0133501491
LXVVT+253H331I090W122045N+009D139+003-001G010X01
B1139454406990N00305315EA0133501491
LXVVT+253H330I086W122045N+006D135+000-006G009X01
B1139464406988N00305318EA0133401490
LXVVT+253H330I086W123045N+007D134-003-009G009X02
B1139474406986N00305322EA0133301489
LXVVT+254H329I094W122045N+007D125-004-006G011X01
B1139484406984N00305326EA0133201488
LXVVT+254H329I102W122045N+005D127-002-002G010X02
B1139494406982N00305331EA0133201488
LXVVT+254H328I100W122045N+006D123+005-001G011X01
B1139504406981N00305335EA0133301489
LXVVT+254H328I093W122045N+003D124+006-002G009X01
B1139514406980N00305338EA0133301488
LXVVT+254H328I087W122046N+000D125+002-002G009X01
B1139524406978N00305341EA0133101487
LXVVT+254H328I088W122047N+000D119-005-003G009X01
B1139534406977N00305344EA0132901484
LXVVT+255H327I090W121048N-005D122-009-001G009X02
B1139544406975N00305349EA0132501480
LXVVT+254H327I102W121048N-009D120-006-001G010X01
B1139554406972N00305353EA0132201477
LXVVT+255H327I102W122046N-017D123+000-003G011X01
B1139564406970N00305359EA0132001474
LXVVT+255H325I100W123044N-021D118+003-003G010X03
B1139574406968N00305364EA0131801472
LXVVT+256H324I096W126041N-018D115+003-004G010X02
B1139584406966N00305369EA0131501469
LXVVT+255H325I095W128039N-013D114+002-004G010X00
B1139594406965N00305374EA0131201466
LXVVT+256H325I095W129038N-020D113-001-002G009X01
B1140004406963N00305379EA0130901463
LXVVT+256H324I097W130037N-018D113-003+001G011X01
B1140014406961N00305385EA0130601460
LXVVT+256H324I104W131037N-015D111-002-002G012X01
B1140024406960N00305391EA0130401458
LXVVT+256H323I103W131036N-012D118+002-004G010X02
B1140034406959N00305397EA0130301456
LXVVT+256H324I101W132037N-012D117+005-003G010X01
B1140044406958N00305402EA0130201455
LXVVT+256H324I089W132036N-015D124+002+003G009X02
B1140054406957N00305407EA0129901452
LXVVT+257H323I082W132035N-016D123-003+006G009X03
B1140064406955N00305412EA0129601449
LXVVT+258H323I090W131032N-016D125-006+004G009X01
B1140074406953N00305418EA0129201446
LXVVT+258H323I105W131033N-013D123-001-003G012X04
B1140084406952N00305423EA0129101444
LXVVT+258H322I103W132034N-010D120+004-006G011X01
B1140094406950N00305429EA0129001443
LXVVT+258H322I103W131035N-007D118+005-004G011X02
B1140104406950N00305434EA0128901442
LXVVT+259H321I097W130037N-006D121+004-002G009X01
B1140114406949N00305438EA0128801441
LXVVT+259H321I089W132039N-004D117+001+001G010X02
B1140124406948N00305443EA0128701440
LXVVT+259H321I097W127041N-001D119-005-002G009X02
B1140134406947N00305447EA0128501437
LXVVT+260H320I098W131044N+001D127-004+002G010X01
B1140144406946N00305452EA0128401435
LXVVT+259H320I096W131044N-009D119+000+003G012X01
B1140154406945N00305456EA0128201434
LXVVT+259H321I099W130045N-005D127-001-005G010X02
B1140164406943N00305461EA0128101433
LXVVT+260H320I105W132046N+001D130+002-004G011X04
B1140174406942N00305466EA0128101433
LXVVT+261H319I103W134047N+004D124+005+002G011X02
B1140184406941N00305471EA0128201435
LXVVT+261H319I102W133048N+009D120+003+002G010X01
B1140194406940N00305475EA0128401436
LXVVT+261H318I094W133049N+010D125+002-003G009X02
B1140204406939N00305479EA0128401436
LXVVT+262H317I088W134050N+006D123-002-006G009X02
B1140214406939N00305483EA0128301434
LXVVT+262H317I091W134050N+003D119-006-003G009X00
B1140224406939N00305488EA0128101432
LXVVT+262H317I097W135050N+000D121-008-002G010X01
B1140234406938N00305494EA0127801430
LXVVT+262H316I103W137048N-006D119-003+003G011X01
B1140244406937N00305500EA0127701428
LXVVT+262H316I115W137048N-002D122+002+005G012X04
B1140254406936N00305506EA0127701428
LXVVT+263H316I112W138049N+000D124+007+003G011X02
B1140264406935N00305511EA0127701428
LXVVT+262H317I101W138050N-001D116+005-001G009X02
B1140274406934N00305515EA0127701427
LXVVT+261H317I090W138050N-003D112+001-003G009X02
B1140284406934N00305519EA0127501425
LXVVT+262H318I088W138050N-008D121-005-001G009X02
B1140294406934N00305524EA0127101422
LXVVT+261H318I097W138050N-007D119-009+002G010X01
B1140304406933N00305530EA0126801419
LXVVT+262H317I110W138050N-007D120-005+001G011X01
B1140314406931N00305536EA0126701417
LXVVT+262H317I112W138050N-009D122+002+000G011X01
B1140324406930N00305541EA0126601416
LXVVT+262H317I105W138049N-012D114+006-003G010X02
B1140334406929N00305547EA0126401414
LXVVT+263H316I095W139048N-015D122+005-002G010X02
B1140344406929N00305551EA0126201412
LXVVT+263H316I087W139046N-017D122-001+002G009X01
B1140354406928N00305556EA0125901409
LXVVT+264H316I084W138043N-015D127-004+005G010X02
B1140364406926N00305561EA0125601406
LXVVT+264H315I091W138040N-019D121-007+004G010X01
B1140374406924N00305567EA0125301402
LXVVT+264H315I106W140040N-013D118-004-003G012X01
B1140384406921N00305573EA0125101400
LXVVT+264H314I112W140039N-005D120+000-009G012X02
B1140394406920N00305580EA0125001399
LXVVT+264H314I112W142038N-002D111+004-008G011X01
B1140404406919N00305586EA0125001400
LXVVT+264H314I105W143038N-005D117+009+002G010X01
B1140414406918N00305591EA0125001400
LXVVT+264H314I094W143038N-004D123+005+009G009X01
B1140424406916N00305595EA0124901399
LXVVT+264H313I090W145041N-006D128-001+009G009X01
B1140434406915N00305598EA0124701397
LXVVT+263H314I090W150045N-006D127-003-001G010X02
B1140444406914N00305602EA0124501394
LXVVT+264H314I089W153049N-008D134-005-008G009X02
B1140454406912N00305605EA0124201391
LXVVT+264H314I090W154050N-017D134-004-003G010X02
B1140464406911N00305609EA0123901387
LXVVT+265H313I090W154049N-022D131-005+006G010X01
B1140474406908N00305613EA0123501383
LXVVT+265H313I099W151046N-021D141-005+010G011X00
B1140484406904N00305618EA0123301381
LXVVT+264H313I120W151046N-001D141-001+003G013X01
B1140494406900N00305621EA0123301382
LXVVT+265H313I124W153047N+026D158+010+006G013X06
B1140504406896N00305622EA0123601384
LXVVT+264H314I114W155049N+038D146+017+001G012X03
B1140514406894N00305623EA0123901388
LXVVT+264H314I084W156049N+013D154+010-010G008X05
B1140524406892N00305623EA0124101389
LXVVT+265H314I068W156049N+014D165+003-010G009X02
B1140534406891N00305623EA0124001389
LXVVT+265H313I066W156049N+005D151-009-004G008X03
B1140544406889N00305625EA0123801387
LXVVT+265H314I087W155052N+006D157-013-002G011X02
B1140554406887N00305628EA0123601385
LXVVT+266H313I101W154054N+002D149-009-003G011X01
B1140564406885N00305632EA0123501383
LXVVT+266H313I109W155053N+003D138-002-004G012X02
B1140574406882N00305637EA0123601384
LXVVT+266H311I106W159051N+004D139+006-006G013X04
B1140584406880N00305643EA0123801386
LXVVT+265H312I098W165048N+012D131+004-008G009X01
B1140594406878N00305649EA0123901388
LXVVT+266H311I094W169047N+016D133+006+001G011X02
B1141004406877N00305654EA0124101390
LXVVT+265H311I093W171047N+016D124+000+005G009X01
B1141014406875N00305659EA0124101391
LXVVT+265H311I093W171046N+018D138-006+006G009X01
B1141024406873N00305664EA0124201391
LXVVT+265H311I099W172045N+020D140-005+002G011X01
B1141034406870N00305669EA0124401392
LXVVT+266H310I103W173044N+023D145+004+001G012X01
B1141044406868N00305674EA0124701395
LXVVT+266H310I102W173045N+024D137+006+000G010X03
B1141054406866N00305677EA0124901397
LXVVT+266H311I094W173047N+020D153+005+005G007X03
B1141064406864N00305679EA0124901397
LXVVT+266H310I070W171045N+000D164+008+018G010X04
B1141074406862N00305680EA0124801396
LXVVT+266H311I063W169044N-012D148-001+001G008X00
B1141084406860N00305681EA0124501393
LXVVT+267H310I071W170044N-026D166-011-015G008X00
B1141094406858N00305684EA0124001388
LXVVT+267H310I088W168045N-044D145-014-017G010X02
B1141104406856N00305690EA0123401382
LXVVT+267H310I103W168045N-043D135-011-005G012X02
B1141114406854N00305698EA0122901377
LXVVT+267H310I123W170045N-029D140+003+006G013X05
B1141124406851N00305705EA0122801375
LXVVT+266H310I120W172044N-023D127+011+003G012X02
B1141134406849N00305712EA0122801375
LXVVT+267H311I109W174044N-015D135+015-001G011X01
B1141144406847N00305717EA0122801375
LXVVT+266H311I095W173044N-010D131+010-006G009X02
B1141154406846N00305721EA0122601374
LXVVT+267H311I079W173044N-009D135-002-003G008X04
B1141164406846N00305726EA0122301371
LXVVT+267H311I081W172044N-010D135-007+003G009X01
B1141174406844N00305731EA0121901367
LXVVT+267H311I093W172044N-012D126-008+003G011X01
B1141184406843N00305738EA0121601363
LXVVT+267H311I109W171045N-010D133-003+001G012X01
B1141194406841N00305745EA0121401360
LXVVT+267H311I117W169046N-009D122+003-006G012X01
B1141204406840N00305751EA0121301359
LXVVT+267H311I110W165046N-011D127+011-004G011X02
B1141214406840N00305756EA0121301359
LXVVT+267H312I092W162047N-013D115+009+000G009X02
B1141224406840N00305761EA0121101357
LXVVT+268H311I076W161047N-014D121+002+005G009X02
B1141234406840N00305765EA0120801354
LXVVT+268H311I076W161047N-015D120-008+000G008X01
B1141244406840N00305771EA0120401350
LXVVT+268H310I089W161047N-014D117-012-002G010X01
B1141254406840N00305778EA0120001345
LXVVT+268H310I107W160047N-017D118-007+000G012X02
B1141264406839N00305785EA0119701341
LXVVT+268H311I113W160047N-017D117+002+003G012X01
B1141274406838N00305792EA0119501339
LXVVT+268H311I111W161047N-019D120+007+007G011X02
B1141284406837N00305798EA0119301338
LXVVT+268H310I101W161047N-018D124+007+006G010X02
B1141294406836N00305803EA0119101336
LXVVT+269H310I090W161046N-017D127+003+000G009X01
B1141304406835N00305808EA0118901333
LXVVT+269H310I086W161046N-014D122-005-007G009X01
B1141314406835N00305814EA0118501329
LXVVT+269H310I092W161046N-010D115-009-008G010X00
B1141324406835N00305821EA0118201325
LXVVT+269H310I102W162046N-013D112-003-003G012X01
B1141334406835N00305828EA0118001323
LXVVT+269H311I109W162046N-015D109+003+003G012X03
B1141344406836N00305836EA0117801322
LXVVT+269H310I109W161046N-012D111+006+005G010X01
B1141354406836N00305842EA0117701320
LXVVT+269H310I096W161046N-014D113+007-001G010X01
B1141364406836N00305848EA0117501318
LXVVT+269H310I084W161046N-019D112-001-002G009X01
B1141374406837N00305854EA0117201315
LXVVT+269H310I084W162046N-015D110-007+000G010X01
B1141384406838N00305860EA0116901311
LXVVT+269H309I089W162046N-017D113-008+005G010X02
B1141394406838N00305867EA0116401306
LXVVT+269H310I101W164046N-022D113-006+003G010X01
B1141404406838N00305876EA0115801301
LXVVT+270H309I114W165046N-030D114-002+000G011X02
B1141414406839N00305885EA0115401297
LXVVT+270H309I123W167046N-030D106+003-002G012X04
B1141424406840N00305895EA0115101294
LXVVT+270H309I126W169047N-026D101+009-003G012X03
B1141434406842N00305905EA0115001293
LXVVT+271H309I118W170047N-020D096+010-003G011X01
B1141444406844N00305913EA0115001292
LXVVT+271H308I119W166046N-005D088+004-005G010X01
B1141454406847N00305921EA0114901291
LXVVT+271H308I118W159043N+006D090+001-003G010X01
B1141464406850N00305928EA0114901290
LXVVT+272H308I103W156044N+001D099+002+003G009X02
B1141474406853N00305935EA0114701288
LXVVT+272H308I098W156046N-009D102+003+006G009X02
B1141484406855N00305941EA0114501286
LXVVT+272H307I102W154046N-016D100-002+006G011X02
B1141494406857N00305949EA0114201283
LXVVT+273H306I116W150048N-002D102-006+002G010X03
B1141504406859N00305957EA0114001280
LXVVT+273H307I118W150048N-004D100-002+002G012X02
B1141514406861N00305965EA0113901279
LXVVT+273H306I125W149048N-002D097+001-003G011X02
B1141524406863N00305973EA0113801278
LXVVT+274H306I117W150048N-006D100+007+000G011X02
B1141534406865N00305981EA0113801278
LXVVT+273H306I113W150048N-004D097+006-002G010X01
B1141544406867N00305988EA0113801278
LXVVT+274H306I105W150049N-003D100+002-001G009X01
B1141554406869N00305994EA0113601276
LXVVT+274H306I105W149050N-003D102-002+000G009X01
B1141564406871N00306001EA0113301273
LXVVT+274H305I106W148052N-007D105-005+003G011X01
B1141574406873N00306008EA0113101270
LXVVT+273H306I114W147052N-007D095-007+001G010X01
B1141584406875N00306016EA0112801267
LXVVT+274H306I125W145054N-006D110+002+001G014X00
B1141594406876N00306023EA0112801267
LXVVT+274H305I117W145054N-003D115+005+010G013X02
B1142004406877N00306030EA0112901268
LXVVT+274H306I120W145055N+003D108+005+010G010X03
B1142014406877N00306036EA0113001269
LXVVT+275H306I122W147062N+009D113+004+001G011X02
B1142024406877N00306041EA0113101270
LXVVT+276H305I107W148063N+017D117+002-005G009X02
B1142034406877N00306047EA0113201271
LXVVT+276H305I100W148063N+017D112-001-002G010X01
B1142044406877N00306052EA0113301272
LXVVT+276H305I107W148063N+013D106-002+001G009X01
B1142054406877N00306058EA0113301273
LXVVT+276H304I113W147064N+019D112-002+001G010X02
B1142064406877N00306064EA0113401273
LXVVT+277H304I115W147065N+019D117-002-002G010X03
B1142074406877N00306069EA0113401274
LXVVT+277H304I119W147067N+009D118+004+001G012X02
B1142084406878N00306074EA0113601276
LXVVT+277H303I125W148072N+019D111+005+000G011X03
B1142094406877N00306079EA0113901278
LXVVT+278H303I103W148074N+022D117+006+001G010X02
B1142104406877N00306082EA0114001279
LXVVT+278H303I087W147073N+009D117+002+000G009X02
B1142114406877N00306084EA0114101280
LXVVT+278H303I081W146070N+016D131-007-003G007X04
B1142124406876N00306087EA0114001280
LXVVT+278H303I079W145066N+013D143-007-005G011X07
B1142134406876N00306091EA0113901279
LXVVT+278H303I098W145066N+005D130-008+000G007X03
B1142144406875N00306094EA0113701277
LXVVT+278H302I097W145067N-001D134-002+003G011X02
B1142154406874N00306097EA0113601276
LXVVT+278H301I084W144063N-013D135+000+001G010X04
B1142164406872N00306102EA0113401274
LXVVT+278H301I097W146061N-006D122-003-008G011X03
B1142174406871N00306107EA0113301273
LXVVT+278H301I100W148059N+005D121-001-011G011X02
B1142184406871N00306113EA0113301273
LXVVT+279H301I095W151057N+003D115+002-002G011X02
B1142194406870N00306118EA0113301272
LXVVT+279H300I088W156057N+001D114+003+004G011X02
B1142204406869N00306123EA0113201272
LXVVT+280H300I087W158055N-001D126+000+007G009X02
B1142214406869N00306128EA0113101272
LXVVT+280H300I087W157052N+000D124+000+004G010X01
B1142224406867N00306132EA0113001270
LXVVT+279H299I090W157051N-001D123-005-003G009X02
B1142234406866N00306137EA0112801268
LXVVT+280H298I097W157051N+003D127-004-004G010X03
B1142244406865N00306142EA0112701266
LXVVT+279H298I108W157051N+003D112-004-003G010X04
B1142254406863N00306148EA0112601264
LXVVT+279H298I105W155051N-001D125+004+003G011X03
B1142264406862N00306153EA0112601264
LXVVT+280H297I095W155049N-004D127+008+005G011X03
B1142274406861N00306157EA0112601264
LXVVT+280H297I087W154048N-007D117+005-001G009X02
B1142284406860N00306160EA0112401262
LXVVT+279H297I078W152049N-009D127+000-003G009X01
B1142294406859N00306163EA0112101259
LXVVT+279H297I073W153048N-013D125-010+003G009X01
B1142304406857N00306168EA0111601255
LXVVT+280H297I102W155049N-007D128-011+006G011X05
B1142314406855N00306174EA0111301251
LXVVT+279H298I135W153051N+008D126-008+006G012X03
B1142324406851N00306181EA0111101250
LXVVT+279H298I146W152054N+011D131+003+003G014X01
B1142334406848N00306187EA0111301251
LXVVT+279H299I134W151052N+001D127+014+000G011X02
B1142344406845N00306193EA0111501254
LXVVT+279H298I116W150052N-005D134+015+001G009X02
B1142354406843N00306197EA0111601254
LXVVT+279H298I092W147047N-007D132+007+006G008X03
B1142364406842N00306201EA0111501253
LXVVT+279H298I095W147047N+002D127-006-001G008X01
B1142374406839N00306206EA0111201249
LXVVT+280H297I101W147046N+011D135-011-006G009X02
B1142384406837N00306211EA0110801245
LXVVT+281H297I111W146045N-002D136-006-002G011X02
B1142394406835N00306218EA0110501242
LXVVT+282H296I123W146044N-013D129+001+003G012X04
B1142404406832N00306225EA0110401240
LXVVT+281H295I122W147043N-009D131+005+003G011X01
B1142414406829N00306231EA0110301240
LXVVT+282H295I116W146041N-007D133+005+004G009X02
B1142424406827N00306236EA0110201238
LXVVT+281H295I112W146041N-009D135+004-001G009X01
B1142434406824N00306242EA0109901236
LXVVT+282H295I100W146039N-014D134+000-001G009X03
B1142444406822N00306247EA0109501232
LXVVT+282H295I102W147037N-017D132-003-004G010X01
B1142454406819N00306254EA0109201229
LXVVT+282H295I112W147036N-015D132-001-001G011X01
B1142464406817N00306260EA0109001227
LXVVT+282H294I118W147036N-009D130+002+001G011X01
B1142474406814N00306266EA0108801226
LXVVT+283H294I108W147035N-013D142+006+005G011X01
B1142484406811N00306270EA0108801225
LXVVT+283H294I103W145034N-016D133+006+002G009X03
B1142494406809N00306275EA0108701223
LXVVT+283H294I102W144036N-009D134+001-005G009X02
B1142504406806N00306279EA0108501221
LXVVT+283H295I100W145037N-001D137-004-005G009X03
B1142514406804N00306284EA0108201218
LXVVT+284H294I112W142038N-004D125-005-003G011X02
B1142524406801N00306289EA0108001215
LXVVT+284H294I121W134041N-002D129-003+003G010X01
B1142534406798N00306294EA0107801213
LXVVT+283H294I119W133042N-005D131+001+006G011X01
B1142544406795N00306298EA0107701212
LXVVT+283H294I120W133044N-009D134+002+003G010X01
B1142554406791N00306302EA0107601210
LXVVT+283H294I116W133045N-006D136+001-002G010X01
B1142564406788N00306306EA0107401208
LXVVT+283H294I115W134046N-008D135+001-005G010X01
B1142574406785N00306309EA0107201206
LXVVT+284H294I116W136049N-005D136+001-003G010X01
B1142584406782N00306313EA0107001205
LXVVT+284H294I106W136049N-009D133+002+002G010X01
B1142594406779N00306316EA0106901203
LXVVT+284H293I109W135050N-009D130-002+002G009X02
B1143004406777N00306318EA0106601200
LXVVT+284H293I112W134053N-006D137-003-002G010X02
B1143014406774N00306322EA0106301197
LXVVT+285H293I108W134053N-014D141-002-001G010X01
B1143024406770N00306325EA0106001194
LXVVT+285H293I113W133052N-017D131+000-004G011X02
B1143034406768N00306330EA0105801192
LXVVT+285H292I114W134052N-016D130+001-005G011X02
B1143044406765N00306334EA0105601190
LXVVT+285H292I117W134052N-010D126+002-002G010X02
B1143054406763N00306339EA0105501188
LXVVT+284H292I117W131053N+000D123-002+000G009X01
B1143064406761N00306344EA0105301185
LXVVT+285H291I111W132052N-006D130-004-001G010X02
B1143074406758N00306349EA0105001183
LXVVT+286H291I111W132049N-018D133-002+002G009X01
B1143084406756N00306355EA0104701180
LXVVT+286H290I115W132046N-022D126+000+002G011X02
B1143094406753N00306362EA0104401177
LXVVT+286H290I123W134045N-014D125+000-001G011X03
B1143104406750N00306368EA0104301175
LXVVT+286H290I122W136043N-003D122-001-003G010X02
B1143114406748N00306375EA0104001172
LXVVT+286H289I116W136041N-015D128+003+002G010X01
B1143124406745N00306381EA0103901170
LXVVT+286H290I114W137039N-020D117+003+001G010X02
B1143134406743N00306386EA0103601168
LXVVT+287H289I119W136041N-007D134+002+001G011X01
B1143144406741N00306392EA0103401166
LXVVT+287H289I110W137041N-013D132+003+004G010X01
B1143154406738N00306397EA0103201164
LXVVT+288H288I107W137041N-020D132+002+003G010X01
B1143164406736N00306402EA0103001161
LXVVT+288H288I106W137040N-020D128+000-003G010X01
B1143174406733N00306407EA0102701158
LXVVT+288H287I115W136040N-008D124-003-007G011X02
B1143184406731N00306414EA0102501156
LXVVT+287H287I121W135041N+002D122-004-007G010X01
B1143194406730N00306421EA0102301154
LXVVT+288H288I120W135041N-008D132+002+003G011X04
B1143204406728N00306427EA0102101152
LXVVT+288H287I122W136041N-017D127+005+011G011X02
B1143214406725N00306433EA0102001151
LXVVT+288H287I125W137044N+000D132+004+010G011X00
B1143224406723N00306437EA0102001150
LXVVT+289H287I113W140046N+005D135+003-001G009X03
B1143234406721N00306441EA0102001149
LXVVT+289H287I103W143048N+001D137+002-008G009X01
B1143244406719N00306445EA0101701147
LXVVT+289H287I099W143049N-010D135-003-008G010X01
B1143254406717N00306450EA0101401144
LXVVT+290H285I107W143049N-009D127-006+000G010X02
B1143264406716N00306456EA0101201142
LXVVT+289H286I120W143048N-003D123-005+004G011X01
B1143274406713N00306462EA0101001139
LXVVT+290H286I120W144048N-009D132+001+005G011X01
B1143284406711N00306468EA0100801138
LXVVT+290H285I117W144047N-014D129+005+000G010X01
B1143294406708N00306473EA0100701136
LXVVT+290H285I112W144047N-014D130+004-005G010X00
B1143304406707N00306478EA0100501134
LXVVT+291H285I107W144047N-013D126+001-008G009X01
B1143314406706N00306484EA0100301131
LXVVT+291H285I109W143048N-009D116-003-007G010X01
B1143324406706N00306491EA0100001128
LXVVT+291H285I113W143048N-005D109-006-005G011X02
B1143334406706N00306498EA0099701125
LXVVT+291H285I131W139048N+000D116-004+002G011X03
B1143344406705N00306506EA0099501123
LXVVT+291H285I128W138049N-006D120+001+007G012X01
B1143354406704N00306513EA0099401121
LXVVT+292H284I123W138050N-014D125+004+012G011X02
B1143364406703N00306519EA0099301120
LXVVT+291H284I117W139050N-013D120+005+004G012X02
B1143374406702N00306524EA0099401121
LXVVT+291H284I108W140051N-003D136+006-002G010X01
B1143384406701N00306528EA0099301121
LXVVT+292H284I094W144053N-001D142+003+002G009X04
B1143394406700N00306532EA0099301121
LXVVT+292H284I092W143053N-008D133+000+006G009X02
B1143404406698N00306536EA0099101118
LXVVT+292H283I101W143054N-009D135-007+006G008X02
B1143414406696N00306539EA0098701115
LXVVT+292H283I111W145056N-006D140-007+002G010X01
B1143424406694N00306543EA0098301110
LXVVT+292H283I112W145057N-017D145-003-001G011X01
B1143434406691N00306547EA0097901107
LXVVT+292H283I115W145057N-026D137+001-007G011X01
B1143444406689N00306552EA0097701104
LXVVT+293H283I119W146057N-024D130+003-011G012X01
B1143454406687N00306558EA0097501102
LXVVT+293H283I112W146056N-019D131+006-005G012X01
B1143464406687N00306563EA0097301100
LXVVT+294H283I104W147055N-012D129+005+003G011X03
B1143474406686N00306568EA0097201100
LXVVT+294H282I114W145057N+003D126+002+004G010X00
B1143484406686N00306573EA0097201099
LXVVT+294H282I113W142061N+004D125+000-005G009X01
B1143494406686N00306577EA0097201098
LXVVT+294H282I107W141064N+001D125+000-009G009X02
B1143504406686N00306583EA0097001096
LXVVT+295H282I107W140065N-005D118-001-003G010X00
B1143514406687N00306588EA0096801094
LXVVT+295H281I109W138066N-006D121-003+006G010X01
B1143524406687N00306593EA0096601091
LXVVT+295H280I110W138066N-008D130-003+012G010X01
B1143534406686N00306597EA0096301088
LXVVT+295H280I119W138068N-009D134-003+008G010X01
B1143544406684N00306601EA0096101086
LXVVT+295H280I122W140071N-007D138+000+002G011X03
B1143554406683N00306605EA0095901084
LXVVT+296H280I115W141071N-010D140+002-004G011X01
B1143564406681N00306610EA0095801082
LXVVT+296H280I115W141071N-009D134-001-006G009X02
B1143574406680N00306615EA0095601081
LXVVT+296H280I115W141070N-002D135+000-002G011X01
B1143584406679N00306620EA0095501080
LXVVT+297H279I115W141068N-004D135+001+004G010X02
B1143594406677N00306624EA0095401079
LXVVT+297H279I109W141066N-007D137+002+008G010X03
B1144004406676N00306628EA0095401078
LXVVT+296H279I117W140067N-002D132+001+001G010X04
B1144014406674N00306631EA0095201076
LXVVT+297H278I111W141068N-002D142+001-007G010X02
B1144024406673N00306635EA0095201075
LXVVT+297H279I099W142067N-006D140+001-004G010X03
B1144034406672N00306640EA0095001074
LXVVT+298H278I105W141066N-006D143-002+000G010X02
B1144044406671N00306644EA0094901073
LXVVT+298H278I101W140064N-006D144-002+008G010X01
B1144054406669N00306649EA0094801072
LXVVT+297H278I118W140063N+004D133-002+003G010X03
B1144064406666N00306653EA0094801072
LXVVT+298H277I115W139062N+012D143+001-003G011X03
B1144074406664N00306658EA0094801073
LXVVT+298H278I108W137058N+005D136+003-003G011X01
B1144084406662N00306664EA0094901074
LXVVT+298H278I116W137056N+007D136+003-003G009X02
B1144094406660N00306669EA0094901074
LXVVT+298H277I103W138055N+008D145+005+004G010X03
B1144104406659N00306672EA0095001075
LXVVT+298H277I093W139053N+000D133+005+004G008X01
B1144114406657N00306676EA0095001074
LXVVT+298H276I093W138054N+000D135-001-002G009X02
B1144124406656N00306679EA0094801071
LXVVT+298H277I093W138054N+002D137-011-008G008X01
B1144134406655N00306684EA0094401067
LXVVT+298H277I108W137054N+001D134-011-007G011X02
B1144144406653N00306691EA0094001063
LXVVT+298H277I126W139052N-012D129-004-002G013X01
B1144154406650N00306699EA0093801061
LXVVT+298H277I132W143051N-012D124+004+001G012X02
B1144164406648N00306705EA0093801061
LXVVT+298H276I129W145050N-006D121+008-001G011X03
B1144174406647N00306711EA0093901061
LXVVT+298H276I117W144050N+001D119+010-004G011X02
B1144184406646N00306717EA0093901062
LXVVT+298H276I100W145050N+003D123+003-002G008X02
B1144194406646N00306722EA0093801061
LXVVT+298H276I099W144051N+003D129-002+002G009X01
B1144204406646N00306727EA0093601059
LXVVT+299H276I097W145051N-007D130-004+007G010X02
B1144214406644N00306733EA0093301056
LXVVT+299H276I112W143051N-002D124-006+004G010X01
B1144224406643N00306738EA0093101053
LXVVT+299H275I116W143052N-001D133-003+002G010X01
B1144234406641N00306744EA0092801051
LXVVT+300H275I114W143051N-012D131+002-001G011X01
B1144244406639N00306750EA0092701050
LXVVT+300H274I110W144049N-012D124+004-004G011X03
B1144254406638N00306757EA0092701050
LXVVT+300H275I114W146048N-001D116+003-006G010X01
B1144264406638N00306764EA0092701049
LXVVT+301H274I113W147048N+004D120+003-004G010X01
B1144274406638N00306770EA0092601049
LXVVT+301H274I099W150047N+003D119+001+001G009X02
B1144284406638N00306777EA0092601048
LXVVT+301H273I101W153046N-001D111-001+002G010X01
B1144294406638N00306784EA0092401046
LXVVT+301H273I108W152046N+004D115-004+000G010X00
B1144304406638N00306791EA0092301044
LXVVT+301H273I109W152046N+005D117-004+000G010X02
B1144314406637N00306798EA0092101043
LXVVT+301H273I116W152047N+001D115-001+001G010X04
B1144324406637N00306806EA0092001042
LXVVT+301H273I108W154046N-004D117+003+004G010X03
B1144334406636N00306813EA0091901041
LXVVT+301H272I109W157045N-008D109+004-001G010X02
B1144344406636N00306820EA0091901041
LXVVT+302H272I109W156045N+001D109+003-006G010X01
B1144354406637N00306827EA0091901040
LXVVT+302H272I101W156045N+006D105-001-006G008X01
B1144364406638N00306833EA0091701038
LXVVT+302H272I099W157045N-005D107-002+000G009X01
B1144374406639N00306840EA0091401035
LXVVT+302H272I100W157045N-014D111-005+008G009X01
B1144384406639N00306848EA0091101031
LXVVT+302H273I110W157045N-012D104-006+008G010X02
B1144394406638N00306855EA0090801028
LXVVT+302H273I125W154045N-007D103-003+001G011X01
B1144404406638N00306863EA0090601026
LXVVT+302H274I126W151046N-002D101+002-007G011X01
B1144414406638N00306870EA0090501024
LXVVT+302H274I120W149045N-007D099+004-012G010X01
B1144424406639N00306878EA0090301023
LXVVT+303H273I110W148046N-017D103+006-005G010X02
B1144434406641N00306885EA0090201021
LXVVT+303H273I100W151046N-016D092+005+001G010X02
B1144444406642N00306891EA0090001020
LXVVT+303H273I103W150045N-009D088-002-001G009X01
B1144454406644N00306898EA0089701017
LXVVT+303H273I105W148045N-006D089-006-002G009X01
B1144464406646N00306905EA0089401013
LXVVT+302H273I111W147044N-009D090-006+001G010X01
B1144474406648N00306913EA0089101010
LXVVT+303H273I118W147044N-014D086-005+003G010X01
B1144484406649N00306922EA0088801006
LXVVT+302H273I123W148045N-015D093-001+003G011X03
B1144494406650N00306931EA0088501004
LXVVT+303H274I120W149043N-016D098+003+007G011X01
B1144504406650N00306939EA0088401002
LXVVT+303H273I117W150041N-016D104+005+009G011X00
B1144514406650N00306947EA0088301001
LXVVT+303H274I119W150041N-010D103+002+005G011X02
B1144524406649N00306954EA0088100999
LXVVT+303H273I118W149043N+002D102-001-003G011X01
B1144534406649N00306961EA0088100998
LXVVT+303H273I120W148045N+009D103-001-007G011X02
B1144544406649N00306968EA0088100998
LXVVT+303H272I112W148046N+007D106+000-003G009X01
B1144554406650N00306975EA0088000997
LXVVT+304H272I111W148045N-001D110+001+004G010X03
B1144564406650N00306983EA0087900997
LXVVT+304H271I116W148046N-002D111+000+008G011X02
B1144574406650N00306990EA0087800996
LXVVT+304H271I123W148048N+010D104-002+001G011X02
B1144584406650N00306997EA0087800996
LXVVT+304H270I117W147048N+012D107-003-003G010X02
B1144594406650N00307004EA0087800996
LXVVT+305H270I116W147047N+008D114+000+000G010X02
B1145004406650N00307012EA0087800996
LXVVT+304H270I123W147048N+008D110+003+005G010X05
B1145014406649N00307018EA0088000997
LXVVT+304H270I118W146050N+013D111+006+000G010X02
B1145024406650N00307023EA0088100998
LXVVT+304H270I096W147051N+004D115+006-001G009X04
B1145034406650N00307028EA0088100998
LXVVT+305H270I086W147051N-004D128+001+000G008X03
B1145044406650N00307033EA0087800995
LXVVT+305H269I086W147051N-013D126-009+006G008X03
B1145054406649N00307038EA0087400991
LXVVT+305H270I110W147052N-009D125-010+010G010X01
B1145064406647N00307043EA0086900986
LXVVT+305H270I124W148055N-005D130-006+006G013X01
B1145074406644N00307049EA0086700983
LXVVT+305H269I134W148056N-006D131+002+000G014X02
B1145084406641N00307053EA0086600983
LXVVT+305H269I130W148056N-007D137+009+000G012X02
B1145094406638N00307057EA0086700984
LXVVT+305H268I121W149057N-005D139+011+002G010X02
B1145104406636N00307060EA0086700984
LXVVT+305H268I105W150059N-003D142+007+002G008X01
B1145114406634N00307062EA0086600983
LXVVT+306H268I093W150059N-007D147+001+002G009X02
B1145124406632N00307064EA0086300980
LXVVT+306H268I090W150060N-012D154-007+002G008X02
B1145134406630N00307066EA0085900975
LXVVT+306H267I101W150060N-012D154-008-001G010X01
B1145144406627N00307068EA0085500971
LXVVT+306H267I121W151061N-011D144-007-004G011X02
B1145154406623N00307071EA0085200967
LXVVT+306H267I135W151063N-007D145-001-003G012X04
B1145164406619N00307074EA0085100966
LXVVT+306H267I135W151063N-005D147+007+002G012X02
B1145174406615N00307076EA0085100966
LXVVT+307H266I126W152064N-002D149+010+004G011X01
B1145184406612N00307077EA0085200967
LXVVT+307H266I112W152065N+000D153+007+002G009X01
B1145194406610N00307077EA0085100967
LXVVT+307H266I101W152066N+002D160+001+000G009X01
B1145204406607N00307077EA0085000965
LXVVT+307H266I097W152065N+001D161-005-002G009X01
B1145214406604N00307077EA0084700962
LXVVT+307H266I108W153066N+002D165-009-001G009X01
B1145224406600N00307076EA0084400959
LXVVT+307H265I118W153067N-001D167-005+003G011X00
B1145234406596N00307074EA0084200957
LXVVT+307H265I124W154067N-006D174-001+009G011X01
B1145244406592N00307071EA0084100955
LXVVT+307H266I124W152067N-009D191+002+012G011X01
B1145254406588N00307065EA0084000954
LXVVT+307H266I123W152067N-005D194+005+009G011X01
B1145264406585N00307059EA0084000954
LXVVT+307H266I116W152067N+000D209+005+006G010X01
B1145274406582N00307052EA0084000953
LXVVT+307H266I109W151067N-002D216+004+005G010X01
B1145284406581N00307044EA0083900952
LXVVT+307H266I105W152067N-002D223+001+002G010X01
B1145294406579N00307036EA0083700951
LXVVT+307H265I105W153066N+000D226-003+002G008X01
B1145304406578N00307028EA0083400948
LXVVT+307H266I106W154066N-004D223-003-003G010X01
B1145314406577N00307020EA0083200945
LXVVT+307H266I116W156066N-005D228-003-003G010X01
B1145324406575N00307011EA0083000943
LXVVT+308H266I117W157065N-004D229-002-001G010X01
B1145334406574N00307002EA0082800941
LXVVT+308H265I108W155066N-012D226+003+000G012X02
B1145344406572N00306992EA0082700940
LXVVT+308H266I106W152066N-009D226+000-005G010X01
B1145354406570N00306983EA0082600939
LXVVT+309H267I106W149065N-003D230+002-004G011X01
B1145364406567N00306974EA0082600939
LXVVT+309H267I115W147064N+005D211+001-010G011X02
B1145374406564N00306966EA0082600939
LXVVT+309H267I115W146062N+010D211+005-011G010X02
B1145384406560N00306960EA0082600939
LXVVT+310H266I106W144059N+001D202+005-008G009X03
B1145394406557N00306954EA0082500938
LXVVT+310H266I094W143057N-006D205+002+002G008X02
B1145404406554N00306948EA0082300936
LXVVT+310H264I091W141056N-012D207-003+007G009X01
B1145414406552N00306940EA0081900931
LXVVT+310H264I101W141055N-012D210-009+004G010X01
B1145424406549N00306932EA0081500927
LXVVT+310H263I118W143055N-006D215-007+001G012X01
B1145434406546N00306923EA0081300924
LXVVT+310H264I130W145054N-003D226+001+003G012X03
B1145444406543N00306913EA0081200923
LXVVT+310H263I121W145054N-013D223+008-001G011X01
B1145454406541N00306904EA0081100922
LXVVT+310H264I118W146054N-015D222+008-008G010X01
B1145464406539N00306897EA0080900921
LXVVT+310H263I108W148054N-011D226+005-005G009X01
B1145474406537N00306889EA0080700919
LXVVT+311H262I093W147054N-014D222+001+002G009X02
B1145484406535N00306882EA0080500916
LXVVT+311H263I099W147054N-017D217-006+005G009X02
B1145494406533N00306873EA0080000911
LXVVT+311H262I114W149054N-010D220-010+003G010X02
B1145504406530N00306863EA0079600907
LXVVT+311H262I122W149054N-010D230-004+000G012X02
B1145514406528N00306853EA0079400904
LXVVT+311H262I123W148054N-015D233+003-001G012X01
B1145524406526N00306843EA0079200903
LXVVT+311H263I121W147055N-017D242+008+003G011X02
B1145534406525N00306833EA0079200903
LXVVT+312H262I111W147054N-008D254+007+009G010X00
B1145544406525N00306823EA0079200902
LXVVT+312H262I103W148053N-004D253+003+008G010X01
B1145554406525N00306813EA0079000900
LXVVT+312H262I104W149052N-001D255-003+001G009X01
B1145564406526N00306803EA0078800898
LXVVT+312H262I107W150050N+001D262-005-005G010X02
B1145574406526N00306792EA0078500895
LXVVT+312H262I113W150049N-005D260-005-007G010X01
B1145584406526N00306781EA0078300893
LXVVT+312H262I119W150049N-007D260-001-004G011X01
B1145594406525N00306769EA0078200891
LXVVT+312H261I123W150049N-001D260+002-002G011X03
B1146004406525N00306758EA0078200891
LXVVT+313H261I117W148050N-001D262+004+002G010X01
B1146014406525N00306747EA0078100891
LXVVT+313H261I110W147050N-002D264+004+002G010X00
B1146024406525N00306736EA0078100890
LXVVT+313H261I106W146051N-003D263+001-001G009X01
B1146034406525N00306725EA0077900888
LXVVT+313H261I108W146051N+000D263-003-003G009X00
B1146044406525N00306714EA0077700886
LXVVT+314H261I109W145051N-002D263-004-005G010X03
B1146054406525N00306703EA0077400883
LXVVT+314H260I118W146051N-005D260-003-004G011X02
B1146064406524N00306691EA0077200881
LXVVT+314H260I126W147051N-002D258+001-003G011X03
B1146074406523N00306680EA0077100880
LXVVT+314H260I119W146051N-004D260+005+000G010X00
B1146084406523N00306669EA0077100879
LXVVT+314H260I112W145050N-009D256+006-001G010X00
B1146094406522N00306658EA0077000878
LXVVT+315H259I107W145050N-006D259+002-001G010X00
B1146104406521N00306648EA0076900877
LXVVT+315H259I109W145050N+005D253-004-003G011X02
B1146114406520N00306637EA0076800876
LXVVT+315H259I117W145050N+015D253-004-004G011X02
B1146124406518N00306626EA0076800877
LXVVT+316H261I116W144050N+011D253+000-001G012X01
B1146134406516N00306615EA0077000879
LXVVT+316H262I131W143051N+017D236+006-008G011X07
B1146144406513N00306605EA0077300882
LXVVT+316H262I112W141048N+016D240+010-011G010X05
B1146154406511N00306597EA0077500885
LXVVT+316H262I100W138047N+011D229+007-005G010X02
B1146164406508N00306590EA0077700887
LXVVT+316H261I108W143051N+022D228+002+002G009X03
B1146174406506N00306583EA0077800888
LXVVT+316H261I096W145053N+026D227-003+005G009X02
B1146184406505N00306576EA0077900888
LXVVT+316H261I093W147055N+017D226-006+000G009X03
B1146194406503N00306569EA0077800886
LXVVT+316H261I100W148055N+010D231-008-004G009X01
B1146204406500N00306561EA0077600884
LXVVT+316H261I102W149055N-002D229-004+000G012X02
B1146214406497N00306553EA0077500883
LXVVT+317H261I114W148055N-001D237-002+000G013X03
B1146224406494N00306544EA0077500884
LXVVT+317H260I124W150053N+012D234+002+000G010X07
B1146234406491N00306535EA0077700885
LXVVT+317H261I117W149052N+019D226+004-007G012X00
B1146244406487N00306527EA0077900888
LXVVT+317H261I105W145046N+020D221+007-004G011X02
B1146254406484N00306520EA0078200892
LXVVT+318H261I104W145045N+038D219+007+000G009X00
B1146264406482N00306513EA0078400895
LXVVT+317H260I081W142043N+026D216+010+007G009X02
B1146274406481N00306508EA0078600896
LXVVT+317H261I075W145043N+016D226+004+005G009X02
B1146284406481N00306502EA0078600896
LXVVT+318H261I079W151041N+017D233-011-005G008X02
B1146294406480N00306496EA0078500894
LXVVT+317H261I083W158040N+016D226-017-007G010X05
B1146304406477N00306489EA0078200890
LXVVT+318H260I097W157040N+002D224-016-006G010X03
B1146314406474N00306481EA0077800887
LXVVT+317H261I126W156039N-010D221-004-003G013X06
B1146324406469N00306472EA0077700885
LXVVT+317H261I132W155038N-008D222+006+002G012X01
B1146334406466N00306464EA0077600886
LXVVT+317H260I121W152037N+021D221+013+004G013X00
B1146344406463N00306456EA0077800888
LXVVT+317H259I106W152037N+021D224+011+002G009X01
B1146354406461N00306449EA0077900889
LXVVT+317H258I090W152037N+009D228+005+000G008X02
B1146364406460N00306443EA0077800887
LXVVT+317H258I082W152037N-004D227-004-001G008X03
B1146374406458N00306436EA0077500884
LXVVT+317H258I094W153037N+000D227-014+001G009X01
B1146384406456N00306428EA0077100879
LXVVT+317H257I108W153037N-001D232-013+004G011X02
B1146394406453N00306418EA0076700874
LXVVT+317H258I131W153037N-006D233-006+002G013X02
B1146404406450N00306407EA0076500872
LXVVT+317H258I133W150038N-010D238+004+002G013X02
B1146414406446N00306396EA0076400872
LXVVT+318H258I128W146039N-010D232+010+001G011X03
B1146424406444N00306387EA0076500872
LXVVT+318H258I110W142040N-008D232+009-003G011X01
B1146434406441N00306378EA0076400872
LXVVT+318H258I095W137040N-005D237+003-003G008X02
B1146444406439N00306369EA0076300871
LXVVT+318H258I099W135041N-001D233-002+000G010X01
B1146454406436N00306361EA0076100868
LXVVT+318H258I098W133040N-003D236-007+003G009X03
B1146464406434N00306352EA0075700864
LXVVT+319H259I105W132039N-012D246-003+007G010X02
B1146474406431N00306342EA0075400861
LXVVT+319H259I110W132039N-020D241-003+006G010X01
B1146484406430N00306331EA0075100857
LXVVT+319H258I111W131040N-019D250+000+004G011X01
B1146494406428N00306320EA0074800854
LXVVT+319H258I114W131043N-017D253+001+002G012X02
B1146504406426N00306308EA0074600852
LXVVT+319H258I127W131043N-007D247+002-003G012X04
B1146514406424N00306297EA0074500851
LXVVT+319H258I118W131043N-002D251+007-004G012X01
B1146524406422N00306287EA0074600852
LXVVT+319H258I113W132043N+003D233+005-013G010X01
B1146534406419N00306278EA0074700853
LXVVT+320H258I107W132043N+008D230+002-010G011X02
B1146544406415N00306271EA0074700853
LXVVT+320H258I106W132043N+013D224+000+000G010X01
B1146554406412N00306263EA0074800855
LXVVT+320H257I108W133043N+019D217-002+003G010X01
B1146564406409N00306255EA0075000856
LXVVT+320H257I107W135045N+022D212-001-003G011X01
B1146574406406N00306248EA0075200858
LXVVT+320H257I098W136046N+022D217+001-007G010X02
B1146584406404N00306242EA0075300860
LXVVT+320H257I084W136045N+013D218+001-004G009X02
B1146594406401N00306235EA0075400861
LXVVT+320H257I082W134044N+010D219-002+001G010X01
B1147004406398N00306229EA0075500862
LXVVT+321H256I091W135044N+018D212-003+002G011X02
B1147014406396N00306223EA0075600863
LXVVT+321H256I092W137045N+023D217-003-001G010X00
B1147024406394N00306216EA0075800864
LXVVT+321H256I088W138045N+022D212-002-003G011X02
B1147034406391N00306210EA0076000866
LXVVT+321H256I087W138045N+024D220+000-002G011X01
B1147044406389N00306204EA0076300869
LXVVT+321H256I090W138046N+031D214+000+000G010X04
B1147054406386N00306198EA0076600872
LXVVT+321H256I089W139046N+034D211+000+000G010X01
B1147064406384N00306192EA0076900876
LXVVT+321H257I084W141045N+031D223+002+000G010X01
B1147074406382N00306187EA0077200879
LXVVT+321H257I076W143044N+030D226-001+002G010X01
B1147084406381N00306181EA0077400881
LXVVT+321H257I075W144042N+036D244-004+011G012X02
B1147094406380N00306173EA0077700884
LXVVT+321H257I088W145041N+040D248-010+017G011X01
B1147104406382N00306163EA0077900887
LXVVT+321H257I110W149035N+048D287-005+021G012X01
B1147114406387N00306154EA0078200890
LXVVT+321H257I122W150028N+045D315+000+036G013X01
B1147124406394N00306150EA0078500892
LXVVT+322H257I128W147024N+035D352-005+051G012X02
B1147134406403N00306152EA0078600894
LXVVT+321H257I128W148024N+031D025-005+046G015X00
B1147144406409N00306159EA0078700896
LXVVT+321H257I130W150024N+031D070+001+039G015X01
B1147154406411N00306168EA0079100900
LXVVT+321H257I127W149025N+030D096+005+041G013X01
B1147164406409N00306174EA0079500904
LXVVT+320H257I111W146027N+020D129+005+044G011X04
B1147174406405N00306176EA0079700906
LXVVT+320H257I107W147028N+023D158-001+026G012X02
B1147184406400N00306175EA0080100910
LXVVT+320H257I104W146028N+047D181+001+006G012X02
B1147194406396N00306173EA0080600915
LXVVT+320H257I093W143027N+049D193+007+005G010X01
B1147204406392N00306169EA0081100919
LXVVT+320H257I079W142026N+034D208+007+016G008X02
B1147214406390N00306164EA0081300923
LXVVT+320H257I075W141026N+033D231-005+017G009X01
B1147224406388N00306156EA0081500926
LXVVT+320H257I089W140027N+047D250-006+007G012X02
B1147234406387N00306146EA0081800930
LXVVT+319H257I102W138027N+052D248+000+006G012X04
B1147244406387N00306136EA0082300936
LXVVT+319H258I098W137028N+050D274+007+015G011X01
B1147254406390N00306127EA0082800941
LXVVT+319H258I089W136030N+043D291+007+028G010X03
B1147264406394N00306120EA0083100945
LXVVT+319H257I092W136029N+035D316+000+035G010X03
B1147274406401N00306116EA0083300947
LXVVT+319H258I100W134027N+038D340-006+030G012X01
B1147284406408N00306115EA0083600949
LXVVT+319H258I109W135028N+045D015-004+023G013X02
B1147294406416N00306118EA0084000953
LXVVT+319H258I116W135028N+048D040+003+026G012X04
B1147304406421N00306123EA0084400958
LXVVT+318H259I101W137027N+039D067+005+034G011X03
B1147314406423N00306129EA0084700961
LXVVT+318H259I099W135029N+029D103-003+039G012X02
B1147324406422N00306134EA0084800963
LXVVT+317H259I104W135031N+020D109-006+035G011X05
B1147334406417N00306137EA0085000965
LXVVT+317H259I126W138035N+036D153-004+023G012X05
B1147344406412N00306138EA0085400969
LXVVT+317H260I119W138035N+035D164+008+017G012X00
B1147354406408N00306135EA0085900974
LXVVT+317H261I095W135034N+037D199+011+014G012X05
B1147364406404N00306131EA0086500981
LXVVT+317H260I092W137034N+052D207+009+011G009X09
B1147374406402N00306125EA0087000987
LXVVT+316H261I087W141034N+051D218+003+006G010X04
B1147384406401N00306120EA0087500992
LXVVT+316H261I084W145033N+051D245-004+008G008X01
B1147394406400N00306114EA0087800995
LXVVT+315H260I085W149031N+051D246-007+007G010X02
B1147404406401N00306106EA0088100998
LXVVT+316H260I090W152029N+040D277-004+014G011X03
B1147414406404N00306099EA0088301000
LXVVT+315H260I092W153029N+037D290-004+023G011X04
B1147424406410N00306092EA0088501002
LXVVT+315H260I110W153028N+035D324+000+028G013X02
B1147434406417N00306089EA0088701004
LXVVT+315H260I117W152027N+033D354+000+033G012X03
B1147444406425N00306091EA0088901007
LXVVT+314H262I120W153027N+034D029+001+032G013X03
B1147454406431N00306096EA0089201011
LXVVT+313H263I117W152028N+033D054+004+032G012X01
B1147464406433N00306103EA0089501015
LXVVT+313H263I108W150028N+030D085+003+028G011X02
B1147474406433N00306110EA0089901019
LXVVT+313H263I094W151027N+036D117+001+027G010X01
B1147484406431N00306114EA0090301022
LXVVT+313H264I089W152025N+034D137+001+023G012X03
B1147494406427N00306115EA0090601025
LXVVT+312H265I100W152025N+043D167-006+017G010X03
B1147504406422N00306114EA0090901028
LXVVT+312H264I116W154026N+055D193+000+011G014X01
B1147514406418N00306111EA0091401034
LXVVT+312H265I095W152026N+051D205+008+020G010X05
B1147524406415N00306105EA0091901038
LXVVT+312H264I079W141026N+038D232+008+024G009X03
B1147534406414N00306097EA0092201042
LXVVT+312H264I075W133029N+037D254-001+026G011X01
B1147544406416N00306088EA0092401045
LXVVT+312H264I085W130032N+048D273+001+012G012X04
B1147554406418N00306080EA0092901050
LXVVT+311H265I085W130032N+053D265+009-007G011X04
B1147564406419N00306073EA0093401055
LXVVT+311H265I071W131031N+046D274+004-017G008X02
B1147574406420N00306066EA0093701059
LXVVT+311H265I058W131031N+034D265+001-008G008X06
B1147584406420N00306060EA0093901061
LXVVT+311H265I060W131031N+033D261-006-002G010X02
B1147594406419N00306052EA0094001062
LXVVT+311H265I072W127032N+034D249-012+000G010X04
B1148004406418N00306042EA0094101063
LXVVT+309H265I111W128032N+045D251-011-005G010X09
B1148014406416N00306031EA0094301064
LXVVT+309H266I118W126032N+038D257+002+001G012X01
B1148024406416N00306021EA0094501067
LXVVT+309H265I096W124033N+021D274+018+032G011X01
B1148034406418N00306012EA0094701069
LXVVT+308H266I073W125037N-006D271+019+034G009X03
B1148044406423N00306006EA0094601069
LXVVT+308H266I068W129041N-006D305+002+015G010X05
B1148054406428N00305999EA0094501068
LXVVT+308H266I086W131042N+017D311-010-016G011X02
B1148064406433N00305991EA0094501068
LXVVT+307H267I087W131043N+021D317-002-014G012X03
B1148074406438N00305983EA0094601069
LXVVT+307H267I093W131043N+019D319+006+010G011X03
B1148084406445N00305977EA0094801070
LXVVT+307H268I091W131044N+008D339+006+033G010X03
B1148094406452N00305976EA0094701069
LXVVT+306H268I095W133044N+001D004-003+040G010X03
B1148104406460N00305979EA0094401066
LXVVT+306H269I106W138043N+002D038-006+031G013X02
B1148114406466N00305985EA0094301064
LXVVT+305H270I117W144041N+003D067-002+024G013X01
B1148124406470N00305994EA0094401065
LXVVT+304H272I118W149038N+006D078+005+021G014X05
B1148134406473N00306002EA0094601068
LXVVT+302H273I110W151037N+012D093+011+010G012X04
B1148144406475N00306009EA0095001072
LXVVT+303H273I094W152036N+025D093+013+002G010X03
B1148154406476N00306014EA0095401076
LXVVT+303H274I077W152036N+034D096+005-003G009X01
B1148164406478N00306019EA0095701079
LXVVT+303H273I068W152036N+040D096-004+000G010X02
B1148174406480N00306024EA0095901082
LXVVT+303H273I069W153035N+045D103-010+008G011X03
B1148184406480N00306030EA0096201085
LXVVT+303H273I079W154033N+045D100-005+016G012X02
B1148194406478N00306037EA0096501088
LXVVT+301H274I092W153029N+036D106+003+010G010X06
B1148204406475N00306042EA0096901092
LXVVT+301H275I090W152026N+036D118+006-004G011X03
B1148214406473N00306047EA0097301096
LXVVT+301H276I080W151025N+045D132+005-012G010X01
B1148224406472N00306051EA0097701101
LXVVT+301H276I074W152024N+056D125+002-005G012X03
B1148234406470N00306055EA0098201107
LXVVT+301H277I079W152025N+058D124+001+004G009X01
B1148244406468N00306058EA0098701112
LXVVT+301H277I085W154029N+056D143+003+006G010X02
B1148254406466N00306060EA0099101116
LXVVT+301H277I071W158032N+049D161-002+006G008X02
B1148264406464N00306060EA0099401119
LXVVT+302H277I068W158032N+042D177-007+009G009X05
B1148274406460N00306059EA0099501120
LXVVT+301H278I084W158032N+037D199-010+013G010X02
B1148284406456N00306055EA0099701121
LXVVT+301H278I103W159033N+041D215-007+021G012X01
B1148294406453N00306047EA0099801123
LXVVT+300H278I111W156033N+038D240-001+026G013X01
B1148304406451N00306036EA0100101126
LXVVT+299H279I117W153034N+038D268+004+024G013X02
B1148314406453N00306026EA0100501131
LXVVT+298H279I116W157031N+048D281+009+022G012X00
B1148324406456N00306018EA0101001137
LXVVT+298H280I095W159028N+053D303+008+022G010X00
B1148334406460N00306013EA0101401142
LXVVT+297H279I081W160024N+048D319+002+016G009X03
B1148344406464N00306010EA0101801146
LXVVT+297H279I074W157021N+036D338-005+013G009X01
B1148354406469N00306009EA0102001148
LXVVT+298H279I077W154020N+042D003-007+010G011X01
B1148364406475N00306010EA0102401151
LXVVT+298H279I092W148019N+047D020-001+012G012X02
B1148374406479N00306013EA0102701155
LXVVT+298H279I098W132020N+046D046+002+023G010X02
B1148384406481N00306019EA0103001158
LXVVT+296H280I093W127021N+034D065+002+030G010X04
B1148394406481N00306025EA0103101160
LXVVT+295H282I099W126022N+026D092-001+018G011X01
B1148404406480N00306031EA0103401163
LXVVT+295H283I098W126022N+042D124+006+003G013X00
B1148414406478N00306036EA0104001169
LXVVT+295H284I094W126022N+057D133+010+000G012X00
B1148424406476N00306039EA0104401175
LXVVT+295H284I080W126022N+045D144+007+011G008X00
B1148434406473N00306040EA0104801179
LXVVT+295H285I076W131023N+038D164-002+017G009X04
B1148444406470N00306039EA0105001181
LXVVT+295H285I084W138025N+043D185-005+014G011X02
B1148454406466N00306036EA0105301184
LXVVT+294H286I097W145026N+052D207-005+013G011X03
B1148464406463N00306030EA0105601188
LXVVT+294H286I100W144026N+048D222-001+017G012X01
B1148474406460N00306021EA0105901192
LXVVT+294H286I097W138027N+037D237+006+017G011X03
B1148484406460N00306012EA0106301195
LXVVT+293H286I085W132030N+029D243+008+007G010X03
B1148494406460N00306004EA0106601198
LXVVT+293H287I073W129033N+031D265+006+003G010X02
B1148504406461N00305995EA0106901201
LXVVT+293H286I072W128036N+037D278-005+003G008X01
B1148514406462N00305986EA0107001203
LXVVT+293H286I087W127036N+043D297-001+009G012X03
B1148524406466N00305976EA0107201204
LXVVT+291H287I090W128037N+036D303-006+016G011X01
B1148534406471N00305969EA0107301205
LXVVT+292H287I085W130038N+022D332+001+024G011X06
B1148544406478N00305965EA0107401206
LXVVT+291H287I099W126037N+018D355+005+025G013X03
B1148554406484N00305965EA0107501208
LXVVT+290H287I111W121038N+021D020+004+030G012X03
B1148564406489N00305970EA0107601209
LXVVT+287H290I122W116041N+025D054+001+032G012X03
B1148574406491N00305976EA0107701211
LXVVT+287H290I117W116042N+023D078+005+029G013X02
B1148584406490N00305982EA0108001215
LXVVT+286H292I106W115041N+023D096+008+012G011X02
B1148594406489N00305986EA0108401218
LXVVT+287H293I090W114039N+032D124+005+001G010X01
B1149004406487N00305989EA0108801222
LXVVT+287H292I076W113038N+036D127+004-002G010X01
B1149014406485N00305992EA0109101225
LXVVT+287H292I074W112037N+041D126-003+000G008X02
B1149024406483N00305994EA0109301228
LXVVT+288H293I081W113037N+042D129-002+002G011X03
B1149034406481N00305996EA0109601231
LXVVT+288H293I082W114038N+039D144-002+006G010X01
B1149044406477N00305997EA0109901233
LXVVT+287H294I079W111037N+041D147-005+005G011X03
B1149054406473N00305998EA0110201237
LXVVT+287H294I094W112038N+046D173-004+002G011X05
B1149064406468N00305997EA0110601241
LXVVT+287H294I098W110037N+050D175+000+009G011X01
B1149074406463N00305994EA0110901245
LXVVT+285H295I097W111037N+042D181+002+012G010X03
B1149084406459N00305989EA0111201248
LXVVT+285H296I099W115036N+037D218+002+012G010X02
B1149094406456N00305982EA0111501251
LXVVT+285H295I097W119033N+039D232+001+012G010X02
B1149104406455N00305974EA0111701253
LXVVT+284H295I098W123030N+036D254+001+024G010X02
B1149114406457N00305964EA0111801255
LXVVT+284H296I102W123028N+029D288-003+029G011X02
B1149124406462N00305956EA0111801255
LXVVT+282H296I107W123027N+019D307+001+022G013X03
B1149134406468N00305950EA0112001256
LXVVT+282H297I098W128030N+015D340+006+014G011X02
B1149144406475N00305947EA0112101257
LXVVT+282H297I086W136033N+013D351+005+012G011X03
B1149154406482N00305946EA0112201259
LXVVT+282H298I087W142034N+019D021+001+010G011X02
B1149164406488N00305947EA0112401261
LXVVT+282H299I091W143034N+034D045+004+012G012X02
B1149174406493N00305950EA0112601263
LXVVT+281H299I085W139035N+030D052+005+021G010X01
B1149184406496N00305954EA0112701264
LXVVT+281H299I086W134038N+024D083-004+021G010X02
B1149194406496N00305959EA0112801265
LXVVT+281H299I092W133040N+023D099-007+014G011X02
B1149204406494N00305964EA0112801265
LXVVT+281H300I098W133039N+026D127+000+008G012X02
B1149214406491N00305968EA0113101268
LXVVT+281H299I103W132037N+029D135+006+009G012X03
B1149224406487N00305970EA0113401271
LXVVT+280H300I091W127033N+030D156+004+018G010X07
B1149234406482N00305969EA0113601275
LXVVT+281H301I097W124032N+037D183+004+014G011X04
B1149244406477N00305966EA0114001279
LXVVT+280H301I094W121032N+041D181+007+003G012X05
B1149254406473N00305963EA0114501284
LXVVT+280H302I092W124032N+049D199+005-003G009X02
B1149264406470N00305959EA0114901288
LXVVT+280H302I080W125032N+039D199+000-005G008X02
B1149274406467N00305955EA0115101290
LXVVT+281H302I070W125032N+029D209+001-001G009X03
B1149284406464N00305951EA0115301291
LXVVT+281H302I071W125032N+026D215-007+006G009X03
B1149294406462N00305944EA0115301292
LXVVT+280H302I090W128031N+035D237-014+012G010X02
B1149304406460N00305934EA0115301292
LXVVT+280H301I114W130029N+039D257-008+018G013X01
B1149314406462N00305923EA0115501293
LXVVT+280H301I124W131027N+030D293+000+030G013X01
B1149324406467N00305914EA0115601295
LXVVT+280H301I120W130026N+022D326-004+043G012X02
B1149334406474N00305910EA0115501295
LXVVT+280H301I126W126025N+009D359-006+040G013X01
B1149344406481N00305912EA0115501295
LXVVT+278H302I131W120026N+007D032+000+033G014X03
B1149354406486N00305919EA0115701297
LXVVT+277H304I119W120026N+010D062+002+024G013X03
B1149364406487N00305926EA0116001300
LXVVT+277H304I120W119027N+026D090+005+016G012X05
B1149374406486N00305932EA0116401304
LXVVT+276H306I107W119030N+034D107+007+007G010X02
B1149384406485N00305935EA0116801308
LXVVT+276H306I098W120032N+037D125+006+006G011X02
B1149394406482N00305937EA0117001311
LXVVT+275H307I091W123035N+037D130-002+005G007X01
B1149404406480N00305939EA0117201312
LXVVT+276H308I074W124036N+017D128-010-007G011X00
B1149414406477N00305941EA0117301313
LXVVT+276H308I095W124036N+030D155-005-021G011X00
B1149424406475N00305945EA0117401315
LXVVT+276H308I100W124037N+035D132-002-012G012X02
B1149434406473N00305948EA0117701318
LXVVT+276H308I084W124037N+042D143+005+004G009X01
B1149444406470N00305949EA0117901321
LXVVT+276H308I079W122035N+023D156+001+009G009X04
B1149454406467N00305948EA0118101322
LXVVT+276H308I094W125036N+027D183-006+012G010X01
B1149464406463N00305944EA0118101323
LXVVT+276H307I102W132035N+035D202-007+020G012X02
B1149474406461N00305935EA0118101322
LXVVT+275H309I107W132036N+034D234-007+031G013X04
B1149484406462N00305923EA0118101321
LXVVT+273H310I117W131038N+032D270-003+036G014X02
B1149494406468N00305911EA0118101323
LXVVT+272H313I126W131039N+032D306+003+031G016X00
B1149504406476N00305904EA0118401327
LXVVT+271H313I132W133040N+016D337+010+030G013X11
B1149514406484N00305902EA0118801332
LXVVT+269H317I127W134041N+018D009+010+034G011X09
B1149524406491N00305905EA0119001335
LXVVT+270H316I110W136041N+022D048+002+036G010X03
B1149534406495N00305910EA0119001336
LXVVT+267H321I101W139040N+019D070-005+030G010X12
B1149544406496N00305916EA0119101336
LXVVT+267H321I107W139040N+023D106-004+008G013X04
B1149554406495N00305922EA0119401337
LXVVT+266H323I109W139039N+032D113+002-001G012X01
B1149564406495N00305928EA0119901341
LXVVT+266H323I097W140037N+041D117+012-002G012X02
B1149574406493N00305931EA0120401346
LXVVT+266H323I083W140037N+040D125+015+000G009X02
B1149584406492N00305933EA0120701350
LXVVT+266H324I071W141039N+038D134+005-003G009X02
B1149594406492N00305934EA0120901353
LXVVT+267H324I069W142041N+040D159-007-005G009X02
B1150004406490N00305935EA0121001355
LXVVT+267H324I078W143042N+044D148-014-003G010X03
B1150014406487N00305936EA0121101356
LXVVT+267H325I093W143042N+033D154-007-001G010X02
B1150024406483N00305936EA0121301357
LXVVT+267H323I103W143042N+024D163+006-001G012X02
B1150034406480N00305936EA0121501360
LXVVT+267H322I092W143042N+020D175+008+002G009X01
B1150044406477N00305934EA0121701362
LXVVT+267H320I080W141041N+021D182+005+003G010X02
B1150054406474N00305931EA0121801363
LXVVT+267H320I081W141041N+021D190-001+000G010X01
B1150064406471N00305927EA0121901364
LXVVT+267H320I084W141041N+030D204-004+000G010X01
B1150074406469N00305922EA0122001365
LXVVT+267H320I089W140041N+030D214-004+008G010X01
B1150084406467N00305915EA0122101366
LXVVT+267H319I099W141041N+024D245-003+017G010X01
B1150094406467N00305905EA0122101366
LXVVT+267H319I101W141041N+016D261-003+023G012X03
B1150104406469N00305894EA0122101366
LXVVT+266H320I110W140042N+016D291-001+022G012X02
B1150114406475N00305885EA0122201368
LXVVT+265H321I115W140042N+021D314+004+020G013X03
B1150124406481N00305878EA0122501371
LXVVT+264H321I108W140042N+027D335+007+020G012X01
B1150134406489N00305874EA0122801374
LXVVT+264H322I100W140042N+029D353+005+020G010X01
B1150144406495N00305874EA0123001377
LXVVT+264H323I092W139042N+027D012+001+014G010X02
B1150154406501N00305875EA0123301379
LXVVT+264H323I084W142042N+028D033-002+004G010X02
B1150164406507N00305878EA0123501381
LXVVT+264H324I082W145042N+031D043-001+000G011X01
B1150174406512N00305881EA0123701383
LXVVT+264H324I078W148041N+031D049-002+005G010X02
B1150184406517N00305886EA0123901385
LXVVT+264H324I088W149041N+029D082-001+008G010X03
B1150194406520N00305891EA0124001387
LXVVT+264H324I092W147042N+025D089+000+017G010X01
B1150204406520N00305896EA0124101387
LXVVT+264H324I095W146045N+021D108+000+016G011X03
B1150214406519N00305899EA0124101388
LXVVT+264H324I099W146047N+021D135-002+010G011X01
B1150224406517N00305902EA0124301389
LXVVT+264H325I103W147049N+030D151+000+009G011X01
B1150234406514N00305902EA0124501391
LXVVT+263H325I093W146047N+031D168+005+010G013X05
B1150244406510N00305900EA0124801394
LXVVT+263H325I091W145047N+028D196+004+017G009X04
B1150254406508N00305895EA0124901396
LXVVT+262H325I092W146047N+019D208-001+022G009X01
B1150264406507N00305887EA0124901397
LXVVT+262H326I099W146047N+021D245-006+015G011X04
B1150274406507N00305877EA0125001397
LXVVT+263H326I118W149044N+031D266-002+010G014X01
B1150284406510N00305866EA0125301401
LXVVT+262H326I116W150044N+038D284+005+018G012X02
B1150294406516N00305857EA0125601404
LXVVT+262H326I114W150043N+027D323+005+040G011X01
B1150304406523N00305854EA0125701405
LXVVT+262H326I112W149042N+008D355-002+045G011X02
B1150314406531N00305856EA0125601405
LXVVT+259H327I118W148041N+007D028-007+032G013X02
B1150324406537N00305863EA0125601405
LXVVT+260H328I122W150041N+014D065+000+019G014X03
B1150334406540N00305871EA0125901408
LXVVT+259H330I110W156038N+025D089+010+018G013X03
B1150344406540N00305878EA0126301411
LXVVT+258H331I100W158036N+022D121+012+021G011X04
B1150354406538N00305882EA0126501413
LXVVT+258H331I089W158036N+022D147+007+024G010X01
B1150364406535N00305882EA0126601415
LXVVT+259H331I088W159036N+023D172-002+019G011X04
B1150374406531N00305880EA0126701416
LXVVT+258H331I095W159036N+031D195-005+010G012X01
B1150384406528N00305874EA0127001419
LXVVT+258H332I104W157036N+040D215+001+013G013X05
B1150394406526N00305865EA0127401422
LXVVT+259H331I104W153036N+039D248+005+033G011X01
B1150404406528N00305855EA0127401423
LXVVT+259H331I104W149039N+024D285-002+038G012X06
B1150414406534N00305846EA0127401423
LXVVT+258H332I117W148040N+019D315-002+028G014X02
B1150424406543N00305840EA0127501425
LXVVT+257H332I118W149042N+029D344+003+018G013X02
B1150434406551N00305838EA0127901429
LXVVT+256H333I107W150043N+035D009+005+022G010X01
B1150444406559N00305840EA0128201432
LXVVT+256H334I096W153044N+027D036+006+021G010X01
B1150454406565N00305844EA0128301433
LXVVT+256H334I082W159044N+016D056+001+016G009X06
B1150464406569N00305850EA0128401434
LXVVT+257H334I092W160044N+023D072-003+009G011X04
B1150474406572N00305857EA0128501435
LXVVT+256H335I103W157045N+034D086-001+006G011X05
B1150484406574N00305863EA0128701436
LXVVT+255H335I099W156046N+032D102+000+010G010X03
B1150494406573N00305868EA0128801438
LXVVT+256H336I097W156047N+026D128+002+014G010X02
B1150504406572N00305872EA0128901439
LXVVT+255H336I094W156047N+020D135+003+009G011X01
B1150514406569N00305875EA0129101441
LXVVT+256H336I093W156047N+024D152+003+000G011X02
B1150524406566N00305877EA0129301443
LXVVT+256H336I085W155045N+029D159+004-005G010X02
B1150534406564N00305877EA0129601446
LXVVT+257H336I082W154044N+030D166+002+000G010X02
B1150544406561N00305877EA0129801448
LXVVT+257H336I082W154044N+031D186-003+009G009X01
B1150554406558N00305874EA0129901449
LXVVT+257H335I094W156045N+036D214-005+014G012X03
B1150564406556N00305867EA0130001451
LXVVT+257H335I104W160045N+036D235-005+025G011X02
B1150574406557N00305858EA0130101451
LXVVT+257H334I110W163044N+030D273-006+035G013X03
B1150584406562N00305849EA0130101452
LXVVT+256H335I123W165041N+019D304-004+036G013X01
B1150594406570N00305844EA0130101453
LXVVT+254H336I129W164038N+017D340+001+030G014X04
B1151004406579N00305844EA0130301456
LXVVT+254H338I118W165038N+018D017+002+028G012X01
B1151014406586N00305848EA0130501458
LXVVT+252H339I113W165039N+018D041+003+027G012X02
B1151024406590N00305855EA0130801461
LXVVT+251H340I109W162039N+020D068+007+016G012X03
B1151034406592N00305861EA0131101464
LXVVT+252H341I090W163038N+026D093+008+004G010X01
B1151044406593N00305865EA0131401466
LXVVT+252H341I075W164038N+029D111+004-002G009X02
B1151054406593N00305870EA0131501468
LXVVT+253H341I073W164038N+027D119-002-003G010X03
B1151064406592N00305873EA0131601469
LXVVT+253H341I085W163040N+034D140-005+001G010X02
B1151074406590N00305876EA0131701470
LXVVT+252H341I090W163041N+029D135-006+002G010X01
B1151084406588N00305879EA0131801471
LXVVT+253H341I097W163041N+021D167+004-003G010X03
B1151094406585N00305881EA0132001473
LXVVT+253H340I091W162040N+022D157+009-003G012X02
B1151104406582N00305882EA0132301476
LXVVT+252H341I085W162039N+025D161+007-002G009X03
B1151114406579N00305881EA0132501479
LXVVT+253H340I082W161039N+029D176+002+002G011X02
B1151124406577N00305879EA0132701481
LXVVT+253H339I080W159038N+031D195-003+003G009X03
B1151134406574N00305876EA0132801482
LXVVT+253H339I090W158038N+032D212-004+008G011X01
B1151144406572N00305869EA0132901482
LXVVT+253H338I100W157038N+029D237-004+018G010X03
B1151154406571N00305860EA0132901483
LXVVT+253H339I104W155039N+022D263-001+027G012X03
B1151164406574N00305850EA0132901483
LXVVT+252H338I113W154039N+014D290-001+029G012X01
B1151174406580N00305841EA0132901484
LXVVT+251H338I119W154040N+017D320-001+027G013X01
B1151184406589N00305836EA0133101485
LXVVT+251H340I119W154040N+022D349+002+025G012X06
B1151194406597N00305835EA0133301488
LXVVT+250H341I106W156041N+019D010+003+024G011X01
B1151204406604N00305838EA0133501490
LXVVT+250H342I098W158041N+015D042+002+020G011X01
B1151214406609N00305843EA0133601491
LXVVT+250H342I090W159041N+020D057+001+014G011X01
B1151224406613N00305849EA0133801492
LXVVT+250H342I086W161041N+022D083-001+007G010X01
B1151234406614N00305854EA0133901493
LXVVT+250H342I085W161041N+022D096+000+004G011X01
B1151244406615N00305860EA0134001494
LXVVT+250H342I085W162041N+021D112-001+005G010X01
B1151254406614N00305865EA0134001494
LXVVT+250H342I087W162040N+021D135-002+007G011X02
B1151264406612N00305868EA0134001494
LXVVT+251H342I092W162040N+022D153+000+010G011X04
B1151274406609N00305870EA0134101495
LXVVT+250H342I102W163041N+021D159+002+008G011X03
B1151284406605N00305870EA0134201497
LXVVT+251H342I109W165044N+029D187+004+007G011X02
B1151294406602N00305867EA0134501500
LXVVT+251H341I103W167045N+031D197+006+005G011X02
B1151304406600N00305863EA0134801503
LXVVT+252H340I090W167045N+026D210+003+010G009X01
B1151314406599N00305857EA0135001505
LXVVT+252H340I079W164045N+023D238+000+014G009X03
B1151324406599N00305850EA0135001505
LXVVT+252H340I085W162045N+020D255-007+012G011X01
B1151334406601N00305841EA0135001505
LXVVT+252H340I105W162045N+028D288-008+012G012X04
B1151344406606N00305832EA0135101506
LXVVT+252H340I108W162045N+027D301-002+027G012X03
B1151354406613N00305826EA0135101507
LXVVT+251H340I114W162043N+015D344-005+039G012X01
B1151364406622N00305826EA0135001506
LXVVT+251H340I126W157041N+008D017-009+040G014X01
B1151374406628N00305832EA0134801505
LXVVT+251H341I140W154040N+009D063-007+037G019X00
B1151384406630N00305842EA0134801506
LXVVT+249H342I146W153040N+016D099+001+033G015X00
B1151394406628N00305849EA0135101508
LXVVT+248H344I132W153041N+033D130+008+025G013X02
B1151404406624N00305851EA0135601511
LXVVT+247H345I100W152038N+043D152+009+012G011X02
B1151414406621N00305850EA0135901515
LXVVT+247H346I075W148034N+047D179+008-007G009X01
B1151424406618N00305849EA0136201518
LXVVT+247H347I073W146033N+040D178+002-019G010X05
B1151434406616N00305849EA0136401520
LXVVT+248H347I082W148035N+037D169-008-018G010X06
B1151444406613N00305849EA0136501521
LXVVT+248H346I090W148039N+039D165-009-006G010X05
B1151454406610N00305849EA0136501522
LXVVT+249H346I090W148040N+025D183-003+014G011X01
B1151464406608N00305846EA0136601522
LXVVT+248H345I088W147039N+007D201-005+030G010X03
B1151474406606N00305838EA0136501522
LXVVT+248H345I121W153038N+012D246-005+017G014X05
B1151484406606N00305827EA0136701524
LXVVT+248H345I124W155038N+027D259+004+019G014X02
B1151494406610N00305817EA0137001528
LXVVT+247H346I120W155038N+029D295+007+031G011X04
B1151504406616N00305811EA0137301530
LXVVT+247H346I110W155038N+018D331+003+038G011X03
B1151514406624N00305809EA0137301530
LXVVT+248H346I114W155037N+019D012-006+037G012X01
B1151524406632N00305814EA0137201530
LXVVT+246H347I128W154037N+021D039-007+033G015X02
B1151534406636N00305824EA0137301530
LXVVT+247H347I146W154037N+021D089+003+033G017X00
B1151544406635N00305833EA0137501533
LXVVT+243H351I137W154037N+033D106+009+034G013X02
B1151554406631N00305838EA0137701536
LXVVT+245H349I125W154034N+029D155+008+035G011X03
B1151564406627N00305838EA0137801536
LXVVT+245H349I107W152032N+010D188+001+037G012X05
B1151574406623N00305831EA0137801535
LXVVT+246H349I096W144031N+002D225-006+040G013X11
B1151584406624N00305821EA0137601534
LXVVT+246H348I104W140032N+000D259-005+034G015X04
B1151594406628N00305809EA0137701535
LXVVT+243H351I123W140032N+000D288+005+021G016X00
B1152004406636N00305801EA0138101540
LXVVT+242H353I131W140031N+007D318+022+013G014X25
B1152014406643N00305799EA0138601546
LXVVT+241H354I113W140031N+022D348+023+026G009X20
B1152024406649N00305801EA0138901549
LXVVT+241H355I089W145033N+022D026+001+023G009X16
B1152034406654N00305805EA0138901549
LXVVT+241H355I098W147033N+034D057-002+008G010X01
B1152044406658N00305811EA0139101550
LXVVT+240H356I097W148033N+038D069-001+003G010X01
B1152054406660N00305818EA0139201550
LXVVT+241H356I087W152031N+020D092+004+010G010X03
B1152064406661N00305825EA0139301550
LXVVT+241H356I086W156029N+016D115+001+016G012X03
B1152074406659N00305831EA0139301551
LXVVT+242H356I098W158026N+024D131-005+023G011X03
B1152084406655N00305836EA0139201550
LXVVT+242H356I111W158025N+019D151-002+026G013X01
B1152094406649N00305837EA0139201550
LXVVT+242H356I111W155022N+011D178+001+025G013X01
B1152104406644N00305835EA0139301551
LXVVT+243H356I113W148020N+011D204+002+019G012X03
B1152114406639N00305831EA0139301552
LXVVT+243H355I114W156022N+013D213+004+020G010X00
B1152124406637N00305824EA0139401552
LXVVT+244H354I106W167022N+010D233+001+022G010X03
B1152134406636N00305816EA0139401552
LXVVT+243H353I095W167022N+002D262-005+014G011X03
B1152144406638N00305806EA0139401551
LXVVT+244H352I098W163023N+014D275-004+010G012X01
B1152154406642N00305797EA0139501552
LXVVT+243H351I101W158026N+019D298+000+013G012X01
B1152164406647N00305790EA0139601553
LXVVT+242H352I106W158027N+021D312+002+015G012X03
B1152174406655N00305784EA0139801554
LXVVT+242H352I109W158029N+029D332+007+012G012X03
B1152184406661N00305783EA0140101557
LXVVT+242H352I100W156028N+026D359+008+012G010X01
B1152194406667N00305783EA0140301558
LXVVT+242H354I078W156028N+020D019+003+011G010X03
B1152204406673N00305786EA0140301560
LXVVT+242H354I071W160029N+015D039-004+006G009X01
B1152214406677N00305791EA0140301559
LXVVT+243H353I088W163029N+019D064-007+004G012X03
B1152224406681N00305798EA0140201559
LXVVT+242H354I104W159029N+023D072-006+013G012X03
B1152234406682N00305806EA0140201559
LXVVT+242H354I115W159029N+020D101-001+027G012X02
B1152244406679N00305814EA0140301560
LXVVT+241H355I119W159029N+010D128+006+025G013X02
B1152254406675N00305818EA0140401562
LXVVT+239H356I110W159026N+009D152+010+015G012X05
B1152264406670N00305820EA0140701565
LXVVT+240H356I096W156024N+018D181+012+008G011X03
B1152274406666N00305819EA0140901568
LXVVT+241H356I079W156023N+022D193+005+012G008X03
B1152284406663N00305815EA0141001569
LXVVT+241H356I073W152023N+013D207-004+014G009X04
B1152294406661N00305810EA0140901568
LXVVT+242H356I079W152023N+008D234-007+011G010X01
B1152304406659N00305802EA0140801567
LXVVT+242H355I091W148023N+017D256-003+008G013X00
B1152314406659N00305794EA0140901567
LXVVT+241H355I096W149023N+016D263+002+013G012X01
B1152324406662N00305785EA0141001568
LXVVT+241H355I094W148024N+014D298+004+013G012X01
B1152334406666N00305778EA0141101570
LXVVT+242H354I096W148023N+016D309+003+017G010X01
B1152344406671N00305772EA0141201572
LXVVT+240H354I100W147021N+015D319+003+012G011X02
B1152354406678N00305769EA0141301573
LXVVT+240H355I097W145020N+016D349+001+002G010X01
B1152364406684N00305768EA0141401574
LXVVT+241H356I094W144020N+020D001+003-001G010X01
B1152374406690N00305768EA0141501575
LXVVT+241H356I079W147020N+013D006+001+006G009X05
B1152384406696N00305770EA0141501575
LXVVT+241H355I082W155021N+007D038-004+013G010X01
B1152394406701N00305775EA0141301573
LXVVT+241H355I098W159021N+011D063-006+017G012X02
B1152404406704N00305783EA0141201572
LXVVT+241H356I114W154022N+014D080-004+022G014X04
B1152414406705N00305792EA0141201572
LXVVT+241H356I116W155022N+013D114-001+025G012X01
B1152424406702N00305799EA0141301573
LXVVT+241H355I116W155022N+007D131+004+023G012X02
B1152434406697N00305803EA0141401574
LXVVT+240H355I108W154021N+003D161+005+018G012X02
B1152444406692N00305803EA0141501575
LXVVT+240H356I100W151020N+010D181+003+015G011X02
B1152454406687N00305800EA0141601576
LXVVT+241H356I094W151020N+013D205+001+018G010X02
B1152464406684N00305795EA0141601576
LXVVT+241H355I090W148019N+008D225-002+019G010X02
B1152474406682N00305787EA0141501575
LXVVT+241H355I097W149019N+007D248-002+013G012X02
B1152484406683N00305778EA0141501575
LXVVT+242H354I105W152018N+017D278+000+013G011X03
B1152494406686N00305769EA0141601576
LXVVT+242H354I101W151019N+017D294+002+015G011X02
B1152504406691N00305762EA0141601577
LXVVT+241H354I100W151020N+008D318+002+020G011X01
B1152514406697N00305757EA0141601577
LXVVT+241H354I104W151020N+010D346-001+019G011X02
B1152524406704N00305756EA0141601577
LXVVT+240H354I098W155022N+010D002-001+018G011X02
B1152534406712N00305759EA0141601577
LXVVT+240H354I102W158023N+007D026+003+015G011X03
B1152544406717N00305764EA0141601577
LXVVT+240H355I094W163023N+004D047+003+012G010X02
B1152554406722N00305770EA0141601576
LXVVT+239H356I089W167023N+004D061+004+005G012X01
B1152564406725N00305777EA0141601577
LXVVT+240H356I090W170023N+012D080-001+000G009X01
B1152574406727N00305784EA0141601576
LXVVT+240H356I095W169023N+015D078-002-003G012X01
B1152584406728N00305792EA0141601576
LXVVT+240H356I096W168023N+013D099-001+001G009X02
B1152594406728N00305800EA0141501576
LXVVT+241H355I099W167024N+008D105+002+007G010X04
B1153004406727N00305806EA0141401574
LXVVT+241H355I088W167023N-011D122+004+016G010X02
B1153014406724N00305811EA0141201571
LXVVT+241H355I089W168022N-014D140-001+015G010X01
B1153024406720N00305814EA0140901568
LXVVT+241H355I098W168022N-009D161-002+007G011X01
B1153034406714N00305815EA0140601566
LXVVT+241H355I101W167022N-003D172+000+000G011X01
B1153044406709N00305815EA0140501564
LXVVT+242H355I100W165021N-012D180+004-001G011X03
B1153054406704N00305814EA0140301562
LXVVT+241H355I100W166021N-014D174+003-005G010X01
B1153064406699N00305813EA0140101560
LXVVT+241H355I099W165021N-010D197+002+000G009X01
B1153074406695N00305810EA0139901558
LXVVT+242H354I095W165021N-013D197+000+005G010X04
B1153084406690N00305807EA0139601555
LXVVT+241H354I094W160020N-021D203-002+002G010X01
B1153094406686N00305802EA0139301552
LXVVT+242H354I103W160020N-014D210+001-005G011X03
B1153104406681N00305797EA0139101550
LXVVT+241H354I105W164020N-009D207+003-011G010X02
B1153114406678N00305792EA0139001548
LXVVT+242H354I098W169021N-013D216+007-007G010X01
B1153124406674N00305788EA0138801546
LXVVT+241H354I086W171021N-018D206+001-007G009X02
B1153134406671N00305784EA0138501543
LXVVT+242H354I086W173021N-017D216+000-007G010X02
B1153144406668N00305779EA0138301541
LXVVT+243H353I087W174022N-013D212-002-008G010X01
B1153154406665N00305775EA0138001538
LXVVT+242H353I091W175022N-012D206-003-010G010X01
B1153164406661N00305771EA0137801536
LXVVT+243H352I095W176023N-013D209+002-013G011X02
B1153174406658N00305769EA0137601533
LXVVT+243H352I087W176025N-021D197+001-018G010X01
B1153184406654N00305768EA0137301529
LXVVT+244H352I083W175027N-033D196+003-015G009X01
B1153194406651N00305768EA0136901525
LXVVT+244H351I079W172029N-034D167-001-011G010X03
B1153204406648N00305769EA0136401520
LXVVT+244H351I080W171030N-028D165-006-008G010X01
B1153214406644N00305771EA0135801515
LXVVT+245H351I078W173029N-035D160-004-012G010X02
B1153224406641N00305775EA0135301509
LXVVT+245H350I083W179026N-043D142-003-019G011X02
B1153234406639N00305781EA0134801504
LXVVT+246H349I086W183026N-040D129+000-020G012X03
B1153244406638N00305787EA0134401501
LXVVT+246H348I092W183026N-030D105+001-021G012X02
B1153254406638N00305794EA0134201498
LXVVT+246H348I090W175025N-022D090+004-023G011X02
B1153264406641N00305800EA0134001495
LXVVT+246H347I088W163021N-020D072+002-025G009X01
B1153274406644N00305804EA0133701492
LXVVT+247H346I091W147016N-022D050-004-018G009X02
B1153284406649N00305808EA0133301488
LXVVT+247H346I095W138014N-024D057-005-001G010X01
B1153294406653N00305812EA0132901483
LXVVT+247H345I098W134013N-030D056-005+012G010X03
B1153304406657N00305818EA0132401479
LXVVT+246H346I107W130013N-034D056-001+006G012X01
B1153314406660N00305825EA0132101476
LXVVT+246H346I108W126014N-026D065+004-010G012X05
B1153324406664N00305830EA0132001475
LXVVT+247H347I101W123014N-016D060+005-013G010X01
B1153334406668N00305835EA0131901474
LXVVT+247H346I094W122014N-014D056+004-004G009X01
B1153344406671N00305839EA0131701472
LXVVT+247H346I094W118014N-013D053-002+005G010X02
B1153354406674N00305844EA0131501469
LXVVT+248H345I097W115015N-012D060-004+008G010X01
B1153364406677N00305849EA0131301467
LXVVT+248H345I101W111017N-010D058-002-005G011X00
B1153374406680N00305855EA0131101464
LXVVT+248H345I101W109018N-012D058-002-015G010X02
B1153384406684N00305860EA0130901463
LXVVT+248H344I103W110018N-010D052-001-012G011X01
B1153394406689N00305865EA0130801461
LXVVT+248H344I104W112018N-007D051+002-001G011X02
B1153404406693N00305870EA0130701460
LXVVT+248H344I096W116018N-003D054+002+009G010X01
B1153414406697N00305875EA0130701460
LXVVT+248H343I094W117018N-004D059+001+009G010X01
B1153424406699N00305880EA0130601459
LXVVT+249H343I092W117018N-005D063+000-001G010X00
B1153434406701N00305885EA0130401457
LXVVT+249H342I093W115019N-004D065-003-008G009X01
B1153444406704N00305891EA0130201455
LXVVT+249H341I100W114019N-003D064-002-008G011X00
B1153454406708N00305896EA0130101454
LXVVT+250H341I106W112020N-004D061+000-004G011X02
B1153464406711N00305902EA0130101454
LXVVT+250H341I103W110021N-001D064+004+001G011X02
B1153474406714N00305907EA0130101454
LXVVT+251H340I090W111021N+000D062+005+003G010X01
B1153484406717N00305911EA0130101453
LXVVT+251H340I091W109021N+000D062+000-002G009X01
B1153494406720N00305916EA0130001452
LXVVT+251H339I092W108022N+002D059-005-005G009X01
B1153504406723N00305921EA0129801450
LXVVT+251H338I099W108022N+004D056-006-006G010X01
B1153514406727N00305926EA0129601449
LXVVT+251H338I102W110022N-005D053-001-002G010X00
B1153524406731N00305932EA0129401447
LXVVT+252H337I106W114022N-013D057+000+002G010X01
B1153534406735N00305938EA0129201445
LXVVT+252H337I114W117022N-013D051+000+001G010X01
B1153544406740N00305945EA0129001443
LXVVT+252H337I122W117022N-003D049+000-001G011X01
B1153554406744N00305952EA0128901441
LXVVT+252H336I122W120022N+002D050+001-003G011X01
B1153564406749N00305959EA0128801441
LXVVT+252H336I122W122022N+001D049+004+001G011X01
B1153574406753N00305966EA0128801440
LXVVT+251H337I121W121022N+002D044+004+000G010X01
B1153584406757N00305972EA0128801440
LXVVT+252H336I114W118021N+003D052+003+002G009X01
B1153594406761N00305978EA0128701438
LXVVT+252H336I108W118021N-001D049+000+001G009X01
B1154004406764N00305985EA0128401436
LXVVT+253H336I102W121020N-010D047-003+000G009X02
B1154014406768N00305992EA0128201433
LXVVT+253H336I110W124020N-006D049-005-005G010X03
B1154024406772N00306000EA0127901430
LXVVT+253H335I125W124021N+002D053+001-006G012X04
B1154034406777N00306007EA0127801429
LXVVT+253H335I124W126021N-004D048+004-001G011X01
B1154044406781N00306015EA0127801429
LXVVT+253H334I118W128020N-005D055+005+005G010X01
B1154054406784N00306022EA0127801429
LXVVT+253H334I112W132017N-004D059+007+007G011X02
B1154064406787N00306029EA0127801429
LXVVT+253H334I114W127019N+005D056+002+001G010X01
B1154074406789N00306035EA0127801429
LXVVT+253H335I111W122021N+014D055-004-007G009X01
B1154084406793N00306042EA0127701428
LXVVT+253H334I114W119022N+011D059-002-009G010X01
B1154094406796N00306049EA0127701427
LXVVT+253H334I113W120021N+004D056-001-003G010X02
B1154104406800N00306055EA0127601427
LXVVT+253H333I116W119021N+004D058+001+005G010X01
B1154114406803N00306062EA0127601426
LXVVT+254H333I111W120021N+000D062+000+006G010X02
B1154124406806N00306069EA0127401425
LXVVT+253H333I114W120021N+001D063-001+001G010X01
B1154134406809N00306077EA0127301424
LXVVT+254H332I117W119021N+004D063-003-004G010X01
B1154144406812N00306084EA0127201422
LXVVT+253H332I120W119021N+004D060-002-006G011X01
B1154154406816N00306092EA0127101421
LXVVT+254H332I115W122020N-001D061+002-002G011X00
B1154164406819N00306099EA0127001421
LXVVT+254H332I114W127019N+000D057+001+000G010X01
B1154174406823N00306107EA0127001420
LXVVT+254H332I116W131019N+005D060-001+001G010X00
B1154184406827N00306114EA0126901419
LXVVT+254H332I114W134017N+006D070+001+002G011X01
B1154194406830N00306122EA0126901419
LXVVT+256H330I110W136016N+003D072+002+006G010X01
B1154204406833N00306129EA0126801419
LXVVT+256H330I113W136015N+005D068+000+002G009X01
B1154214406836N00306137EA0126701418
LXVVT+255H330I113W136015N+006D068-003-002G010X01
B1154224406839N00306145EA0126601416
LXVVT+256H330I113W140015N+004D066-004-006G010X01
B1154234406842N00306153EA0126501415
LXVVT+256H329I121W143015N+004D066-001-005G011X02
B1154244406846N00306162EA0126401415
LXVVT+255H329I122W149015N+006D058+000-004G010X01
B1154254406850N00306170EA0126401414
LXVVT+255H330I121W155017N+006D058+002-002G011X01
B1154264406855N00306178EA0126401415
LXVVT+255H329I126W155017N+013D066+003+002G011X03
B1154274406858N00306186EA0126501416
LXVVT+255H329I119W152018N+017D067+003+004G010X01
B1154284406861N00306194EA0126701417
LXVVT+256H329I107W152019N+011D080+004+007G012X05
B1154294406863N00306200EA0126701417
LXVVT+257H328I103W150021N+007D081+000+010G009X01
B1154304406864N00306207EA0126701417
LXVVT+256H328I112W147028N+012D078-003+001G010X01
B1154314406866N00306215EA0126601416
LXVVT+257H328I112W147031N+011D089-003-007G010X02
B1154324406868N00306222EA0126501415
LXVVT+257H327I120W146033N+007D078-002-013G011X01
B1154334406871N00306230EA0126401414
LXVVT+257H328I125W144034N+005D076+000-010G011X02
B1154344406874N00306238EA0126401414
LXVVT+257H327I120W145034N+005D073+003-001G010X01
B1154354406878N00306246EA0126401415
LXVVT+257H328I115W146034N+003D073+004+007G009X03
B1154364406880N00306253EA0126401414
LXVVT+257H328I107W148034N-002D082+000+009G009X01
B1154374406882N00306260EA0126201412
LXVVT+257H327I108W148033N-004D081-004+001G009X01
B1154384406885N00306268EA0126001409
LXVVT+257H327I112W148034N-002D087-003-007G011X02
B1154394406887N00306276EA0125701407
LXVVT+258H327I117W148034N-007D081-004-006G009X01
B1154404406890N00306284EA0125501404
LXVVT+257H326I121W149034N-009D076+000-004G011X01
B1154414406894N00306292EA0125301402
LXVVT+258H326I117W153034N-014D081+005+000G012X01
B1154424406897N00306301EA0125101401
LXVVT+259H325I114W156035N-013D077+004+005G009X04
B1154434406900N00306308EA0125001400
LXVVT+259H325I104W159034N-012D077+004+004G010X04
B1154444406903N00306316EA0124901398
LXVVT+259H325I111W159034N-008D070-001-004G010X03
B1154454406906N00306323EA0124601395
LXVVT+259H327I110W157033N-003D073-005-011G010X03
B1154464406909N00306331EA0124301392
LXVVT+260H326I113W156033N-009D074-006-009G010X02
B1154474406914N00306338EA0124001388
LXVVT+260H326I119W157033N-015D072-003-001G011X01
B1154484406918N00306347EA0123701385
LXVVT+260H325I127W158033N-015D068+000+006G011X02
B1154494406922N00306355EA0123501383
LXVVT+259H326I133W155032N-013D070+003+006G011X02
B1154504406926N00306364EA0123301381
LXVVT+260H325I121W154033N-018D086+007+005G010X01
B1154514406928N00306371EA0123101378
LXVVT+261H324I112W153035N-022D080+004+002G011X01
B1154524406931N00306378EA0122801376
LXVVT+260H324I114W150035N-012D069-008-004G008X01
B1154534406934N00306386EA0122501372
LXVVT+261H325I115W149035N-013D075-003-009G012X02
B1154544406937N00306393EA0122201369
LXVVT+261H324I107W150034N-029D082+005-001G011X02
B1154554406941N00306400EA0122101367
LXVVT+261H324I115W150032N-018D061+000-004G010X05
B1154564406945N00306407EA0121901365
LXVVT+262H323I117W149031N-006D072-001-003G011X03
B1154574406949N00306415EA0121801364
LXVVT+262H323I114W150031N-006D072+003+001G011X03
B1154584406953N00306422EA0121801364
LXVVT+262H323I114W150032N-002D079+005+003G011X01
B1154594406956N00306429EA0121801364
LXVVT+262H322I109W149033N+002D080+001+003G009X02
B1155004406960N00306435EA0121701363
LXVVT+262H322I107W150033N+001D080-001+001G010X04
B1155014406963N00306442EA0121601362
LXVVT+263H322I118W146035N-005D078-004-004G010X00
B1155024406967N00306449EA0121401360
LXVVT+263H321I116W145036N-002D078-002-004G011X01
B1155034406971N00306456EA0121301359
LXVVT+263H321I118W144036N+003D080+001+003G011X01
B1155044406974N00306463EA0121301359
LXVVT+263H320I122W142037N+000D079+002+005G011X03
B1155054406978N00306470EA0121201358
LXVVT+264H320I120W140038N+004D082+001-001G009X01
B1155064406981N00306477EA0121101357
LXVVT+264H319I104W141039N-005D087+005+005G010X02
B1155074406983N00306483EA0121001356
LXVVT+264H319I105W140039N-006D084+000+003G009X01
B1155084406986N00306489EA0120901354
LXVVT+265H318I105W140039N-006D087-002+001G010X04
B1155094406988N00306496EA0120701352
LXVVT+265H317I119W137040N+004D075-005-005G010X02
B1155104406992N00306503EA0120501350
LXVVT+264H317I117W135040N+002D076-005-011G011X02
B1155114406996N00306510EA0120301348
LXVVT+265H317I121W136040N-009D074+000-006G010X01
B1155124407000N00306517EA0120101346
LXVVT+265H317I125W134039N-013D069+004+004G011X02
B1155134407003N00306523EA0120001344
LXVVT+265H317I115W134039N-010D086+002+014G009X01
B1155144407005N00306530EA0119801342
LXVVT+265H317I116W134039N-012D087-002+015G009X01
B1155154407006N00306537EA0119501339
LXVVT+265H317I128W136046N-011D104-002+010G011X00
B1155164407006N00306544EA0119201336
LXVVT+265H317I127W139052N-011D114-005+007G008X01
B1155174407005N00306551EA0119001334
LXVVT+266H317I134W139053N-004D111-001+003G010X02
B1155184407004N00306558EA0118801332
LXVVT+267H316I130W139053N-003D116+002-001G010X02
B1155194407003N00306565EA0118601330
LXVVT+268H316I120W138049N-022D121+007+003G011X01
B1155204407002N00306572EA0118501329
LXVVT+268H315I122W138046N+003D111+005+007G011X00
B1155214407001N00306578EA0118601330
LXVVT+269H314I133W139049N+016D114+007+002G012X02
B1155224407000N00306584EA0118701331
LXVVT+269H313I123W139051N+020D115+005-003G009X01
B1155234406999N00306589EA0118801332
LXVVT+269H313I116W139054N+010D126+003-002G009X02
B1155244406999N00306593EA0118601331
LXVVT+270H312I096W139053N-007D127-002+008G008X01
B1155254406997N00306597EA0118501328
LXVVT+270H312I104W138051N-016D116-002+008G010X02
B1155264406995N00306601EA0118201325
LXVVT+270H311I117W139052N-011D124-003-002G010X01
B1155274406993N00306606EA0117901322
LXVVT+271H311I120W140053N-007D128-003-007G010X01
B1155284406991N00306611EA0117501319
LXVVT+271H310I114W140052N-022D130+000-004G011X02
B1155294406989N00306616EA0117301317
LXVVT+272H310I116W140050N-016D127+004-004G012X04
B1155304406988N00306623EA0117401316
LXVVT+272H309I132W139052N+009D117+000-006G011X05
B1155314406987N00306629EA0117401316
LXVVT+272H309I123W140051N+018D116+000-004G010X04
B1155324406986N00306636EA0117401316
LXVVT+273H308I115W142050N+007D122+005+001G012X01
B1155334406985N00306642EA0117501318
LXVVT+273H307I111W144047N+001D110+008+005G010X02
B1155344406984N00306647EA0117601319
LXVVT+273H306I127W136050N+020D116+004+002G010X04
B1155354406984N00306651EA0117801321
LXVVT+273H306I112W139055N+022D125+002+002G009X01
B1155364406983N00306654EA0117801320
LXVVT+273H306I098W140058N+004D125-001+001G008X04
B1155374406982N00306657EA0117601318
LXVVT+273H306I099W140059N-005D124-007-001G008X01
B1155384406981N00306661EA0117201314
LXVVT+274H306I107W140060N-009D126-012-001G009X04
B1155394406980N00306666EA0116701309
LXVVT+275H305I122W140059N-016D125-009-001G011X01
B1155404406977N00306673EA0116301305
LXVVT+275H304I138W142058N-018D120-003-003G012X01
B1155414406975N00306681EA0116001302
LXVVT+275H304I145W143056N-011D123+004-002G013X01
B1155424406972N00306689EA0116001303
LXVVT+276H303I131W144051N-009D127+012+006G012X01
B1155434406970N00306695EA0116101305
LXVVT+277H303I119W143045N-003D124+012+006G011X02
B1155444406968N00306701EA0116401307
LXVVT+277H302I115W142043N+014D121+005-002G008X02
B1155454406966N00306706EA0116501308
LXVVT+277H301I106W142042N+026D128-001-006G009X02
B1155464406964N00306711EA0116501308
LXVVT+277H301I097W144039N+010D123-002-002G010X03
B1155474406962N00306717EA0116501307
LXVVT+277H300I104W145037N+004D119-004+003G009X01
B1155484406960N00306723EA0116301305
LXVVT+277H300I118W145038N+008D124-005-001G010X01
B1155494406958N00306729EA0116101303
LXVVT+278H299I117W145037N+004D126-005-004G010X03
B1155504406955N00306736EA0115801301
LXVVT+279H299I124W147034N-001D124-001-003G011X04
B1155514406952N00306744EA0115701301
LXVVT+279H298I131W149033N-003D122+004-001G011X03
B1155524406950N00306752EA0115801302
LXVVT+280H298I126W150032N+002D123+009+000G010X01
B1155534406948N00306758EA0115901303
LXVVT+280H297I114W151031N+001D123+010+003G011X02
B1155544406946N00306764EA0116101303
LXVVT+280H297I107W150032N+008D114+005-003G009X02
B1155554406945N00306769EA0116101303
LXVVT+280H297I104W142032N+017D116-005-006G009X02
B1155564406944N00306775EA0116001302
LXVVT+280H297I097W143032N+011D119-009-002G009X02
B1155574406942N00306781EA0115801299
LXVVT+280H297I111W144032N+000D116-008+003G010X02
B1155584406941N00306789EA0115401295
LXVVT+280H297I121W149031N-016D110-005+000G010X02
B1155594406939N00306797EA0115101292
LXVVT+279H297I133W150031N-011D113+000+002G011X00
B1156004406936N00306806EA0114901291
LXVVT+279H297I142W149032N+003D120+006+001G013X00
B1156014406934N00306813EA0114901291
LXVVT+280H297I125W149032N+014D126+008+005G010X04
B1156024406932N00306820EA0115001292
LXVVT+281H297I111W149030N+015D124+008+006G011X02
B1156034406930N00306825EA0115101293
LXVVT+281H296I105W148029N+007D126+001+003G009X01
B1156044406928N00306830EA0115101292
LXVVT+281H296I109W149031N+017D127-003-001G010X01
B1156054406925N00306836EA0115001292
LXVVT+281H295I112W150032N+013D124-004-005G010X02
B1156064406923N00306842EA0115001291
LXVVT+280H295I125W148034N+016D117-004-008G010X02
B1156074406922N00306849EA0114901290
LXVVT+281H295I120W145035N+008D120-002-007G010X01
B1156084406921N00306856EA0114801289
LXVVT+281H295I112W148035N-001D117+002-001G010X01
B1156094406920N00306863EA0114701289
LXVVT+281H295I109W153034N-002D121-001+006G010X01
B1156104406918N00306871EA0114601288
LXVVT+282H295I111W157032N-002D119+004+009G011X02
B1156114406916N00306877EA0114601288
LXVVT+282H294I116W157032N+003D119+003+000G010X02
B1156124406915N00306884EA0114601287
LXVVT+282H293I111W157032N+008D119-002-008G008X03
B1156134406913N00306891EA0114401285
LXVVT+282H294I107W157032N-002D124-003-005G010X01
B1156144406913N00306899EA0114101283
LXVVT+282H293I114W158031N-010D116-002-002G010X03
B1156154406912N00306907EA0113901280
LXVVT+281H294I135W149030N+003D113-002+001G011X03
B1156164406911N00306916EA0113801279
LXVVT+282H293I121W149030N+000D123+001+005G011X02
B1156174406910N00306924EA0113601277
LXVVT+282H293I112W150028N-014D123+005+002G010X01
B1156184406909N00306932EA0113401275
LXVVT+282H293I113W151026N-016D119+002+001G010X02
B1156194406908N00306940EA0113201273
LXVVT+282H293I120W150026N-003D120-003+000G010X02
B1156204406907N00306949EA0113001271
LXVVT+283H292I118W151026N+000D124-003-003G010X01
B1156214406906N00306957EA0112801269
LXVVT+283H292I117W154024N-009D119-001-001G010X01
B1156224406905N00306967EA0112701267
LXVVT+284H291I120W158023N-008D124+001+003G010X01
B1156234406904N00306976EA0112501266
LXVVT+284H291I116W158021N-004D128+002+005G010X01
B1156244406902N00306985EA0112401265
LXVVT+285H290I114W158019N-008D128+003+005G010X02
B1156254406901N00306993EA0112301264
LXVVT+285H290I116W158019N-003D129+001+000G009X03
B1156264406899N00307001EA0112201262
LXVVT+285H290I103W160017N-007D132-001+001G010X02
B1156274406897N00307010EA0112001259
LXVVT+285H289I109W162014N-006D125-006+000G010X04
B1156284406895N00307019EA0111701256
LXVVT+285H289I116W172012N-001D128-006+001G011X02
B1156294406892N00307029EA0111401254
LXVVT+286H289I129W177010N-004D129+000+001G012X01
B1156304406889N00307039EA0111301253
LXVVT+285H289I133W181009N-005D127+005-003G011X04
B1156314406886N00307048EA0111301253
LXVVT+286H289I118W193008N-009D128+008-004G011X01
B1156324406884N00307057EA0111501253
LXVVT+285H290I116W201009N+003D111+005-010G010X02
B1156334406884N00307066EA0111601254
LXVVT+285H289I120W170005N+029D110-003-007G011X02
B1156344406883N00307076EA0111701255
LXVVT+285H289I110W199008N+028D108-003+002G011X02
B1156354406882N00307085EA0111801256
LXVVT+285H290I112W207010N+010D103+002+007G010X04
B1156364406881N00307094EA0111801256
LXVVT+285H290I120W196009N+007D105+003+004G010X02
B1156374406880N00307101EA0111801257
LXVVT+285H290I111W173009N+013D119+000+002G009X03
B1156384406879N00307108EA0111801257
LXVVT+286H290I100W170010N+004D115-002+001G009X02
B1156394406877N00307116EA0111701255
LXVVT+286H290I107W167010N-006D110-003+000G009X01
B1156404406876N00307124EA0111401253
LXVVT+286H290I112W164010N-004D114-005-001G010X02
B1156414406874N00307132EA0111201251
LXVVT+286H290I120W165010N-001D110-004-001G011X02
B1156424406871N00307142EA0111101250
LXVVT+287H290I126W168010N+000D112-001+000G011X02
B1156434406869N00307151EA0111001250
LXVVT+288H290I127W171009N+001D115+004+004G011X01
B1156444406866N00307160EA0111101251
LXVVT+288H289I120W175008N+004D112+007+003G010X01
B1156454406864N00307168EA0111301252
LXVVT+288H289I117W175007N+013D109+004-007G010X02
B1156464406863N00307176EA0111501254
LXVVT+288H289I111W170009N+020D112+001-012G009X02
B1156474406862N00307184EA0111601255
LXVVT+288H288I104W175010N+025D100-001-010G010X02
B1156484406863N00307193EA0111701256
LXVVT+288H288I104W186013N+020D087-001-005G010X02
B1156494406864N00307201EA0111901258
LXVVT+288H288I108W187013N+023D074-001-005G011X01
B1156504406866N00307209EA0112201260
LXVVT+287H288I114W159007N+036D069-002-008G011X03
B1156514406868N00307215EA0112401263
LXVVT+287H289I088W165008N+025D076+004-004G010X03
B1156524406871N00307221EA0112601265
LXVVT+287H288I080W176011N+015D060+001-003G009X02
B1156534406874N00307227EA0112701266
LXVVT+287H288I089W177011N+020D059-010-003G010X01
B1156544406878N00307233EA0112601266
LXVVT+287H288I098W177011N+029D059-012-002G012X01
B1156554406882N00307241EA0112801268
LXVVT+287H288I109W183014N+032D056-004+001G012X03
B1156564406886N00307248EA0113301272
LXVVT+287H289I117W176013N+041D068+010+009G013X06
B1156574406888N00307254EA0113901278
LXVVT+287H289I092W163013N+041D081+008+021G010X05
B1156584406888N00307259EA0114201282
LXVVT+286H289I089W150021N+033D110-001+024G008X01
B1156594406886N00307262EA0114401283
LXVVT+286H289I088W151027N+035D134-004+020G012X04
B1157004406882N00307263EA0114601284
LXVVT+286H289I094W150027N+035D160-003+015G011X01
B1157014406877N00307262EA0114701286
LXVVT+286H289I103W146026N+032D188+003+016G012X03
B1157024406872N00307257EA0114901288
LXVVT+285H289I114W148026N+027D210+005+025G012X03
B1157034406869N00307249EA0115101290
LXVVT+285H289I118W151026N+029D242+002+032G012X02
B1157044406869N00307239EA0115201292
LXVVT+285H289I113W149027N+028D277-002+043G012X02
B1157054406872N00307230EA0115301294
LXVVT+285H290I115W148028N+016D302-002+047G012X02
B1157064406878N00307223EA0115301295
LXVVT+284H291I121W148024N+006D337-004+043G014X01
B1157074406887N00307221EA0115401297
LXVVT+285H290I123W150025N+018D008-004+043G013X01
B1157084406893N00307226EA0115601298
LXVVT+284H290I118W152025N+013D040-003+044G011X02
B1157094406897N00307233EA0115701299
LXVVT+283H291I124W150025N+013D078-002+033G013X01
B1157104406898N00307242EA0116101303
LXVVT+283H292I126W149026N+029D107+007+019G014X05
B1157114406896N00307248EA0116601308
LXVVT+283H292I112W147029N+040D123+012+019G011X02
B1157124406894N00307251EA0117101313
LXVVT+283H292I083W147030N+030D145+006+024G008X06
B1157134406892N00307250EA0117201313
LXVVT+283H292I077W148031N+026D171-004+017G010X02
B1157144406889N00307248EA0117301314
LXVVT+283H292I086W149031N+030D201-005+009G011X01
B1157154406886N00307243EA0117401315
LXVVT+283H292I099W151031N+035D218-004+022G011X01
B1157164406884N00307235EA0117501316
LXVVT+283H292I111W155031N+025D252-003+044G011X01
B1157174406887N00307225EA0117401315
LXVVT+282H292I123W157030N+007D289-006+050G014X03
B1157184406894N00307217EA0117201314
LXVVT+282H293I135W158029N+007D331-004+042G016X00
B1157194406903N00307213EA0117301316
LXVVT+282H294I127W159031N+008D358+006+034G014X01
B1157204406912N00307215EA0117701321
LXVVT+281H294I112W166036N+016D032+010+031G012X02
B1157214406918N00307220EA0118201325
LXVVT+281H294I098W170037N+021D056+006+032G010X02
B1157224406922N00307226EA0118501328
LXVVT+280H295I093W169037N+028D076+000+024G011X02
B1157234406923N00307232EA0118801331
LXVVT+280H295I088W167038N+037D097-001+014G010X03
B1157244406924N00307237EA0119101333
LXVVT+280H295I088W165040N+039D111+001+004G010X01
B1157254406924N00307241EA0119301335
LXVVT+281H296I082W165040N+027D118+000+002G010X03
B1157264406923N00307245EA0119401336
LXVVT+280H296I082W165040N+023D134-002+002G010X01
B1157274406922N00307249EA0119501337
LXVVT+281H296I087W165040N+026D136-004+003G010X01
B1157284406920N00307253EA0119601338
LXVVT+280H296I094W165040N+029D149-002+009G012X01
B1157294406917N00307255EA0119801341
LXVVT+280H296I098W165040N+034D165+002+016G011X02
B1157304406913N00307255EA0120001344
LXVVT+280H296I098W165040N+032D181+005+020G011X00
B1157314406911N00307253EA0120301347
LXVVT+280H296I097W167041N+031D200+003+020G010X01
B1157324406909N00307248EA0120501349
LXVVT+280H297I093W169042N+030D220+003+018G010X01
B1157334406908N00307242EA0120701351
LXVVT+280H296I091W171041N+025D243+001+018G009X02
B1157344406910N00307236EA0120801352
LXVVT+280H297I089W174041N+021D272-001+022G010X05
B1157354406913N00307229EA0120801352
LXVVT+280H296I091W174040N+018D293-007+024G010X03
B1157364406918N00307223EA0120701351
LXVVT+280H296I100W174041N+016D319-007+028G013X01
B1157374406926N00307219EA0120701351
LXVVT+280H296I103W175044N+013D343-004+034G012X01
B1157384406935N00307219EA0120701352
LXVVT+279H296I110W176047N+011D018-001+039G013X03
B1157394406943N00307225EA0120701352
LXVVT+278H297I111W179049N+005D047-001+039G013X03
B1157404406948N00307233EA0120801354
LXVVT+278H298I120W178049N+009D062+001+024G012X02
B1157414406952N00307242EA0121101357
LXVVT+277H299I113W178049N+028D088+007+009G012X02
B1157424406954N00307249EA0121601361
LXVVT+277H299I090W178049N+035D091+009+003G010X02
B1157434406956N00307254EA0122001365
LXVVT+278H300I072W179048N+033D109+006+005G009X02
B1157444406958N00307259EA0122201367
LXVVT+278H299I069W178049N+033D112-003+007G009X01
B1157454406958N00307264EA0122301369
LXVVT+278H300I070W178049N+032D108-010+003G009X01
B1157464406959N00307269EA0122501370
LXVVT+278H299I089W177050N+035D123-008-003G011X02
B1157474406959N00307275EA0122601372
LXVVT+278H299I098W176051N+034D125-002+003G012X03
B1157484406958N00307280EA0122901374
LXVVT+278H299I104W176053N+034D133-002+012G010X01
B1157494406955N00307284EA0123101376
LXVVT+278H300I101W176051N+031D150+002+016G011X02
B1157504406952N00307287EA0123201379
LXVVT+276H300I097W175048N+023D164+004+015G010X02
B1157514406949N00307286EA0123501381
LXVVT+277H301I093W171045N+032D197+002+018G011X01
B1157524406946N00307283EA0123701383
LXVVT+277H301I094W167043N+033D208+001+020G011X04
B1157534406944N00307277EA0123901385
LXVVT+277H301I096W168043N+028D240+003+028G011X04
B1157544406945N00307270EA0124101387
LXVVT+277H300I089W167043N+024D271-005+037G010X06
B1157554406949N00307262EA0124001386
LXVVT+276H301I106W170040N+021D300-007+036G012X06
B1157564406956N00307256EA0124001386
LXVVT+275H302I125W170037N+012D335-004+035G013X00
B1157574406965N00307256EA0124101387
LXVVT+275H303I130W170035N+016D007+001+038G014X05
B1157584406973N00307261EA0124201390
LXVVT+274H303I142W165034N+023D049+005+039G014X03
B1157594406977N00307269EA0124401392
LXVVT+274H304I141W157034N+023D080+003+041G014X00
B1158004406977N00307277EA0124701395
LXVVT+272H305I131W155035N+022D103+004+031G011X01
B1158014406975N00307282EA0125101399
LXVVT+272H305I107W155035N+026D136+010+016G013X02
B1158024406972N00307284EA0125601403
LXVVT+273H306I084W155033N+033D155+011+007G009X01
B1158034406970N00307285EA0125901407
LXVVT+273H306I070W154032N+034D171+001+001G008X01
B1158044406968N00307285EA0126101408
LXVVT+273H306I061W153031N+025D194-004-003G009X06
B1158054406966N00307284EA0126201410
LXVVT+273H306I070W152031N+034D181-009+007G009X07
B1158064406962N00307281EA0126201410
LXVVT+272H306I105W159033N+017D194-009+011G012X00
B1158074406959N00307276EA0126401412
LXVVT+272H306I107W164034N+036D235+001+012G011X01
B1158084406958N00307269EA0126701415
LXVVT+272H305I092W164034N+042D240+004+021G010X02
B1158094406959N00307262EA0126901416
LXVVT+273H305I086W162035N+013D268+006+029G010X02
B1158104406963N00307255EA0126901417
LXVVT+272H305I094W161036N+014D295-006+027G011X06
B1158114406969N00307248EA0126901417
LXVVT+273H304I121W161035N+036D320-007+024G014X00
B1158124406979N00307244EA0127001419
LXVVT+271H304I121W164039N+036D347+004+029G014X02
B1158134406989N00307246EA0127201422
LXVVT+270H306I125W167043N+021D014+010+031G013X02
B1158144406996N00307251EA0127701427
LXVVT+270H307I122W168044N+027D053+015+032G013X04
B1158154407000N00307257EA0128201432
LXVVT+269H308I102W167044N+031D070+013+027G010X04
B1158164407002N00307263EA0128501436
LXVVT+269H308I087W166044N+029D110+005+026G009X04
B1158174407001N00307267EA0128701437
LXVVT+269H309I072W168041N+027D115-001+008G010X04
B1158184407000N00307271EA0128901438
LXVVT+269H309I077W169039N+023D141-006-009G009X00
B1158194406999N00307276EA0128901439
LXVVT+270H310I083W169039N+015D131-004-008G011X03
B1158204406998N00307281EA0129001440
LXVVT+270H309I085W170039N+023D132-002+002G011X01
B1158214406997N00307286EA0129101441
LXVVT+270H309I091W170038N+026D152+002+012G011X05
B1158224406994N00307289EA0129301443
LXVVT+270H309I084W170037N+021D164-005+022G010X03
B1158234406991N00307290EA0129301443
LXVVT+270H309I094W168035N+017D189-007+025G011X01
B1158244406987N00307286EA0129201443
LXVVT+270H309I105W167035N+015D204-004+026G012X04
B1158254406984N00307279EA0129301443
LXVVT+270H308I120W167034N+026D237+000+028G014X05
B1158264406984N00307268EA0129501445
LXVVT+269H307I120W165035N+026D257+005+028G012X01
B1158274406987N00307258EA0129701448
LXVVT+268H307I119W164036N+024D289+006+032G011X01
B1158284406993N00307249EA0129901450
LXVVT+268H307I111W163038N+021D315+005+031G012X02
B1158294407001N00307244EA0130201453
LXVVT+268H307I103W164041N+026D349+001+028G012X02
B1158304407009N00307243EA0130401455
LXVVT+267H308I107W164041N+033D006-002+028G012X01
B1158314407017N00307246EA0130601458
LXVVT+267H309I111W162040N+034D037-002+030G012X02
B1158324407023N00307252EA0130801460
LXVVT+266H310I108W161040N+032D066-002+031G012X01
B1158334407025N00307260EA0131101463
LXVVT+265H311I109W161040N+031D102-002+034G012X01
B1158344407024N00307266EA0131301464
LXVVT+266H311I108W160040N+030D137-007+045G011X03
B1158354407020N00307268EA0131201463
LXVVT+265H312I119W160042N+018D174-011+052G013X02
B1158364407015N00307263EA0130901462
LXVVT+264H313I135W161043N+018D211-008+046G017X00
B1158374407014N00307251EA0131001462
LXVVT+263H314I144W161043N+018D250+000+036G017X00
B1158384407018N00307239EA0131301465
LXVVT+263H316I138W161043N+018D284+008+035G014X03
B1158394407025N00307231EA0131701470
LXVVT+262H316I117W161043N+020D326+011+037G012X01
B1158404407033N00307228EA0132101474
LXVVT+262H317I101W161043N+020D358+004+038G010X02
B1158414407040N00307230EA0132201475
LXVVT+262H316I095W162044N+023D032-002+029G012X02
B1158424407046N00307236EA0132401477
LXVVT+261H317I104W162044N+038D057-005+021G013X02
B1158434407049N00307244EA0132701479
LXVVT+262H317I119W161045N+046D096+004+024G014X02
B1158444407049N00307251EA0133001482
LXVVT+261H318I110W160045N+036D119+004+040G011X02
B1158454407045N00307255EA0133101483
LXVVT+261H318I113W160044N+026D160-001+045G012X02
B1158464407040N00307254EA0133001483
LXVVT+262H318I123W160045N+019D193-005+044G013X01
B1158474407037N00307246EA0133001484
LXVVT+261H320I130W160044N+019D228-003+039G015X02
B1158484407037N00307235EA0133201487
LXVVT+261H318I132W160044N+019D270+000+040G015X02
B1158494407042N00307224EA0133501490
LXVVT+260H319I128W163042N+021D297+003+042G012X00
B1158504407049N00307218EA0133701492
LXVVT+259H319I123W163040N+021D337+000+039G012X01
B1158514407058N00307217EA0134001494
LXVVT+259H319I113W163040N+025D003+001+027G012X02
B1158524407066N00307219EA0134301497
LXVVT+259H320I100W166042N+030D033+005+019G012X01
B1158534407072N00307224EA0134701501
LXVVT+259H320I086W170043N+035D055+006+015G010X01
B1158544407076N00307231EA0134901504
LXVVT+259H321I086W171043N+036D080+005+019G011X03
B1158554407078N00307237EA0135201506
LXVVT+259H321I085W171044N+032D093-001+022G009X02
B1158564407078N00307243EA0135301508
LXVVT+259H321I088W171043N+032D127-002+020G012X02
B1158574407076N00307247EA0135501509
LXVVT+259H322I094W171043N+036D148+003+016G012X02
B1158584407072N00307249EA0135701512
LXVVT+259H321I098W171042N+036D169+004+020G010X02
B1158594407069N00307247EA0135901514
LXVVT+258H322I093W170041N+028D195+000+026G010X01
B1159004407066N00307242EA0136001515
LXVVT+259H323I097W167039N+025D226-003+032G011X01
B1159014407064N00307234EA0136001516
LXVVT+258H323I107W165039N+019D242-003+032G012X01
B1159024407065N00307224EA0136101517
LXVVT+259H322I114W165039N+025D280-002+031G013X02
B1159034407069N00307215EA0136301519
LXVVT+257H322I119W166038N+028D299+000+035G013X01
B1159044407077N00307209EA0136501522
LXVVT+257H324I122W167036N+031D337+002+038G013X01
B1159054407085N00307207EA0136801525
LXVVT+256H325I111W167036N+026D005+001+033G012X02
B1159064407093N00307210EA0137001527
LXVVT+256H326I103W169037N+022D030+001+027G011X02
B1159074407099N00307216EA0137301530
LXVVT+256H326I096W171038N+029D062+001+021G011X01
B1159084407103N00307223EA0137501532
LXVVT+255H325I097W171038N+036D081+001+019G011X01
B1159094407104N00307230EA0137801535
LXVVT+256H327I096W169039N+039D106+000+022G010X01
B1159104407103N00307236EA0138001537
LXVVT+256H328I097W169039N+034D133+001+025G011X03
B1159114407100N00307239EA0138101538
LXVVT+255H327I099W169040N+025D157+001+025G011X01
B1159124407096N00307239EA0138201540
LXVVT+255H327I101W169039N+026D191-001+028G011X01
B1159134407092N00307234EA0138301540
LXVVT+255H327I107W168039N+023D222-004+033G011X00
B1159144407091N00307226EA0138301540
LXVVT+255H326I111W169039N+018D258-007+045G013X02
B1159154407094N00307216EA0138101538
LXVVT+256H326I122W171038N+015D296-010+050G015X00
B1159164407103N00307209EA0137901537
LXVVT+254H328I136W171038N+015D336-002+046G017X00
B1159174407113N00307210EA0138101539
LXVVT+253H329I132W171038N+015D013+004+035G016X00
B1159184407121N00307216EA0138501544
LXVVT+253H330I125W173040N+024D052+007+030G014X03
B1159194407126N00307224EA0139001549
LXVVT+253H330I110W175041N+038D078+007+035G011X01
B1159204407127N00307233EA0139401552
LXVVT+252H332I107W176041N+034D107+005+028G011X03
B1159214407126N00307239EA0139701555
LXVVT+252H332I095W176041N+036D131+002+017G010X01
B1159224407124N00307243EA0139901557
LXVVT+253H332I088W176041N+043D150+001+004G010X01
B1159234407122N00307246EA0140101559
LXVVT+253H333I083W176040N+036D147+004-001G010X01
B1159244407119N00307249EA0140301562
LXVVT+253H332I077W176039N+030D149+000-006G010X01
B1159254407117N00307251EA0140401563
LXVVT+253H332I076W176038N+026D151+000-005G010X02
B1159264407115N00307253EA0140601565
LXVVT+253H332I081W176038N+032D147+000-005G010X01
B1159274407113N00307256EA0140801567
LXVVT+254H332I079W176039N+029D149+000-008G010X01
B1159284407111N00307258EA0140901568
LXVVT+254H332I071W175040N+023D156+000-004G010X03
B1159294407109N00307261EA0141001569
LXVVT+254H331I065W176038N+019D153-003+004G010X01
B1159304407106N00307263EA0141001570
LXVVT+254H331I078W176037N+021D155-005+003G010X03
B1159314407103N00307266EA0141101570
LXVVT+254H331I087W176037N+027D160-003-005G011X00
B1159324407101N00307269EA0141201571
LXVVT+254H330I093W176037N+027D152+000-008G011X01
B1159334407098N00307273EA0141401573
LXVVT+254H330I094W176037N+031D149+002-004G011X02
B1159344407096N00307278EA0141601576
LXVVT+254H330I091W174038N+031D155+005+004G011X02
B1159354407094N00307281EA0141901579
LXVVT+253H331I088W173038N+031D147+000+008G009X02
B1159364407091N00307284EA0142101581
LXVVT+253H331I091W171040N+036D160-002+006G010X03
B1159374407088N00307286EA0142301583
LXVVT+253H331I093W172042N+033D167-003+005G009X02
B1159384407085N00307287EA0142501584
LXVVT+253H331I080W169039N+024D169-001+010G011X05
B1159394407081N00307286EA0142501586
LXVVT+253H332I084W166036N+018D169+001+015G010X01
B1159404407077N00307284EA0142701587
LXVVT+253H332I094W167036N+026D184+002+006G012X03
B1159414407073N00307280EA0142901590
LXVVT+253H332I089W161034N+032D179+005-008G011X01
B1159424407069N00307278EA0143101592
LXVVT+253H332I078W157033N+028D179+005-015G010X01
B1159434407066N00307277EA0143201594
LXVVT+254H332I072W155031N+019D170+000-009G009X01
B1159444407063N00307277EA0143401596
LXVVT+254H332I072W154031N+023D164-001+001G010X01
B1159454407060N00307276EA0143501597
LXVVT+254H331I072W152029N+026D173-001+000G010X01
B1159464407056N00307276EA0143701599
LXVVT+254H331I076W152029N+028D168-001-003G009X02
B1159474407053N00307275EA0143901601
LXVVT+254H331I079W152029N+028D167-003-009G010X01
B1159484407050N00307276EA0144001602
LXVVT+254H330I080W151030N+024D164-003-009G010X03
B1159494407047N00307278EA0144101603
LXVVT+255H330I087W149031N+026D157-001-002G011X02
B1159504407044N00307280EA0144201605
LXVVT+254H330I079W153028N+024D142+002+001G010X03
B1159514407040N00307282EA0144501607
LXVVT+254H330I082W154027N+029D160+005-002G012X03
B1159524407037N00307284EA0144801610
LXVVT+254H330I079W154027N+039D156+004-001G011X02
B1159534407034N00307285EA0145101614
LXVVT+255H330I079W154029N+037D165+004+009G010X02
B1159544407031N00307284EA0145301617
LXVVT+255H330I079W158030N+034D181+000+013G009X01
B1159554407028N00307281EA0145501618
LXVVT+254H330I077W151029N+032D201-006+013G009X02
B1159564407023N00307276EA0145601619
LXVVT+254H329I090W143030N+034D215-005+013G011X01
B1159574407020N00307269EA0145701620
LXVVT+255H329I100W136031N+031D236-003+020G011X01
B1159584407017N00307260EA0145901622
LXVVT+255H329I106W131035N+029D256-002+029G011X01
B1159594407017N00307248EA0145901622
LXVVT+254H329I109W129038N+017D277+001+035G012X00
B1200004407020N00307236EA0145901623
LXVVT+253H329I115W128038N+011D298+001+035G012X02
B1200014407025N00307227EA0146001623
LXVVT+251H331I113W127037N+017D323+002+030G014X03
B1200024407032N00307221EA0146201626
LXVVT+250H332I106W125036N+018D345+006+026G011X01
B1200034407039N00307219EA0146401628
LXVVT+250H333I094W123036N+014D003+006+024G010X01
B1200044407044N00307220EA0146501630
LXVVT+250H333I081W124035N+009D031+000+019G010X03
B1200054407049N00307222EA0146601630
LXVVT+250H334I083W124036N+017D059-004+008G010X02
B1200064407053N00307225EA0146601630
LXVVT+250H334I078W124035N+023D054-004+011G011X03
B1200074407056N00307230EA0146701631
LXVVT+250H334I086W125035N+018D072-004+014G011X03
B1200084407058N00307236EA0146701631
LXVVT+250H335I097W124035N+017D080+002+014G011X01
B1200094407058N00307241EA0146901633
LXVVT+248H337I097W124036N+021D100+004+007G011X02
B1200104407057N00307246EA0147101635
LXVVT+249H336I091W124037N+026D109+005+002G010X02
B1200114407056N00307251EA0147301638
LXVVT+247H338I091W125038N+031D108+001-006G010X02
B1200124407056N00307255EA0147501640
LXVVT+248H338I098W125042N+034D117+002-007G011X03
B1200134407055N00307258EA0147801644
LXVVT+248H338I088W125045N+036D112+004+002G010X02
B1200144407054N00307261EA0148101647
LXVVT+248H339I078W126047N+030D118+004+010G010X02
B1200154407053N00307262EA0148301649
LXVVT+249H338I072W126048N+025D140+000+008G009X02
B1200164407051N00307262EA0148501651
LXVVT+248H339I075W128049N+029D142-003-002G010X01
B1200174407049N00307263EA0148601652
LXVVT+249H338I075W129050N+029D153-002-006G010X01
B1200184407047N00307264EA0148801654
LXVVT+249H338I076W129050N+028D145-002-002G010X01
B1200194407045N00307265EA0148901656
LXVVT+249H338I081W129050N+027D132+000+000G011X01
B1200204407042N00307267EA0149201659
LXVVT+249H337I079W129050N+031D140+002-005G011X01
B1200214407041N00307269EA0149501661
LXVVT+249H338I071W129048N+034D130-001-006G010X02
B1200224407039N00307271EA0149701664
LXVVT+249H337I073W130045N+033D132-005-003G010X01
B1200234407037N00307274EA0149901666
LXVVT+249H337I083W130044N+037D127-003-001G011X03
B1200244407035N00307278EA0150201670
LXVVT+249H337I088W131043N+045D124+000-005G011X01
B1200254407034N00307282EA0150601674
LXVVT+248H338I094W130044N+048D122+001-008G010X03
B1200264407034N00307286EA0151001678
LXVVT+248H337I101W124048N+050D122+003-003G010X02
B1200274407033N00307289EA0151501683
LXVVT+248H337I076W124049N+040D129+002+015G009X05
B1200284407031N00307289EA0151701685
LXVVT+248H337I076W125050N+033D154-005+027G008X01
B1200294407028N00307288EA0151701685
LXVVT+247H338I091W128050N+025D168-009+026G012X02
B1200304407023N00307284EA0151701685
LXVVT+247H339I107W129050N+027D206-004+021G015X01
B1200314407019N00307276EA0152001688
LXVVT+246H340I124W133049N+044D221+002+025G013X07
B1200324407017N00307265EA0152401692
LXVVT+246H340I117W134049N+040D255+004+037G011X01
B1200334407018N00307254EA0152601695
LXVVT+246H342I106W134049N+027D280+000+040G010X01
B1200344407023N00307243EA0152801697
LXVVT+245H342I102W134049N+020D309-001+034G012X02
B1200354407029N00307236EA0153101700
LXVVT+244H343I111W132046N+036D336-002+024G013X04
B1200364407037N00307232EA0153501705
LXVVT+243H344I110W127044N+051D005+002+024G012X02
B1200374407043N00307233EA0154001709
LXVVT+243H344I098W122044N+043D031+003+035G010X03
B1200384407047N00307236EA0154201712
LXVVT+242H345I099W121045N+030D064-002+036G010X03
B1200394407048N00307242EA0154401713
LXVVT+241H346I113W120048N+039D098-004+029G013X02
B1200404407047N00307247EA0154601716
LXVVT+240H347I116W120048N+049D130+003+027G013X01
B1200414407043N00307248EA0155001720
LXVVT+239H348I107W120049N+033D149+008+035G011X01
B1200424407038N00307246EA0155201722
LXVVT+238H350I096W118048N+018D177+005+031G011X03
B1200434407034N00307240EA0155301724
LXVVT+238H351I097W118048N+032D211+002+017G013X05
B1200444407031N00307232EA0155701728
LXVVT+238H351I091W116049N+053D228+004+009G012X01
B1200454407029N00307223EA0156201734
LXVVT+238H352I087W117048N+050D236+004+017G009X04
B1200464407029N00307214EA0156501737
LXVVT+238H352I087W119046N+038D261+002+023G009X01
B1200474407031N00307205EA0156701740
LXVVT+238H352I084W119045N+028D284-005+027G008X04
B1200484407035N00307196EA0156801740
LXVVT+238H351I097W119045N+032D318-009+021G011X01
B1200494407042N00307187EA0156901741
LXVVT+239H351I115W119045N+035D339-002+022G015X00
B1200504407049N00307183EA0157201744
LXVVT+238H352I116W118045N+035D004+005+032G012X01
B1200514407056N00307183EA0157501748
LXVVT+238H352I105W118045N+028D032+004+040G011X01
B1200524407061N00307186EA0157701750
LXVVT+238H352I100W119044N+019D058+003+035G011X01
B1200534407063N00307191EA0158001753
LXVVT+237H352I100W119044N+027D083+001+020G012X01
B1200544407063N00307197EA0158301757
LXVVT+237H353I099W120043N+044D114+001+017G011X02
B1200554407061N00307200EA0158701760
LXVVT+237H353I097W120043N+040D142+000+029G010X01
B1200564407057N00307201EA0158801762
LXVVT+237H353I096W120044N+025D159-004+041G010X05
B1200574407052N00307197EA0158801761
LXVVT+235H355I119W124044N+022D199-009+035G013X01
B1200584407048N00307187EA0158801762
LXVVT+236H355I128W124044N+028D225-003+031G014X01
B1200594407046N00307175EA0159101765
LXVVT+235H356I126W123045N+032D266+004+038G014X01
B1201004407049N00307162EA0159401768
LXVVT+234H357I120W122046N+024D296+004+045G013X01
B1201014407055N00307153EA0159701772
LXVVT+232H358I117W122046N+020D327+003+042G013X01
B1201024407063N00307149EA0159901774
LXVVT+233H358I113W122046N+031D010+000+034G013X01
B1201034407070N00307150EA0160201778
LXVVT+232H360I110W120046N+037D029+002+028G011X01
B1201044407074N00307154EA0160601781
LXVVT+232H360I106W119046N+038D060+003+024G011X01
B1201054407077N00307159EA0160901784
LXVVT+230H362I101W119046N+038D078+003+015G011X01
B1201064407077N00307164EA0161301788
LXVVT+230H363I094W119046N+042D098+005+006G010X01
B1201074407078N00307168EA0161601791
LXVVT+231H363I079W119044N+039D105+005+003G009X01
B1201084407078N00307171EA0161901794
LXVVT+231H363I065W119042N+032D101+004+001G009X01
B1201094407078N00307174EA0162101797
LXVVT+231H364I066W119041N+038D107-003-002G010X01
B1201104407078N00307177EA0162301799
LXVVT+232H363I079W119041N+045D114-007+000G010X01
B1201114407077N00307181EA0162501802
LXVVT+232H363I083W119041N+040D115-002+007G011X01
B1201124407076N00307184EA0162801805
LXVVT+232H363I081W119041N+036D118+001+010G011X01
B1201134407074N00307186EA0163101808
LXVVT+232H363I089W120042N+037D141+003+009G010X01
B1201144407071N00307187EA0163401811
LXVVT+231H363I087W122043N+039D150+001+013G010X02
B1201154407067N00307186EA0163701814
LXVVT+231H362I092W125043N+041D174-001+016G011X01
B1201164407063N00307182EA0163901817
LXVVT+231H363I100W128043N+044D199-004+018G010X02
B1201174407059N00307175EA0164201819
LXVVT+231H364I104W130043N+046D219-001+025G011X01
B1201184407057N00307166EA0164501822
LXVVT+231H362I100W127045N+035D246+003+032G013X04
B1201194407058N00307155EA0164701824
LXVVT+231H362I108W127045N+031D282-002+036G011X02
B1201204407062N00307144EA0164801826
LXVVT+230H363I107W127045N+029D304-003+033G012X01
B1201214407069N00307136EA0165001828
LXVVT+230H362I107W128046N+028D340-001+029G012X01
B1201224407076N00307132EA0165201831
LXVVT+229H364I108W127045N+032D356+000+026G013X01
B1201234407083N00307132EA0165501834
LXVVT+228H365I108W125045N+037D028+001+026G011X01
B1201244407089N00307135EA0165901838
LXVVT+228H366I109W123046N+040D047+002+025G011X01
B1201254407092N00307140EA0166201841
LXVVT+227H367I106W122047N+039D083+004+026G011X01
B1201264407093N00307145EA0166501844
LXVVT+226H368I100W122047N+034D098+002+023G011X01
B1201274407092N00307149EA0166801847
LXVVT+226H369I093W121046N+036D127+002+017G011X01
B1201284407089N00307151EA0167101850
LXVVT+226H369I091W121045N+039D144+001+015G011X01
B1201294407085N00307151EA0167401853
LXVVT+226H370I093W120044N+042D163+000+016G011X00
B1201304407081N00307149EA0167701857
LXVVT+226H370I095W121045N+043D181+000+019G010X01
B1201314407077N00307144EA0167901860
LXVVT+225H371I102W123044N+042D198+000+022G009X03
B1201324407074N00307136EA0168101862
LXVVT+225H371I106W127043N+033D229+002+024G011X01
B1201334407073N00307127EA0168301864
LXVVT+224H372I100W127043N+026D250-001+026G010X02
B1201344407074N00307115EA0168501865
LXVVT+223H372I105W126044N+031D289-002+029G012X01
B1201354407079N00307105EA0168601867
LXVVT+223H372I106W127046N+024D303+001+033G012X01
B1201364407086N00307097EA0168701868
LXVVT+223H372I109W128048N+021D333+002+029G012X01
B1201374407094N00307092EA0168901871
LXVVT+222H374I112W128048N+030D004+002+025G012X04
B1201384407102N00307091EA0169301875
LXVVT+222H375I102W130049N+039D023+003+027G012X01
B1201394407107N00307094EA0169701879
LXVVT+221H376I097W129049N+039D039+005+023G011X02
B1201404407111N00307097EA0170101883
LXVVT+221H377I089W130048N+038D067+004+015G010X02
B1201414407114N00307102EA0170401886
LXVVT+221H378I085W130048N+041D087+002+009G010X01
B1201424407115N00307105EA0170701890
LXVVT+221H378I081W130048N+043D098-002+007G010X01
B1201434407115N00307109EA0171001892
LXVVT+221H378I082W130047N+042D118-003+010G010X01
B1201444407114N00307113EA0171201895
LXVVT+221H378I087W130047N+039D123-003+014G010X01
B1201454407111N00307115EA0171401897
LXVVT+221H378I095W129045N+036D158-002+018G011X00
B1201464407107N00307115EA0171601899
LXVVT+221H378I099W127044N+035D174-003+027G011X02
B1201474407102N00307111EA0171701900
LXVVT+220H379I112W127044N+032D201+000+033G012X01
B1201484407098N00307102EA0171801902
LXVVT+219H379I120W130043N+030D231+002+037G013X02
B1201494407098N00307091EA0172001904
LXVVT+217H381I116W131043N+025D259+004+033G013X02
B1201504407101N00307079EA0172201906
LXVVT+216H382I112W131044N+024D295+001+033G012X01
B1201514407106N00307070EA0172301908
LXVVT+215H385I110W131045N+026D315-002+028G012X02
B1201524407114N00307063EA0172601911
LXVVT+215H385I117W131045N+038D351+000+024G012X03
B1201534407122N00307060EA0173001915
LXVVT+214H387I112W128044N+043D008+005+027G012X01
B1201544407128N00307061EA0173401918
LXVVT+214H388I097W128044N+032D035+005+029G011X03
B1201554407133N00307065EA0173601921
LXVVT+214H388I096W127044N+031D063-001+025G011X02
B1201564407135N00307070EA0173801923
LXVVT+214H389I104W127045N+043D086-001+017G012X03
B1201574407135N00307075EA0174101926
LXVVT+214H389I105W126046N+047D110+003+018G012X02
B1201584407133N00307079EA0174501930
LXVVT+214H390I098W126047N+043D132+004+023G010X01
B1201594407129N00307080EA0174801933
LXVVT+214H390I096W126046N+035D156+002+024G010X01
B1202004407125N00307078EA0175001935
LXVVT+214H390I095W124045N+035D187+001+020G011X01
B1202014407121N00307074EA0175201938
LXVVT+214H391I096W123045N+039D203+002+016G011X03
B1202024407118N00307067EA0175501942
LXVVT+214H390I087W123045N+036D217+003+022G010X04
B1202034407116N00307058EA0175701944
LXVVT+214H390I089W123045N+027D245+001+020G010X01
B1202044407116N00307048EA0175801945
LXVVT+214H389I092W124044N+026D264-003+019G010X01
B1202054407118N00307038EA0176001947
LXVVT+215H388I096W124045N+031D286-003+020G011X01
B1202064407123N00307028EA0176101948
LXVVT+214H388I102W124045N+027D311-002+029G011X01
B1202074407129N00307020EA0176101948
LXVVT+214H389I107W125046N+024D340-006+039G012X02
B1202084407138N00307017EA0176101949
LXVVT+213H389I121W125046N+022D015-002+040G016X00
B1202094407145N00307020EA0176301951
LXVVT+211H391I123W123046N+018D048+004+034G014X01
B1202104407148N00307025EA0176701955
LXVVT+211H393I115W121048N+028D077+006+030G012X02
B1202114407149N00307030EA0177101959
LXVVT+210H395I103W121049N+030D112+006+025G011X02
B1202124407147N00307033EA0177401963
LXVVT+210H395I092W121049N+037D134-002+023G009X05
B1202134407143N00307033EA0177601964
LXVVT+210H396I098W121049N+038D158-004+014G011X01
B1202144407139N00307032EA0177801966
LXVVT+211H396I096W120049N+034D180+000+012G010X02
B1202154407134N00307028EA0178001968
LXVVT+210H396I101W121049N+033D190+002+017G010X01
B1202164407131N00307021EA0178101969
LXVVT+209H396I099W122049N+020D220+002+021G010X01
B1202174407129N00307012EA0178201970
LXVVT+210H395I099W123048N+022D243-001+026G011X01
B1202184407129N00307001EA0178201970
LXVVT+210H395I104W123048N+021D271-002+029G011X01
B1202194407132N00306990EA0178201970
LXVVT+210H395I104W123048N+014D292-001+030G012X02
B1202204407138N00306980EA0178201970
LXVVT+209H396I107W124049N+012D320+002+030G012X01
B1202214407146N00306974EA0178201971
LXVVT+208H397I109W125050N+014D345+002+028G013X02
B1202224407154N00306972EA0178401973
LXVVT+207H399I120W124050N+030D017+003+024G012X05
B1202234407161N00306973EA0178701977
LXVVT+207H400I111W122050N+034D037+005+029G012X02
B1202244407165N00306976EA0179001980
LXVVT+206H401I096W121050N+025D059+006+026G011X01
B1202254407168N00306980EA0179301983
LXVVT+206H402I090W121051N+026D082+004+014G010X01
B1202264407169N00306983EA0179601985
LXVVT+206H402I084W121052N+038D092-002-001G010X01
B1202274407170N00306986EA0179801988
LXVVT+207H403I083W121052N+041D105-002-004G011X01
B1202284407170N00306990EA0180001990
LXVVT+206H403I080W121052N+033D088-004+003G009X02
B1202294407170N00306993EA0180301992
LXVVT+206H404I088W121052N+033D118-001+007G010X02
B1202304407169N00306997EA0180501995
LXVVT+207H403I089W120050N+033D125-001+013G011X02
B1202314407166N00306999EA0180601997
LXVVT+206H404I094W119049N+031D142+001+016G011X02
B1202324407162N00306999EA0180801999
LXVVT+204H405I105W122050N+029D161+002+007G011X04
B1202334407159N00306998EA0181102001
LXVVT+205H404I094W124051N+030D179+004+010G010X02
B1202344407155N00306994EA0181202003
LXVVT+206H404I078W123051N+020D193+002+020G009X04
B1202354407153N00306988EA0181202003
LXVVT+206H403I076W121052N+010D222-006+024G009X03
B1202364407151N00306978EA0181002001
LXVVT+206H403I095W121052N+012D230-005+021G012X01
B1202374407150N00306967EA0181002002
LXVVT+205H404I108W121050N+016D246+003+009G012X02
B1202384407151N00306955EA0181202003
LXVVT+205H403I099W121051N+019D263+008+004G012X01
B1202394407152N00306945EA0181402005
LXVVT+205H403I082W121053N+016D273+008+010G009X02
B1202404407155N00306935EA0181502006
LXVVT+205H403I076W122055N+013D295+000+017G009X01
B1202414407159N00306926EA0181402006
LXVVT+205H403I084W123056N+016D322-008+020G010X01
B1202424407166N00306918EA0181302005
LXVVT+206H402I097W122055N+019D335-007+026G012X01
B1202434407174N00306915EA0181302004
LXVVT+205H403I114W123056N+018D009-002+025G014X03
B1202444407182N00306915EA0181402006
LXVVT+204H404I126W120056N+022D034+005+026G013X02
B1202454407188N00306919EA0181702009
LXVVT+203H406I117W119057N+024D060+008+028G011X01
B1202464407190N00306924EA0182002013
LXVVT+204H406I102W120057N+022D088+005+027G010X01
B1202474407191N00306928EA0182202015
LXVVT+203H407I092W119055N+017D097+002+015G009X02
B1202484407190N00306931EA0182402016
LXVVT+203H408I089W119053N+025D118-001+000G010X02
B1202494407189N00306934EA0182502018
LXVVT+203H409I089W119053N+028D119-001-005G010X01
B1202504407188N00306937EA0182702019
LXVVT+203H409I083W119052N+027D124-002+001G010X04
B1202514407186N00306939EA0182902021
LXVVT+203H409I089W119052N+023D152-001+009G009X02
B1202524407183N00306939EA0182902022
LXVVT+203H408I089W120053N+017D154-003+019G010X02
B1202534407179N00306937EA0182902021
LXVVT+203H409I097W122053N+011D177-003+022G011X03
B1202544407175N00306931EA0182802021
LXVVT+203H409I099W122053N+008D204-002+021G012X03
B1202554407172N00306922EA0182802020
LXVVT+203H408I106W121053N+011D226+000+019G012X02
B1202564407171N00306911EA0182802021
LXVVT+203H407I109W121053N+012D252+002+024G011X02
B1202574407172N00306899EA0182902021
LXVVT+203H408I106W121054N+011D274+003+025G011X01
B1202584407176N00306887EA0182902022
LXVVT+202H408I102W122055N+007D303+003+023G011X01
B1202594407182N00306878EA0183002022
LXVVT+202H408I096W123056N+010D326+003+021G011X02
B1203004407189N00306872EA0183002023
LXVVT+202H409I098W123056N+014D346+001+016G012X05
B1203014407197N00306868EA0183202024
LXVVT+202H409I100W121056N+023D008-001+018G011X01
B1203024407203N00306868EA0183302025
LXVVT+202H409I102W119057N+027D035-001+023G011X00
B1203034407208N00306871EA0183402026
LXVVT+202H409I098W120056N+019D053-001+023G011X02
B1203044407212N00306875EA0183502027
LXVVT+201H411I099W121055N+018D067+003+013G012X01
B1203054407214N00306880EA0183702029
LXVVT+201H411I097W122053N+025D095+005+003G011X02
B1203064407215N00306885EA0184002032
LXVVT+201H411I090W122052N+028D101+005+004G010X01
B1203074407215N00306888EA0184202034
LXVVT+201H411I076W122050N+022D109+001+009G009X02
B1203084407214N00306891EA0184202034
LXVVT+202H411I078W121049N+018D126-003+010G010X01
B1203094407212N00306893EA0184302034
LXVVT+202H411I091W122050N+025D145-005+008G011X01
B1203104407208N00306894EA0184302035
LXVVT+202H411I101W123050N+029D158-003+013G011X01
B1203114407204N00306892EA0184402036
LXVVT+201H412I103W123050N+022D182+000+019G012X01
B1203124407199N00306886EA0184502037
LXVVT+201H412I104W123051N+018D204+001+024G012X01
B1203134407196N00306877EA0184602038
LXVVT+200H412I107W123050N+018D232+002+029G012X01
B1203144407195N00306866EA0184702039
LXVVT+199H413I107W123049N+016D260-001+033G011X02
B1203154407198N00306854EA0184602039
LXVVT+200H413I109W123049N+012D297-004+033G012X01
B1203164407204N00306844EA0184602038
LXVVT+199H413I110W124050N+011D329-006+033G012X01
B1203174407212N00306839EA0184402037
LXVVT+199H414I114W124050N+005D359-005+036G013X02
B1203184407220N00306839EA0184302036
LXVVT+197H416I124W123050N+000D022+001+034G015X00
B1203194407226N00306845EA0184402036
LXVVT+197H416I133W122050N+006D065+002+027G013X03
B1203204407229N00306852EA0184602039
LXVVT+198H418I127W121051N+024D089+005+030G013X02
B1203214407228N00306858EA0184802041
LXVVT+196H420I109W121049N+015D110+006+025G011X02
B1203224407225N00306862EA0184902044
LXVVT+195H421I093W119045N+006D118+006+005G010X01
B1203234407223N00306865EA0185102046
LXVVT+195H422I091W118043N+020D121-002-018G010X03
B1203244407221N00306869EA0185302047
LXVVT+196H422I089W118042N+022D124-002-018G009X02
B1203254407221N00306874EA0185302048
LXVVT+197H421I086W119041N+015D115+000-006G010X02
B1203264407221N00306879EA0185402048
LXVVT+197H421I083W120040N+009D107-003+008G009X02
B1203274407220N00306884EA0185202046
LXVVT+197H420I093W120039N+007D109-005+009G010X01
B1203284407218N00306889EA0185102045
LXVVT+198H420I102W120039N+010D114-004-002G011X01
B1203294407217N00306894EA0185102044
LXVVT+198H419I103W120039N+015D114-001-008G011X01
B1203304407216N00306901EA0185102045
LXVVT+198H418I100W121036N+010D107+002-008G011X00
B1203314407215N00306907EA0185202046
LXVVT+198H417I094W124033N+010D104+005-004G010X01
B1203324407214N00306913EA0185302047
LXVVT+197H418I095W126031N+015D097+001-002G010X01
B1203334407214N00306920EA0185402047
LXVVT+197H418I096W128030N+020D108-001-004G010X01
B1203344407213N00306926EA0185402048
LXVVT+197H418I098W128029N+024D103-002+000G011X01
B1203354407213N00306932EA0185502050
LXVVT+197H418I101W128030N+023D108+000+005G012X03
B1203364407211N00306938EA0185702052
LXVVT+197H418I105W127030N+025D100+004+002G012X02
B1203374407210N00306943EA0186002055
LXVVT+197H419I109W123034N+034D107+005-004G010X02
B1203384407208N00306947EA0186402058
LXVVT+197H419I097W123039N+035D106+004-008G010X01
B1203394407208N00306950EA0186602061
LXVVT+198H419I081W124042N+022D112+004-005G008X04
B1203404407208N00306953EA0186702062
LXVVT+198H418I075W123044N+021D105-007-002G007X03
B1203414407208N00306956EA0186602060
LXVVT+198H418I087W123046N+013D110-012+001G010X01
B1203424407207N00306960EA0186402058
LXVVT+198H417I092W123047N-001D104-004+004G011X03
B1203434407205N00306965EA0186302057
LXVVT+196H419I104W119049N+005D094-002-002G012X03
B1203444407204N00306970EA0186302057
LXVVT+196H419I101W118048N+001D103+003-009G010X02
B1203454407203N00306975EA0186302058
LXVVT+197H419I092W117046N+002D104+008-005G010X02
B1203464407203N00306979EA0186402058
LXVVT+197H420I073W119042N+001D099+002+002G008X04
B1203474407203N00306983EA0186302057
LXVVT+197H419I076W123040N+002D097-006+003G010X02
B1203484407202N00306989EA0186102056
LXVVT+197H419I096W126040N+015D102-010+004G011X02
B1203494407199N00306995EA0186102055
LXVVT+196H420I115W126041N+027D110-003+000G013X02
B1203504407197N00307001EA0186302057
LXVVT+196H420I110W125039N+021D109+008-001G011X03
B1203514407196N00307006EA0186702061
LXVVT+196H420I098W124038N+019D107+011-006G010X03
B1203524407194N00307010EA0186902064
LXVVT+196H420I083W123037N+021D116+005-003G008X03
B1203534407193N00307014EA0187002066
LXVVT+197H420I078W121035N+019D115-004+001G009X04
B1203544407192N00307019EA0187002065
LXVVT+197H420I088W120035N+015D112-009+002G009X01
B1203554407190N00307024EA0186902064
LXVVT+196H420I100W120035N+018D111-006-004G012X02
B1203564407189N00307030EA0186902064
LXVVT+196H420I111W120036N+017D103-001-009G012X02
B1203574407188N00307036EA0187102066
LXVVT+197H420I103W121036N+014D102+006-003G011X03
B1203584407187N00307042EA0187302068
LXVVT+197H419I101W121035N+019D100+005+004G009X03
B1203594407186N00307048EA0187502071
LXVVT+197H419I096W121035N+025D102+004+003G010X01
B1204004407185N00307052EA0187702073
LXVVT+197H419I087W120035N+026D114+000-001G009X02
B1204014407184N00307057EA0187802074
LXVVT+198H418I083W119034N+020D111-003-002G009X02
B1204024407184N00307062EA0187802074
LXVVT+197H418I086W119033N+016D110-004-001G010X03
B1204034407182N00307067EA0187802074
LXVVT+198H417I094W119032N+009D110-002+003G011X03
B1204044407181N00307073EA0187802074
LXVVT+197H418I093W122030N+011D100-002-002G010X01
B1204054407180N00307079EA0187902075
LXVVT+198H418I096W123029N+018D108+002-007G011X02
B1204064407179N00307085EA0188102077
LXVVT+198H417I083W123026N+019D110+008-001G012X02
B1204074407178N00307091EA0188302079
LXVVT+199H416I071W125022N+019D107+006+008G009X01
B1204084407177N00307095EA0188402081
LXVVT+200H415I071W128020N+017D108+000+007G009X02
B1204094407175N00307100EA0188502082
LXVVT+199H415I085W129021N+021D104-008-002G010X01
B1204104407174N00307106EA0188402082
LXVVT+199H414I096W126023N+027D102-008-012G010X01
B1204114407173N00307112EA0188502082
LXVVT+199H415I095W127022N+016D087-004-015G011X04
B1204124407174N00307119EA0188502082
LXVVT+198H415I099W128022N+006D088+002-012G011X02
B1204134407175N00307126EA0188502082
LXVVT+198H415I092W134023N+000D086+003+001G010X00
B1204144407175N00307133EA0188402081
LXVVT+198H416I092W136022N+002D091-001+006G009X00
B1204154407175N00307140EA0188302080
LXVVT+198H416I092W136022N+004D099-003+002G009X01
B1204164407175N00307147EA0188202078
LXVVT+197H416I096W138022N+004D094-002-006G011X01
B1204174407176N00307154EA0188102077
LXVVT+197H416I097W140021N+004D089-002-008G011X01
B1204184407178N00307162EA0188002077
LXVVT+196H417I101W141022N+005D091+001-003G011X01
B1204194407179N00307169EA0188002077
LXVVT+196H417I100W142022N+005D089+002+004G010X02
B1204204407180N00307176EA0188002077
LXVVT+196H419I096W142022N+004D090+003+006G010X01
B1204214407181N00307183EA0188002076
LXVVT+195H420I090W142022N+001D086+002+001G009X01
B1204224407182N00307189EA0187902075
LXVVT+195H420I084W142022N-002D089-003-006G009X02
B1204234407183N00307195EA0187702073
LXVVT+195H421I089W141022N-004D090-005-003G009X01
B1204244407184N00307202EA0187402070
LXVVT+195H421I097W136021N-004D084-005+004G010X00
B1204254407185N00307209EA0187202067
LXVVT+195H421I102W133021N-007D089-002+008G011X00
B1204264407185N00307217EA0186902065
LXVVT+195H421I105W132021N-011D085+001+003G011X01
B1204274407185N00307225EA0186802063
LXVVT+195H421I105W132021N-008D084+002-003G010X01
B1204284407186N00307232EA0186702062
LXVVT+195H421I100W132020N-006D084+003-003G010X01
B1204294407186N00307239EA0186602061
LXVVT+195H422I095W132020N-005D085+003+000G010X00
B1204304407187N00307246EA0186502060
LXVVT+195H421I088W133019N-006D088+000+003G009X01
B1204314407187N00307252EA0186302058
LXVVT+196H422I089W134018N-008D091-002+004G010X01
B1204324407187N00307259EA0186002055
LXVVT+196H421I096W133018N-008D088-005+002G010X01
B1204334407187N00307267EA0185802052
LXVVT+196H421I099W134018N-008D088-003-001G011X00
B1204344407186N00307275EA0185602050
LXVVT+195H422I101W134018N-012D093+002+000G011X01
B1204354407186N00307282EA0185402049
LXVVT+195H422I096W133016N-013D092+004+001G011X01
B1204364407186N00307289EA0185302047
LXVVT+196H422I096W133016N-011D089+002+000G010X01
B1204374407186N00307296EA0185102045
LXVVT+196H423I097W131016N-005D090-002-002G009X00
B1204384407186N00307304EA0184902043
LXVVT+195H422I097W131016N-006D090-002-003G010X00
B1204394407186N00307311EA0184702041
LXVVT+195H423I098W132016N-010D089-001-001G010X01
B1204404407186N00307318EA0184502039
LXVVT+194H424I105W128016N-005D083+000+000G011X03
B1204414407186N00307326EA0184502038
LXVVT+194H424I104W122016N-001D089+002+001G010X01
B1204424407186N00307333EA0184402037
LXVVT+194H424I101W119017N-004D085+004+002G009X01
B1204434407185N00307340EA0184202036
LXVVT+194H424I100W106017N-008D089-001+001G009X01
B1204444407185N00307347EA0183902033
LXVVT+196H423I107W106019N-008D093-004+003G009X01
B1204454407185N00307355EA0183602029
LXVVT+195H423I120W102020N-005D083-004+000G011X01
B1204464407185N00307364EA0183302027
LXVVT+196H423I127W095021N-003D086-001+002G011X00
B1204474407184N00307374EA0183202026
LXVVT+195H423I127W094020N-006D086+004+004G012X01
B1204484407184N00307383EA0183202025
LXVVT+196H423I123W093020N-004D092+008+004G011X02
B1204494407183N00307391EA0183302026
LXVVT+196H423I106W081018N-003D096+006+006G009X02
B1204504407182N00307399EA0183202025
LXVVT+197H422I100W069017N-006D098+001+003G009X01
B1204514407181N00307406EA0183002023
LXVVT+198H420I106W064017N-002D100-004+004G009X03
B1204524407179N00307414EA0182802021
LXVVT+196H422I130W076019N+008D091-007-002G011X00
B1204534407178N00307423EA0182602019
LXVVT+197H420I135W082023N-003D099+002-005G012X00
B1204544407177N00307431EA0182502019
LXVVT+198H420I116W083023N+005D094+011-001G010X02
B1204554407176N00307438EA0182402018
LXVVT+198H419I110W082024N-004D091+007-001G009X02
B1204564407175N00307445EA0182302016
LXVVT+199H418I103W082024N-012D095+000-002G009X03
B1204574407174N00307452EA0181902012
LXVVT+199H417I111W082025N-002D091-008-005G010X02
B1204584407173N00307459EA0181602009
LXVVT+200H417I122W081027N+000D094-004-003G011X01
B1204594407172N00307468EA0181302006
LXVVT+200H416I126W080028N-009D085-002+001G011X01
B1205004407170N00307476EA0181102003
LXVVT+199H416I128W077029N-015D087+003+000G011X01
B1205014407169N00307485EA0181002002
LXVVT+200H415I117W075028N-014D088+006-004G011X02
B1205024407167N00307493EA0180902001
LXVVT+200H415I119W075027N-003D083+001-005G009X02
B1205034407167N00307501EA0180802000
LXVVT+200H415I123W074028N+004D085+000-003G010X01
B1205044407166N00307508EA0180701998
LXVVT+201H413I109W073029N-008D096+002+004G009X02
B1205054407164N00307515EA0180401996
LXVVT+202H413I097W067028N-020D096+000+007G009X02
B1205064407162N00307521EA0180101992
LXVVT+201H413I107W067027N-022D090-003+000G009X01
B1205074407161N00307529EA0179701988
LXVVT+201H412I111W067028N-015D093-004-007G010X02
B1205084407159N00307537EA0179301984
LXVVT+202H411I119W067028N-018D087-002-008G012X02
B1205094407159N00307545EA0179001980
LXVVT+202H411I123W066029N-017D084-001-002G010X01
B1205104407158N00307554EA0178801978
LXVVT+202H411I119W066028N-019D086+003+004G010X01
B1205114407157N00307562EA0178501975
LXVVT+202H411I112W065026N-025D087+003+005G009X02
B1205124407156N00307569EA0178201972
LXVVT+202H412I115W065026N-021D085+001-001G010X02
B1205134407155N00307577EA0177901968
LXVVT+202H411I112W064027N-019D091-001-001G010X02
B1205144407154N00307585EA0177501964
LXVVT+203H410I112W064027N-020D092-001+002G011X00
B1205154407152N00307593EA0177101961
LXVVT+204H409I113W063026N-027D091+000+006G010X02
B1205164407150N00307601EA0176801958
LXVVT+204H408I121W063027N-020D086+002+001G010X02
B1205174407148N00307608EA0176601955
LXVVT+204H408I117W061030N-014D087+000-007G009X01
B1205184407147N00307616EA0176301952
LXVVT+204H407I115W061030N-017D084-001-010G009X01
B1205194407146N00307623EA0176001948
LXVVT+204H407I112W061030N-024D081+000-005G010X01
B1205204407146N00307631EA0175601944
LXVVT+205H406I113W061029N-023D081-001+003G010X00
B1205214407146N00307639EA0175301940
LXVVT+205H406I115W062028N-021D081-002+004G010X00
B1205224407145N00307647EA0174901937
LXVVT+204H406I123W062030N-017D080-004+001G010X02
B1205234407145N00307656EA0174701934
LXVVT+205H406I116W060028N-014D082+002-006G012X02
B1205244407145N00307664EA0174501932
LXVVT+205H405I112W062025N-019D075+002-007G010X01
B1205254407147N00307672EA0174301931
LXVVT+205H405I114W066023N-014D074+002-001G010X02
B1205264407148N00307680EA0174201929
LXVVT+205H405I109W072021N-007D075+000+005G011X01
B1205274407148N00307688EA0174101928
LXVVT+206H404I115W074021N-006D078+000+006G010X03
B1205284407149N00307696EA0173901927
LXVVT+206H404I115W074021N-005D079+000+003G010X01
B1205294407149N00307704EA0173701925
LXVVT+206H404I113W074022N-008D081+000-001G010X01
B1205304407149N00307711EA0173601923
LXVVT+206H403I110W073022N-010D078+000-003G010X02
B1205314407150N00307719EA0173301920
LXVVT+207H403I112W072023N-012D078-002-002G010X01
B1205324407150N00307726EA0173101917
LXVVT+207H403I116W071024N-011D074-002+000G010X01
B1205334407151N00307734EA0172801914
LXVVT+207H402I118W068025N-012D073-002+002G011X01
B1205344407152N00307742EA0172501911
LXVVT+208H401I118W067026N-015D077-001+002G010X00
B1205354407152N00307750EA0172201908
LXVVT+208H401I117W067025N-016D074+000+001G010X01
B1205364407153N00307758EA0171901905
LXVVT+208H400I115W067024N-019D074+000-002G010X00
B1205374407153N00307766EA0171701902
LXVVT+208H399I112W067023N-018D071-001-005G010X01
B1205384407155N00307774EA0171401899
LXVVT+209H398I114W069021N-015D071-001-007G010X01
B1205394407157N00307782EA0171101896
LXVVT+210H397I109W072019N-018D070+001-002G010X02
B1205404407159N00307791EA0170901894
LXVVT+210H396I106W089016N-016D065-001+004G010X00
B1205414407161N00307799EA0170601891
LXVVT+211H396I115W101016N-012D063+000+002G011X01
B1205424407164N00307807EA0170501889
LXVVT+210H395I118W102016N-005D062+001-001G011X02
B1205434407166N00307815EA0170301888
LXVVT+211H395I113W102015N-006D063+002-004G011X02
B1205444407169N00307823EA0170201886
LXVVT+212H394I106W101015N-016D066+003+003G009X01
B1205454407171N00307829EA0169901883
LXVVT+212H393I103W098015N-019D059+002+004G009X01
B1205464407173N00307836EA0169601880
LXVVT+213H392I104W088015N-018D064-003+001G009X01
B1205474407175N00307843EA0169201875
LXVVT+213H390I107W086017N-019D065-006-002G010X01
B1205484407177N00307850EA0168701870
LXVVT+214H390I119W077018N-021D059-005-002G010X02
B1205494407179N00307858EA0168301866
LXVVT+214H389I121W068019N-023D059-001+000G011X01
B1205504407182N00307866EA0168001862
LXVVT+214H388I123W066020N-026D058+003+001G010X01
B1205514407184N00307873EA0167701859
LXVVT+215H388I118W063021N-029D059+005+003G010X00
B1205524407186N00307880EA0167401855
LXVVT+215H387I110W063021N-030D063+003+003G009X00
B1205534407188N00307887EA0167001851
LXVVT+215H386I105W062021N-030D068-001+001G009X01
B1205544407189N00307894EA0166501846
LXVVT+216H385I108W064022N-031D067-004+000G009X00
B1205554407191N00307901EA0165901840
LXVVT+216H384I112W065022N-031D067-005-001G010X01
B1205564407194N00307909EA0165401835
LXVVT+217H383I114W063021N-035D066-003-001G010X01
B1205574407196N00307917EA0164901829
LXVVT+218H382I119W064020N-041D062+001+000G011X02
B1205584407199N00307925EA0164401824
LXVVT+218H382I119W066020N-040D057+002-001G010X01
B1205594407201N00307932EA0164101820
LXVVT+218H381I118W064020N-032D056+002-003G011X00
B1206004407204N00307939EA0163701816
LXVVT+219H380I118W061021N-028D060+001-002G011X01
B1206014407206N00307946EA0163301812
LXVVT+219H379I115W061022N-027D060+000+001G010X00
B1206024407209N00307952EA0162901808
LXVVT+220H379I116W064024N-034D065+001+005G010X00
B1206034407211N00307958EA0162501803
LXVVT+220H379I115W066027N-027D057+004+003G012X03
B1206044407212N00307964EA0162301800
LXVVT+220H378I106W057030N-018D058+001-001G010X02
B1206054407214N00307969EA0161901796
LXVVT+221H377I097W056030N-028D062-004-009G009X03
B1206064407217N00307974EA0161401790
LXVVT+222H377I104W056031N-035D057-005-008G010X01
B1206074407221N00307979EA0160801785
LXVVT+222H376I114W056031N-036D048-006-004G011X01
B1206084407224N00307985EA0160401780
LXVVT+222H375I123W054031N-030D047-001+003G010X04
B1206094407228N00307990EA0160001776
LXVVT+223H375I123W051033N-028D045+003+007G011X02
B1206104407231N00307995EA0159701773
LXVVT+223H374I117W046034N-029D050+000+003G010X01
B1206114407234N00308001EA0159401770
LXVVT+223H375I113W047034N-027D061+003+000G011X02
B1206124407237N00308006EA0159201767
LXVVT+224H374I107W050035N-028D059+002+000G010X01
B1206134407240N00308010EA0158801763
LXVVT+224H373I102W051036N-028D057-003+000G008X01
B1206144407243N00308014EA0158401758
LXVVT+225H372I101W051035N-032D066-005+002G009X01
B1206154407246N00308020EA0157801752
LXVVT+225H371I109W049034N-035D064-010+005G009X01
B1206164407249N00308027EA0157201745
LXVVT+226H370I128W048035N-034D068-005+007G014X01
B1206174407251N00308034EA0156601741
LXVVT+227H369I136W052035N-031D076+001+008G013X02
B1206184407253N00308042EA0156401738
LXVVT+227H368I137W059037N-027D073+008+006G012X02
B1206194407254N00308049EA0156301737
LXVVT+228H367I121W066039N-024D078+011+002G010X01
B1206204407254N00308054EA0156201735
LXVVT+229H365I100W071040N-028D080+008-002G008X03
B1206214407255N00308058EA0155801731
LXVVT+229H364I092W074041N-030D084-002-003G009X02
B1206224407256N00308062EA0155301726
LXVVT+230H363I102W076043N-025D084-012-002G009X01
B1206234407257N00308068EA0154701719
LXVVT+231H362I119W078046N-019D082-012+003G011X01
B1206244407257N00308075EA0154001713
LXVVT+231H361I135W078048N-031D079-008+004G010X00
B1206254407257N00308083EA0153601708
LXVVT+231H360I146W080050N-025D087+000+003G011X02
B1206264407257N00308091EA0153201704
LXVVT+232H359I130W077048N-014D094+006+006G011X04
B1206274407257N00308099EA0153001701
LXVVT+233H359I127W075046N-009D087+007+001G010X03
B1206284407256N00308106EA0152801698
LXVVT+233H357I117W072044N-028D088+004-003G009X02
B1206294407256N00308113EA0152401695
LXVVT+234H357I115W072042N-027D085+001-006G009X01
B1206304407257N00308120EA0151901690
LXVVT+234H356I119W072042N-025D080-002-004G010X02
B1206314407258N00308126EA0151501685
LXVVT+235H355I120W072042N-024D080-003-001G010X01
B1206324407258N00308134EA0151101680
LXVVT+235H354I122W072041N-025D075-002-001G010X01
B1206334407259N00308141EA0150601675
LXVVT+235H354I127W072041N-027D077-002-002G010X01
B1206344407260N00308149EA0150101670
LXVVT+236H353I132W072041N-027D082+000+002G011X01
B1206354407261N00308157EA0149801666
LXVVT+236H353I135W072041N-027D078+002-001G011X01
B1206364407262N00308164EA0149501664
LXVVT+237H352I130W072041N-024D081+005-003G011X01
B1206374407263N00308171EA0149301662
LXVVT+237H351I125W072041N-018D080+003+000G011X02
B1206384407264N00308178EA0149201660
LXVVT+238H351I125W072042N-012D077+002-002G011X01
B1206394407265N00308185EA0149101659
LXVVT+238H350I124W073043N-004D077+000-004G010X02
B1206404407267N00308191EA0148901657
LXVVT+239H349I126W072045N-001D077+000-002G010X01
B1206414407269N00308197EA0148801656
LXVVT+239H348I122W072047N-007D077+000+001G009X01
B1206424407270N00308202EA0148501653
LXVVT+240H347I115W072047N-017D080+000+004G009X03
B1206434407271N00308208EA0148201650
LXVVT+240H347I114W072047N-020D081-004+004G009X01
B1206444407272N00308214EA0147801646
LXVVT+241H345I121W072047N-016D081-006+001G009X01
B1206454407274N00308221EA0147401641
LXVVT+242H344I131W072047N-017D083-004+000G011X01
B1206464407275N00308229EA0147001637
LXVVT+242H344I137W072048N-018D079-001+001G011X01
B1206474407276N00308237EA0146801634
LXVVT+242H343I136W072047N-018D080+003+001G011X01
B1206484407276N00308244EA0146601632
LXVVT+243H342I133W072047N-015D086+004+003G010X01
B1206494407277N00308251EA0146401631
LXVVT+243H341I126W074048N-012D093+004+008G010X01
B1206504407276N00308257EA0146301630
LXVVT+244H340I117W075048N-016D088+005+002G010X02
B1206514407276N00308263EA0146201628
LXVVT+244H340I114W076049N-013D087+000-005G008X02
B1206524407276N00308268EA0145801624
LXVVT+245H339I108W077050N-016D086-003-008G009X02
B1206534407277N00308274EA0145501620
LXVVT+245H338I112W078049N-023D080-004-005G010X01
B1206544407278N00308280EA0145101616
LXVVT+246H338I119W079048N-018D078-005-002G011X01
B1206554407279N00308287EA0144801612
LXVVT+246H336I134W077049N-009D079-004+001G011X06
B1206564407280N00308294EA0144601610
LXVVT+247H335I131W077048N-012D080+003+004G012X02
B1206574407281N00308302EA0144501609
LXVVT+247H334I129W078047N-012D079+006+002G012X02
B1206584407281N00308308EA0144501609
LXVVT+247H334I124W078048N-006D079+006-002G010X02
B1206594407281N00308314EA0144401608
LXVVT+248H333I107W076046N-006D078+002-002G009X04
B1207004407282N00308320EA0144301607
LXVVT+248H332I112W077045N-001D072-007-010G009X01
B1207014407283N00308326EA0144001603
LXVVT+249H332I121W076046N+003D078-008-006G011X01
B1207024407285N00308333EA0143701600
LXVVT+249H330I123W076044N-011D081-003+002G012X02
B1207034407286N00308341EA0143501598
LXVVT+249H330I134W076044N-016D080+002+008G011X03
B1207044407287N00308348EA0143401597
LXVVT+250H329I132W077045N-007D088+002+008G011X02
B1207054407287N00308355EA0143301596
LXVVT+250H328I127W080046N+004D097+002+003G009X01
B1207064407287N00308362EA0143201595
LXVVT+250H328I120W079045N-007D094+003+001G011X01
B1207074407287N00308369EA0143101594
LXVVT+250H328I118W078044N-006D089+001-002G010X01
B1207084407287N00308375EA0143101593
LXVVT+251H328I117W078044N+003D090-001-002G010X02
B1207094407288N00308382EA0142901592
LXVVT+251H327I117W077043N+004D088-002-003G009X01
B1207104407289N00308389EA0142801591
LXVVT+251H327I123W077043N+006D084-002-003G011X01
B1207114407290N00308396EA0142601589
LXVVT+251H327I128W077043N+004D082-002-002G011X01
B1207124407292N00308403EA0142601588
LXVVT+251H326I127W077043N+003D082+000+002G011X01
B1207134407293N00308410EA0142501588
LXVVT+252H326I129W077043N+005D084+002+004G011X01
B1207144407294N00308417EA0142501588
LXVVT+252H325I124W078044N+008D087+001+005G010X01
B1207154407294N00308423EA0142501588
LXVVT+252H325I123W079045N+009D089+001+003G010X01
B1207164407293N00308430EA0142501588
LXVVT+253H325I119W080046N+008D091+000+001G010X01
B1207174407293N00308436EA0142501587
LXVVT+253H325I121W081047N+011D090-003-002G010X01
B1207184407293N00308443EA0142401587
LXVVT+253H324I125W081047N+012D092-003-001G010X01
B1207194407292N00308450EA0142401587
LXVVT+253H323I130W082048N+015D088-001-003G011X01
B1207204407292N00308456EA0142501587
LXVVT+254H324I132W082050N+016D092+001-001G010X01
B1207214407292N00308463EA0142601588
LXVVT+254H323I127W083050N+015D091+002-001G010X02
B1207224407292N00308469EA0142601588
LXVVT+254H323I121W084051N+007D096+002+002G010X01
B1207234407292N00308475EA0142501588
LXVVT+254H323I117W086052N+007D096-001+002G009X01
B1207244407292N00308481EA0142401586
LXVVT+254H323I117W086051N+007D095-004+001G010X01
B1207254407291N00308487EA0142301585
LXVVT+254H322I120W085051N+007D103-005+001G010X02
B1207264407290N00308494EA0142201583
LXVVT+254H322I123W084051N+004D098-002+001G011X01
B1207274407289N00308501EA0142201583
LXVVT+254H322I127W084050N+007D097+004+000G012X03
B1207284407288N00308507EA0142201584
LXVVT+254H321I115W081049N+003D102+006+003G009X00
B1207294407286N00308513EA0142201584
LXVVT+255H321I104W075047N-002D101+004+000G010X01
B1207304407285N00308518EA0142201582
LXVVT+255H321I102W075047N+001D104-002-004G007X01
B1207314407284N00308522EA0141901579
LXVVT+255H321I097W077047N-004D105-007-005G009X03
B1207324407283N00308527EA0141501575
LXVVT+255H321I106W077046N-014D097-008-003G010X02
B1207334407283N00308533EA0141101571
LXVVT+255H320I125W075048N-009D091-007-004G011X02
B1207344407283N00308540EA0140801568
LXVVT+255H321I136W073050N-002D091-002-003G010X02
B1207354407283N00308547EA0140701566
LXVVT+255H321I135W072052N-007D089+006+001G012X01
B1207364407283N00308554EA0140601565
LXVVT+255H321I123W072053N-012D093+006+004G009X01
B1207374407283N00308559EA0140401564
LXVVT+256H320I112W073053N-015D091+002+002G008X01
B1207384407282N00308565EA0140201561
LXVVT+255H320I106W074051N-015D089-003+000G009X02
B1207394407282N00308570EA0139801557
LXVVT+256H320I109W074050N-014D093-008+001G009X01
B1207404407281N00308577EA0139301552
LXVVT+256H320I117W073049N-017D097-007+001G011X01
B1207414407281N00308584EA0138901547
LXVVT+256H320I130W072049N-020D091-002-001G011X02
B1207424407280N00308592EA0138501544
LXVVT+257H319I132W073048N-019D091+002-002G011X01
B1207434407279N00308600EA0138301542
LXVVT+257H319I123W072046N-021D091+005-002G011X01
B1207444407278N00308607EA0138201540
LXVVT+257H319I127W071046N-014D087+004-003G011X03
B1207454407278N00308614EA0138101539
LXVVT+257H319I124W071046N-005D086+004-004G011X02
B1207464407279N00308619EA0138001539
LXVVT+258H318I114W072047N-005D090+003+000G009X02
B1207474407279N00308625EA0137801537
LXVVT+258H318I108W073047N-006D092-002+002G008X01
B1207484407279N00308630EA0137501533
LXVVT+258H318I099W073047N-019D097-003+006G009X01
B1207494407278N00308636EA0137101529
LXVVT+259H317I104W071045N-022D092-004+001G010X02
B1207504407278N00308642EA0136601525
LXVVT+259H317I120W071045N-018D091-004-004G011X02
B1207514407278N00308649EA0136301522
LXVVT+259H316I140W070048N-013D084-003-006G012X00
B1207524407278N00308657EA0136201520
LXVVT+259H316I141W067052N+007D089+003+000G013X02
B1207534407278N00308663EA0136301521
LXVVT+260H315I131W069054N+028D092+009+006G012X03
B1207544407277N00308668EA0136501522
LXVVT+260H314I109W077053N+006D101+013+007G010X01
B1207554407276N00308671EA0136601523
LXVVT+260H314I085W082053N-004D103+008-001G009X01
B1207564407275N00308673EA0136501523
LXVVT+260H314I071W083053N-001D104-007-001G008X02
B1207574407275N00308676EA0136201520
LXVVT+260H314I076W082052N-007D106-015+000G009X03
B1207584407273N00308680EA0135801515
LXVVT+260H313I100W081053N-013D108-015+003G010X02
B1207594407271N00308685EA0135401512
LXVVT+260H313I123W082054N-010D104-005+005G013X00
B1208004407268N00308692EA0135401512
LXVVT+261H313I136W082054N+020D108+006+002G013X01
B1208014407265N00308697EA0135701514
LXVVT+261H313I119W082054N+040D108+012-008G015X00
B1208024407263N00308700EA0136201519
LXVVT+261H312I094W082054N+052D121+020-001G010X03
B1208034407261N00308701EA0136501522
LXVVT+261H312I069W083057N+024D115+009+007G006X03
B1208044407260N00308700EA0136501522
LXVVT+262H312I030W083057N+002D109-006-001G009X00
B1208054407259N00308700EA0136301520
LXVVT+261H313I058W083057N-003D124-017-010G006X00
B1208064407258N00308703EA0135701515
LXVVT+261H313I083W083058N-039D108-010-004G012X04
B1208074407255N00308707EA0135201510
LXVVT+262H312I112W083058N-028D113+001+004G013X03
B1208084407252N00308713EA0134901508
LXVVT+262H310I116W080055N-022D112+011+008G014X04
B1208094407249N00308719EA0135001509
LXVVT+262H309I112W078053N-007D114+020+004G012X03
B1208104407248N00308724EA0135301512
LXVVT+262H309I091W078048N-001D104+017+003G008X02
B1208114407247N00308728EA0135401513
LXVVT+263H309I075W082043N+002D092+005-001G007X03
B1208124407245N00308731EA0135301511
LXVVT+263H308I076W085039N+000D093-007+002G007X04
B1208134407244N00308736EA0135001508
LXVVT+263H308I095W085039N+003D092-009+001G010X02
B1208144407243N00308741EA0134701504
LXVVT+263H308I112W086041N-017D095-002-009G012X00
B1208154407242N00308748EA0134601502
LXVVT+263H308I113W086041N+000D091+004-020G011X01
B1208164407243N00308754EA0134401501
LXVVT+264H307I104W098037N+001D082+011-010G011X01
B1208174407245N00308761EA0134401501
LXVVT+263H307I095W110035N-011D081+008+005G010X01
B1208184407246N00308766EA0134301500
LXVVT+263H306I085W115032N+001D091-002+015G009X02
B1208194407245N00308772EA0134201499
LXVVT+264H305I097W115031N+006D096-005+007G010X01
B1208204407244N00308778EA0134101498
LXVVT+264H305I101W115032N+006D109-001-003G010X01
B1208214407244N00308784EA0134001497
LXVVT+264H305I100W116031N+002D104+003-008G010X01
B1208224407244N00308790EA0134001497
LXVVT+264H304I093W115030N-004D107+004-005G010X01
B1208234407244N00308797EA0133901496
LXVVT+265H304I088W114027N-002D104+002+001G010X01
B1208244407245N00308803EA0133901496
LXVVT+265H304I094W116024N+003D100-001+002G010X02
B1208254407245N00308810EA0133801495
LXVVT+265H303I095W118023N+008D101-001+000G010X01
B1208264407245N00308817EA0133801494
LXVVT+265H303I095W121021N+007D095+000-003G010X02
B1208274407246N00308824EA0133801494
LXVVT+265H303I095W126020N+006D093+002-005G010X01
B1208284407247N00308831EA0133801494
LXVVT+265H303I095W131020N+007D092+002-003G011X01
B1208294407248N00308838EA0133701494
LXVVT+265H303I096W136020N+007D089-002-001G010X00
B1208304407249N00308845EA0133701493
LXVVT+265H303I095W141020N+008D091-003+001G009X01
B1208314407250N00308853EA0133601492
LXVVT+265H302I094W146019N+002D090+000+001G011X01
B1208324407251N00308860EA0133501491
LXVVT+265H303I094W151019N-002D085+002-001G010X03
B1208334407252N00308868EA0133501490
LXVVT+265H302I085W162021N+002D081+000-002G010X02
B1208344407253N00308876EA0133401489
LXVVT+265H302I085W173025N+004D070-006-004G010X02
B1208354407256N00308885EA0133201488
LXVVT+265H303I090W180033N+005D070-010-009G011X02
B1208364407259N00308895EA0133101487
LXVVT+266H302I105W186038N+005D073+000-006G012X04
B1208374407262N00308904EA0133201488
LXVVT+265H302I106W188040N+008D071+007+005G011X03
B1208384407265N00308913EA0133401489
LXVVT+265H302I097W189040N+005D078+005+013G009X01
B1208394407266N00308921EA0133401489
LXVVT+265H303I093W190040N+004D088+001+010G009X02
B1208404407267N00308929EA0133301488
LXVVT+265H302I090W191039N+008D095-003+002G010X03
B1208414407268N00308938EA0133201487
LXVVT+265H302I096W191039N+007D094-005-006G009X02
B1208424407269N00308946EA0133001485
LXVVT+266H303I102W190040N-001D098-001-001G011X02
B1208434407270N00308955EA0133001484
LXVVT+266H302I094W194038N-001D096+001+005G011X03
B1208444407270N00308964EA0132901484
LXVVT+266H303I097W198037N-002D108+002+011G010X02
B1208454407269N00308973EA0132801483
LXVVT+266H303I096W201034N-001D104+003+005G010X02
B1208464407269N00308981EA0132801483
LXVVT+266H302I090W204033N+002D103+001-006G010X01
B1208474407269N00308990EA0132801482
LXVVT+266H302I088W208032N+006D097-002-015G011X03
B1208484407270N00308999EA0132701482
LXVVT+267H302I102W208032N+011D096-004-008G011X02
B1208494407272N00309009EA0132701482
LXVVT+266H302I109W207032N+019D094+001+005G012X02
B1208504407272N00309018EA0132901484
LXVVT+266H302I105W206032N+018D100+006+015G011X01
B1208514407272N00309027EA0133101486
LXVVT+266H302I100W203033N+016D109+004+010G010X01
B1208524407270N00309034EA0133301488
LXVVT+267H303I093W202034N+020D119+002-001G011X03
B1208534407269N00309041EA0133501490
LXVVT+266H303I093W201034N+025D114-001-008G009X02
B1208544407269N00309048EA0133601491
LXVVT+267H303I093W197036N+020D105-001-010G010X01
B1208554407269N00309055EA0133701491
LXVVT+267H303I080W195037N+007D127+002-003G010X00
B1208564407268N00309061EA0133601491
LXVVT+267H303I070W195037N+004D122+000+008G009X00
B1208574407267N00309067EA0133401489
LXVVT+266H303I078W197035N-006D126-003+009G009X02
B1208584407265N00309073EA0133201487
LXVVT+267H303I095W197035N-006D129-005-005G012X02
B1208594407264N00309080EA0133201487
LXVVT+267H303I103W194037N+013D124+000-014G012X01
B1209004407263N00309087EA0133301487
LXVVT+267H303I098W191037N+013D122+002-010G010X01
B1209014407264N00309094EA0133401489
LXVVT+267H303I093W187036N+010D112+005+003G011X01
B1209024407264N00309100EA0133501490
LXVVT+267H302I084W184036N+011D116+004+009G009X02
B1209034407263N00309106EA0133601491
LXVVT+267H302I079W183036N+013D130-002+007G009X01
B1209044407262N00309110EA0133601490
LXVVT+268H302I082W183038N+012D139-004+004G010X02
B1209054407260N00309114EA0133501490
LXVVT+267H301I085W183041N+010D132-003-001G010X01
B1209064407258N00309118EA0133501489
LXVVT+268H302I081W183041N+006D139-003-005G010X01
B1209074407257N00309123EA0133401488
LXVVT+268H302I079W184039N-003D140-004-005G009X02
B1209084407255N00309129EA0133201486
LXVVT+268H302I089W186038N-004D136-007-003G010X01
B1209094407252N00309136EA0132901484
LXVVT+268H302I090W189035N-004D157-001+008G013X01
B1209104407248N00309142EA0132901485
LXVVT+268H301I098W195028N+002D140+005+014G012X04
B1209114407244N00309147EA0133101487
LXVVT+268H302I113W195027N+014D151+013+001G012X03
B1209124407241N00309151EA0133501491
LXVVT+268H302I100W195030N+027D138+011-014G009X01
B1209134407239N00309155EA0133801494
LXVVT+268H302I084W190034N+026D134+002-017G009X04
B1209144407239N00309158EA0134001496
LXVVT+268H303I076W179036N+022D137+000-002G009X01
B1209154407238N00309161EA0134101496
LXVVT+268H303I071W173039N+019D134-006+012G009X02
B1209164407237N00309163EA0134001495
LXVVT+268H304I080W173042N+011D165-011+016G010X03
B1209174407233N00309164EA0133901493
LXVVT+269H304I093W171040N+010D181-009+016G012X01
B1209184407228N00309162EA0133801492
LXVVT+269H304I105W161036N+006D195-001+016G012X02
B1209194407223N00309157EA0133701491
LXVVT+269H304I104W145035N+005D219+005+020G012X01
B1209204407218N00309150EA0133701492
LXVVT+269H304I097W129038N+001D231+006+024G011X01
B1209214407216N00309140EA0133701492
LXVVT+269H304I097W123041N+000D252+003+026G011X01
B1209224407216N00309128EA0133601491
LXVVT+269H304I098W121044N+006D280-001+029G011X01
B1209234407219N00309117EA0133501490
LXVVT+269H304I103W121043N+009D300-003+031G012X02
B1209244407224N00309109EA0133401488
LXVVT+270H304I109W120042N+005D330-004+034G012X02
B1209254407232N00309104EA0133301487
LXVVT+270H304I115W117040N+002D356-005+038G011X01
B1209264407239N00309103EA0133101485
LXVVT+269H304I117W115040N-003D017-004+034G012X01
B1209274407246N00309107EA0133101484
LXVVT+269H303I121W116040N-004D042+001+022G012X02
B1209284407251N00309112EA0133101485
LXVVT+269H303I107W118039N+003D060+005+017G010X00
B1209294407255N00309117EA0133201486
LXVVT+269H302I100W120037N+002D055+006+007G010X02
B1209304407258N00309122EA0133301487
LXVVT+270H302I095W121037N+008D074+000+000G009X02
B1209314407262N00309127EA0133301487
LXVVT+269H302I092W121037N+015D069-001+000G011X01
B1209324407265N00309132EA0133401489
LXVVT+269H302I097W121037N+020D065+000+001G010X02
B1209334407269N00309136EA0133601490
LXVVT+269H302I098W118038N+030D070+002+001G011X02
B1209344407272N00309140EA0133801492
LXVVT+269H302I078W119037N+023D064+001+006G010X03
B1209354407274N00309144EA0133901493
LXVVT+269H301I080W120037N+018D082-001+011G010X02
B1209364407275N00309149EA0134001494
LXVVT+270H302I087W120039N+020D103-005+017G010X01
B1209374407274N00309152EA0134001494
LXVVT+269H302I095W122041N+018D117-005+026G010X02
B1209384407270N00309154EA0133901492
LXVVT+269H302I112W126044N+017D161-002+025G013X01
B1209394407265N00309152EA0133901492
LXVVT+269H302I115W129045N+015D178+002+028G012X01
B1209404407260N00309145EA0133901492
LXVVT+269H303I113W129045N+007D213+003+031G012X01
B1209414407257N00309135EA0133901492
LXVVT+269H303I114W127047N+005D248+001+032G013X02
B1209424407258N00309122EA0133901493
LXVVT+269H304I112W127048N+007D270+001+036G011X01
B1209434407262N00309111EA0133801492
LXVVT+269H303I117W126048N+008D309-003+039G011X01
B1209444407269N00309102EA0133701491
LXVVT+269H304I120W125045N+002D340-003+038G014X00
B1209454407277N00309099EA0133701490
LXVVT+268H304I121W122045N+002D007-003+034G013X02
B1209464407284N00309101EA0133701491
LXVVT+268H304I118W121045N+010D035+000+029G012X01
B1209474407290N00309106EA0133801492
LXVVT+268H304I109W122044N+003D050+005+020G011X02
B1209484407294N00309112EA0133901492
LXVVT+268H304I101W125042N+006D060+003+006G010X02
B1209494407297N00309118EA0133901493
LXVVT+268H303I096W128040N+012D070+003-003G010X02
B1209504407300N00309123EA0134001494
LXVVT+268H303I093W129039N+016D067+002-010G010X01
B1209514407304N00309127EA0134101495
LXVVT+268H303I083W130038N+012D069+002-004G009X03
B1209524407307N00309131EA0134101495
LXVVT+268H304I085W129039N+010D061+000-001G010X02
B1209534407311N00309134EA0134101495
LXVVT+268H304I078W130038N+006D066-002+003G009X02
B1209544407314N00309138EA0134101495
LXVVT+268H304I090W128039N+011D063-004+002G010X01
B1209554407318N00309143EA0133901493
LXVVT+268H304I090W127040N+005D064-008-002G009X02
B1209564407321N00309148EA0133601491
LXVVT+268H304I094W128039N-006D073-002+000G011X01
B1209574407326N00309154EA0133501489
LXVVT+268H304I108W130039N-005D059-002-006G012X04
B1209584407331N00309160EA0133401489
LXVVT+268H305I107W133039N-001D072+006+000G012X04
B1209594407336N00309166EA0133501490
LXVVT+268H304I102W136038N+007D054+008+002G011X02
B1210004407340N00309171EA0133701492
LXVVT+268H305I103W136038N+015D055+006-005G009X02
B1210014407345N00309175EA0133901494
LXVVT+268H305I087W136038N+015D057+005-002G009X02
B1210024407349N00309179EA0133901494
LXVVT+268H305I081W137038N+011D057-002+001G009X01
B1210034407353N00309183EA0133801493
LXVVT+268H306I085W137038N+009D063-008+004G009X02
B1210044407357N00309188EA0133601491
LXVVT+268H306I097W140038N+012D058-009+001G011X03
B1210054407362N00309195EA0133501490
LXVVT+269H305I116W140038N+015D063-002-003G011X02
B1210064407367N00309202EA0133601491
LXVVT+269H305I113W141038N+014D061+005-002G013X01
B1210074407372N00309208EA0133801493
LXVVT+269H305I106W144038N+012D057+007-001G010X01
B1210084407377N00309214EA0134001495
LXVVT+268H305I096W145038N+017D061+008+000G010X02
B1210094407381N00309218EA0134201497
LXVVT+268H306I083W146038N+023D066+000-003G010X02
B1210104407386N00309223EA0134301498
LXVVT+269H306I083W147038N+022D067-006+001G009X02
B1210114407390N00309228EA0134301499
LXVVT+269H306I100W147037N+026D061-008+002G010X03
B1210124407395N00309234EA0134401500
LXVVT+269H305I113W144038N+029D075-002+003G012X03
B1210134407399N00309240EA0134701502
LXVVT+269H305I108W143040N+025D066+006+004G011X02
B1210144407403N00309246EA0135001505
LXVVT+269H304I091W144039N+018D068+007+002G009X01
B1210154407406N00309252EA0135201507
LXVVT+269H304I077W148036N+016D075+004+000G009X02
B1210164407409N00309257EA0135401509
LXVVT+269H303I084W148035N+028D083-003-002G010X01
B1210174407411N00309262EA0135501510
LXVVT+269H304I081W149036N+033D093-002+007G010X02
B1210184407413N00309268EA0135601511
LXVVT+269H304I084W148037N+020D099+000+017G010X01
B1210194407412N00309272EA0135601511
LXVVT+269H304I084W148037N+007D132-005+023G010X03
B1210204407409N00309276EA0135401509
LXVVT+269H304I097W148036N+008D158-008+019G011X01
B1210214407404N00309277EA0135301507
LXVVT+269H304I109W148036N+014D182-004+023G012X01
B1210224407399N00309274EA0135301507
LXVVT+268H305I112W145035N+012D201+001+032G012X01
B1210234407395N00309267EA0135301507
LXVVT+269H304I115W145035N+004D237+001+039G013X01
B1210244407395N00309257EA0135201506
LXVVT+269H304I113W145035N-001D266-002+040G013X01
B1210254407398N00309247EA0135101506
LXVVT+268H305I117W146034N+004D298-003+037G013X01
B1210264407405N00309239EA0135201507
LXVVT+268H305I123W146032N+012D325+001+030G014X03
B1210274407413N00309236EA0135401509
LXVVT+267H306I115W145032N+018D349+006+024G012X01
B1210284407420N00309236EA0135701513
LXVVT+267H306I101W146032N+021D014+009+017G011X02
B1210294407426N00309239EA0136001515
LXVVT+267H306I087W144032N+023D025+007+011G009X01
B1210304407431N00309242EA0136201517
LXVVT+267H306I071W146032N+022D044+001+002G010X05
B1210314407435N00309245EA0136301518
LXVVT+267H306I072W147032N+021D064-006-004G009X01
B1210324407439N00309249EA0136201518
LXVVT+267H307I078W148031N+021D059-007-002G010X01
B1210334407444N00309254EA0136201518
LXVVT+267H306I083W151031N+017D059-002+003G011X01
B1210344407448N00309261EA0136301519
LXVVT+268H307I089W155031N+016D065+001+005G010X02
B1210354407452N00309267EA0136401520
LXVVT+267H306I096W155031N+015D063+007+000G011X02
B1210364407455N00309273EA0136501521
LXVVT+268H306I082W156031N+017D063+001-004G009X03
B1210374407459N00309278EA0136601522
LXVVT+268H306I080W157030N+022D066-003-008G010X01
B1210384407463N00309284EA0136701523
LXVVT+268H306I085W159030N+025D057-003-007G011X01
B1210394407468N00309289EA0136901525
LXVVT+267H306I097W158030N+034D052+002-008G012X02
B1210404407473N00309294EA0137201528
LXVVT+267H307I084W158030N+032D046+004-007G010X02
B1210414407478N00309297EA0137501531
LXVVT+267H307I085W157030N+032D047+002-006G011X05
B1210424407484N00309300EA0137801534
LXVVT+267H306I082W157029N+036D037+000-003G010X02
B1210434407489N00309303EA0138001537
LXVVT+267H306I082W155028N+040D034+000+002G010X01
B1210444407494N00309305EA0138301540
LXVVT+267H307I075W155027N+032D043-003+009G009X02
B1210454407498N00309309EA0138401541
LXVVT+267H307I081W152028N+027D068-007+017G009X02
B1210464407501N00309315EA0138501542
LXVVT+267H306I099W145031N+031D091-008+020G011X01
B1210474407501N00309321EA0138501542
LXVVT+267H306I112W142040N+028D115-003+033G013X01
B1210484407499N00309325EA0138501542
LXVVT+267H306I109W143045N+019D144-006+047G011X04
B1210494407494N00309323EA0138301540
LXVVT+266H307I124W143044N+019D192-013+044G016X00
B1210504407489N00309315EA0138201539
LXVVT+265H307I139W143044N+019D218-003+043G017X00
B1210514407489N00309303EA0138301541
LXVVT+265H307I140W143044N+017D260+002+043G015X03
B1210524407494N00309292EA0138601545
LXVVT+265H309I130W146041N+011D303+005+041G014X01
B1210534407502N00309286EA0138901547
LXVVT+265H309I113W146041N+014D332+004+037G012X02
B1210544407510N00309284EA0139101550
LXVVT+264H311I106W147042N+020D358+002+021G011X01
B1210554407517N00309286EA0139501552
LXVVT+264H311I102W149042N+039D028+005+008G012X02
B1210564407524N00309289EA0139901556
LXVVT+264H311I094W150042N+041D039+008+006G011X01
B1210574407529N00309293EA0140201560
LXVVT+263H311I082W152042N+035D058+004+009G009X01
B1210584407532N00309298EA0140401562
LXVVT+264H311I081W152042N+032D081+002+014G010X01
B1210594407535N00309303EA0140401563
LXVVT+263H310I081W151043N+026D100-004+017G010X02
B1211004407534N00309308EA0140401563
LXVVT+263H311I094W151043N+025D131-010+026G010X01
B1211014407532N00309312EA0140301561
LXVVT+263H311I108W151044N+018D151-008+037G012X02
B1211024407526N00309311EA0140101559
LXVVT+263H311I125W150043N+009D188-008+046G013X02
B1211034407522N00309304EA0139701556
LXVVT+263H311I139W151043N+006D229-011+055G016X00
B1211044407521N00309292EA0139401554
LXVVT+262H312I145W151043N+003D265-007+053G018X00
B1211054407527N00309279EA0139401555
LXVVT+262H312I151W151043N+003D311+000+041G017X00
B1211064407535N00309273EA0139801558
LXVVT+262H313I131W151042N+032D345+005+038G013X02
B1211074407543N00309273EA0140201562
LXVVT+261H314I110W150041N+037D010+007+033G011X02
B1211084407549N00309276EA0140501564
LXVVT+261H313I099W148041N+019D040+006+019G010X01
B1211094407554N00309280EA0140701566
LXVVT+261H313I092W145041N+033D052+000-001G010X01
B1211104407558N00309284EA0140901568
LXVVT+261H313I079W146041N+034D059-001-013G010X02
B1211114407562N00309288EA0141001569
LXVVT+261H314I076W148041N+026D057-002-010G010X02
B1211124407568N00309292EA0141101571
LXVVT+261H314I080W149041N+022D046-003-002G010X03
B1211134407573N00309295EA0141201572
LXVVT+261H314I081W150041N+022D050-003+000G010X01
B1211144407578N00309299EA0141301573
LXVVT+261H314I082W152042N+022D049-002-001G011X01
B1211154407584N00309303EA0141401574
LXVVT+261H314I090W152042N+026D051-001-001G011X02
B1211164407589N00309307EA0141601576
LXVVT+261H313I090W153042N+027D062+001+004G010X02
B1211174407594N00309312EA0141701578
LXVVT+261H314I091W151042N+026D057+001+007G010X01
B1211184407598N00309316EA0141901580
LXVVT+261H313I086W150042N+024D061+004+003G010X03
B1211194407602N00309320EA0142101582
LXVVT+261H313I070W151042N+024D054+001-009G010X02
B1211204407607N00309323EA0142301583
LXVVT+262H313I073W152043N+028D039-007-014G010X01
B1211214407613N00309325EA0142401584
LXVVT+261H313I092W150040N+033D024-006-014G011X02
B1211224407620N00309326EA0142501586
LXVVT+261H313I092W149038N+033D007-002-017G011X02
B1211234407627N00309324EA0142701588
LXVVT+261H312I089W149038N+024D359+006-012G011X02
B1211244407633N00309320EA0142901590
LXVVT+261H312I075W148040N+020D333+004-006G009X02
B1211254407640N00309317EA0143101592
LXVVT+261H312I070W147043N+024D338-001+000G010X01
B1211264407646N00309313EA0143201593
LXVVT+261H312I075W147043N+023D336-003+002G010X01
B1211274407652N00309309EA0143301594
LXVVT+261H313I082W147043N+024D334-004-002G010X01
B1211284407659N00309305EA0143401595
LXVVT+261H312I083W147042N+023D350-001+000G010X01
B1211294407665N00309302EA0143501596
LXVVT+261H312I082W147042N+019D355-001+015G010X01
B1211304407673N00309302EA0143501596
LXVVT+261H312I088W150043N+015D011-002+024G011X02
B1211314407680N00309305EA0143501596
LXVVT+260H313I105W153043N+018D043-003+024G012X03
B1211324407687N00309311EA0143501596
LXVVT+261H313I107W159043N+025D062+001+026G012X02
B1211334407691N00309320EA0143701598
LXVVT+259H314I111W166041N+023D089+004+028G013X02
B1211344407691N00309329EA0143801599
LXVVT+259H314I113W168039N+018D113+007+030G013X01
B1211354407690N00309336EA0144001602
LXVVT+258H314I106W169037N+017D132+008+024G011X00
B1211364407687N00309340EA0144201604
LXVVT+258H314I093W168035N+019D162+002+020G010X02
B1211374407683N00309342EA0144301606
LXVVT+258H315I082W165032N+022D171-001+016G010X01
B1211384407679N00309341EA0144501607
LXVVT+258H314I080W162030N+022D201-004+021G010X01
B1211394407676N00309337EA0144501607
LXVVT+258H315I089W160030N+019D217-008+031G011X01
B1211404407674N00309330EA0144401605
LXVVT+258H315I108W164030N+018D252-011+036G012X01
B1211414407675N00309320EA0144301604
LXVVT+257H315I127W173028N+018D287-009+043G014X02
B1211424407681N00309312EA0144201603
LXVVT+257H316I128W176026N+018D317-002+046G015X00
B1211434407690N00309309EA0144201604
LXVVT+256H317I136W175024N+018D352+005+039G015X02
B1211444407698N00309312EA0144401607
LXVVT+256H318I133W171021N+009D018+009+026G014X03
B1211454407704N00309317EA0144801611
LXVVT+255H318I108W169021N+022D041+010+015G010X02
B1211464407709N00309322EA0145101615
LXVVT+255H319I078W170021N+020D058+008+009G008X03
B1211474407711N00309326EA0145301616
LXVVT+255H319I061W172021N+020D057+002-002G010X01
B1211484407715N00309331EA0145401617
LXVVT+255H319I059W172021N+023D056-013-007G009X03
B1211494407719N00309336EA0145401618
LXVVT+256H319I081W173021N+031D053-015-004G011X01
B1211504407724N00309342EA0145501619
LXVVT+256H319I103W171021N+032D053-004+004G014X04
B1211514407728N00309348EA0145801623
LXVVT+255H319I109W166020N+035D052+006+007G011X03
B1211524407732N00309354EA0146301627
LXVVT+254H320I102W155021N+034D058+007+002G009X02
B1211534407734N00309358EA0146601631
LXVVT+254H321I085W147023N+027D081+008+004G009X04
B1211544407736N00309362EA0146801632
LXVVT+254H321I073W142025N+022D086-005+007G009X02
B1211554407736N00309366EA0146801632
LXVVT+255H321I081W140029N+018D112-010+010G009X03
B1211564407736N00309371EA0146701631
LXVVT+254H321I091W141032N+020D129-011+017G011X01
B1211574407732N00309374EA0146601629
LXVVT+255H321I108W143035N+014D151-006+028G013X01
B1211584407727N00309374EA0146501628
LXVVT+255H321I121W144035N+012D189-001+039G014X01
B1211594407722N00309367EA0146401628
LXVVT+254H322I129W147035N+008D223-001+045G014X02
B1212004407721N00309355EA0146401628
LXVVT+253H322I138W149034N+007D258-001+045G015X00
B1212014407725N00309344EA0146401629
LXVVT+252H323I135W151033N+003D297+004+037G015X00
B1212024407731N00309336EA0146701632
LXVVT+252H324I113W150035N+009D321+006+028G012X02
B1212034407738N00309331EA0147001635
LXVVT+251H324I102W150035N+017D343+008+017G011X01
B1212044407744N00309330EA0147401639
LXVVT+251H325I088W148034N+029D002+006+008G010X01
B1212054407750N00309330EA0147701642
LXVVT+252H325I076W146033N+032D017+000+004G009X01
B1212064407755N00309331EA0147901644
LXVVT+252H325I071W144033N+030D031-005+005G009X03
B1212074407760N00309333EA0148001645
LXVVT+252H325I078W143033N+028D050-009+010G010X02
B1212084407764N00309338EA0148001645
LXVVT+252H325I093W141033N+024D070-008+018G011X01
B1212094407766N00309345EA0147901644
LXVVT+252H326I111W141034N+019D082-001+019G013X02
B1212104407766N00309352EA0148101646
LXVVT+252H326I116W140034N+022D122+005+026G013X01
B1212114407763N00309357EA0148201648
LXVVT+252H326I111W140033N+020D140+006+032G011X01
B1212124407758N00309358EA0148301650
LXVVT+252H326I108W140033N+010D179+002+037G011X02
B1212134407754N00309354EA0148301650
LXVVT+253H326I114W143033N+014D208-003+035G012X01
B1212144407751N00309346EA0148301650
LXVVT+252H326I107W142034N+017D239-005+032G012X04
B1212154407751N00309336EA0148401650
LXVVT+252H326I112W141034N+013D267-002+035G012X02
B1212164407755N00309326EA0148401651
LXVVT+252H327I114W140035N+009D297+000+033G013X01
B1212174407761N00309318EA0148501652
LXVVT+251H327I113W140035N+017D326+003+027G013X02
B1212184407768N00309313EA0148801654
LXVVT+251H326I104W141036N+021D345+005+019G011X01
B1212194407775N00309312EA0149001657
LXVVT+250H327I094W142036N+024D000+005+012G010X01
B1212204407782N00309312EA0149301659
LXVVT+251H327I085W143037N+029D016+002+004G011X01
B1212214407787N00309313EA0149501662
LXVVT+251H328I080W143037N+033D023-002+000G010X01
B1212224407793N00309315EA0149701664
LXVVT+251H328I086W143037N+036D032-003+001G010X02
B1212234407799N00309317EA0149901666
LXVVT+251H328I091W141037N+033D038-002+007G010X01
B1212244407804N00309320EA0150101668
LXVVT+251H328I091W140037N+027D053+000+011G010X02
B1212254407808N00309325EA0150201669
LXVVT+251H328I088W140037N+023D068+000+012G010X01
B1212264407810N00309330EA0150301670
LXVVT+250H329I088W140037N+020D082+001+011G010X02
B1212274407812N00309335EA0150401671
LXVVT+250H330I092W140038N+021D112+001+010G011X02
B1212284407811N00309340EA0150501672
LXVVT+249H331I095W140040N+024D115+001+015G010X01
B1212294407809N00309343EA0150601673
LXVVT+249H331I093W140041N+018D148+001+020G010X01
B1212304407806N00309344EA0150601674
LXVVT+249H332I094W141041N+017D168-002+021G012X01
B1212314407802N00309341EA0150701675
LXVVT+249H332I104W141041N+022D192-002+022G011X01
B1212324407798N00309335EA0150701675
LXVVT+248H333I112W141041N+022D218-001+027G012X02
B1212334407796N00309325EA0150801676
LXVVT+248H334I116W141042N+018D248+001+031G012X01
B1212344407797N00309314EA0150801677
LXVVT+248H334I113W140042N+012D272+003+030G012X02
B1212354407801N00309304EA0151001678
LXVVT+247H334I105W140044N+015D304+002+026G011X02
B1212364407807N00309296EA0151201680
LXVVT+248H334I103W140044N+024D326+001+024G012X01
B1212374407814N00309292EA0151401683
LXVVT+248H334I102W139043N+026D345+000+025G011X01
B1212384407821N00309291EA0151601685
LXVVT+247H335I097W138043N+026D008+002+022G011X02
B1212394407827N00309292EA0151801687
LXVVT+246H335I091W139043N+022D028+002+014G011X03
B1212404407833N00309295EA0151901688
LXVVT+246H336I084W142042N+024D047+000+003G010X02
B1212414407838N00309299EA0152101689
LXVVT+246H336I087W143042N+026D061-001-003G010X02
B1212424407842N00309303EA0152301691
LXVVT+247H336I085W144042N+028D075+001+009G011X02
B1212434407845N00309308EA0152401693
LXVVT+246H336I090W142043N+025D085-003+021G009X01
B1212444407845N00309312EA0152401693
LXVVT+246H336I098W141046N+020D115-003+026G011X01
B1212454407843N00309316EA0152401692
LXVVT+246H337I112W142050N+023D147-005+025G012X04
B1212464407839N00309316EA0152401693
LXVVT+247H337I116W142050N+027D173-003+028G013X02
B1212474407834N00309312EA0152501694
LXVVT+246H337I117W139049N+019D198-001+033G012X02
B1212484407830N00309303EA0152601696
LXVVT+247H336I120W134049N+017D234+000+039G012X01
B1212494407829N00309291EA0152701697
LXVVT+247H336I124W134049N+018D264-001+040G013X01
B1212504407833N00309279EA0152801699
LXVVT+246H336I122W134049N+019D295-001+035G013X01
B1212514407839N00309270EA0153001700
LXVVT+245H337I117W134048N+018D320+003+028G012X02
B1212524407847N00309265EA0153201703
LXVVT+245H337I108W133048N+020D355+005+027G012X02
B1212534407855N00309265EA0153501705
LXVVT+245H338I096W136048N+021D019+003+023G011X02
B1212544407861N00309267EA0153601706
LXVVT+245H338I092W138048N+021D043+001+020G011X02
B1212554407866N00309271EA0153701707
LXVVT+245H339I104W136049N+028D063-002+014G010X03
B1212564407869N00309277EA0153801708
LXVVT+245H338I106W136050N+033D087+000+012G012X01
B1212574407870N00309283EA0154101710
LXVVT+244H339I098W136049N+030D096+004+015G011X01
B1212584407870N00309288EA0154301712
LXVVT+244H339I094W136047N+029D122+002+018G011X01
B1212594407868N00309291EA0154401714
LXVVT+244H339I098W135045N+031D152-003+019G011X03
B1213004407864N00309293EA0154601717
LXVVT+244H339I098W134043N+033D167-002+027G012X00
B1213014407859N00309290EA0154801718
LXVVT+243H340I099W130042N+023D180-002+031G012X02
B1213024407855N00309283EA0154901720
LXVVT+243H340I112W128041N+030D227+001+025G013X04
B1213034407852N00309274EA0155201724
LXVVT+244H340I110W130041N+036D242+004+030G012X01
B1213044407854N00309263EA0155501726
LXVVT+243H340I106W130040N+024D273+003+035G010X02
B1213054407858N00309254EA0155601727
LXVVT+243H341I104W130040N+014D310-002+035G011X02
B1213064407865N00309247EA0155601728
LXVVT+242H341I112W130039N+020D340-003+026G013X01
B1213074407873N00309245EA0155801729
LXVVT+242H342I113W128038N+029D004+001+022G013X02
B1213084407880N00309246EA0156001732
LXVVT+242H342I100W131038N+024D022+006+020G010X02
B1213094407886N00309248EA0156201734
LXVVT+242H342I093W130038N+018D039+009+011G010X02
B1213104407890N00309251EA0156401736
LXVVT+242H343I075W133038N+016D047+004-001G009X02
B1213114407894N00309254EA0156501736
LXVVT+242H343I071W135037N+025D050-005-007G010X01
B1213124407899N00309257EA0156601737
LXVVT+242H343I083W136037N+033D060-011-005G010X01
B1213134407904N00309262EA0156701738
LXVVT+242H342I098W136037N+035D056-004+008G013X02
B1213144407908N00309268EA0156901741
LXVVT+242H342I104W137036N+035D072+003+018G012X04
B1213154407910N00309275EA0157201745
LXVVT+241H342I099W138035N+029D086+005+018G011X01
B1213164407911N00309281EA0157601748
LXVVT+241H343I094W139033N+031D112+005+016G011X02
B1213174407909N00309286EA0157901752
LXVVT+241H342I090W139033N+040D136+002+015G011X01
B1213184407907N00309289EA0158201755
LXVVT+241H343I088W139034N+038D151-002+019G009X04
B1213194407903N00309289EA0158401756
LXVVT+241H343I093W142035N+033D177-005+023G011X04
B1213204407899N00309285EA0158401756
LXVVT+241H344I098W144036N+027D196-007+027G011X02
B1213214407895N00309278EA0158201756
LXVVT+241H344I100W137037N+014D230-007+028G012X03
B1213224407893N00309267EA0158201755
LXVVT+241H344I115W134039N+016D263-004+030G013X00
B1213234407895N00309255EA0158201756
LXVVT+240H345I115W133042N+017D280+001+038G014X00
B1213244407901N00309244EA0158301758
LXVVT+240H345I126W133043N+020D320+002+037G015X00
B1213254407910N00309238EA0158601761
LXVVT+239H345I126W132043N+033D348+006+035G014X02
B1213264407918N00309238EA0159001765
LXVVT+239H346I111W134043N+033D022+006+036G012X01
B1213274407925N00309243EA0159401769
LXVVT+237H347I096W140043N+025D042+006+023G011X02
B1213284407929N00309248EA0159801773
LXVVT+237H347I091W144042N+036D077+006+011G011X03
B1213294407932N00309254EA0160201777
LXVVT+238H346I081W145041N+042D092+003+011G010X02
B1213304407932N00309259EA0160501779
LXVVT+238H347I076W147039N+038D112-005+018G009X04
B1213314407931N00309264EA0160601780
LXVVT+238H347I092W147040N+035D141-007+017G011X01
B1213324407928N00309267EA0160701781
LXVVT+238H348I101W147041N+033D158-006+029G011X01
B1213334407923N00309266EA0160701780
LXVVT+237H348I111W146040N+022D185-006+038G013X04
B1213344407918N00309260EA0160701781
LXVVT+236H350I129W149041N+021D208+003+033G016X00
B1213354407915N00309249EA0160901784
LXVVT+236H351I121W146041N+027D245+004+029G013X02
B1213364407916N00309237EA0161301788
LXVVT+236H351I108W143043N+025D271+006+032G011X01
B1213374407919N00309227EA0161501791
LXVVT+236H352I097W142044N+017D296+001+034G009X01
B1213384407925N00309218EA0161601792
LXVVT+235H352I101W142043N+021D322-002+027G012X02
B1213394407933N00309214EA0161901794
LXVVT+235H353I104W140040N+037D346-003+018G012X02
B1213404407940N00309212EA0162301798
LXVVT+235H353I098W138039N+047D003+003+017G012X02
B1213414407947N00309213EA0162701802
LXVVT+234H354I091W139039N+032D011+008+013G011X01
B1213424407953N00309216EA0163001806
LXVVT+234H354I088W138039N+031D048+006+009G009X02
B1213434407958N00309220EA0163301809
LXVVT+234H354I074W142038N+034D048+002+003G010X06
B1213444407962N00309225EA0163501811
LXVVT+234H354I079W144038N+031D078-001+001G010X01
B1213454407965N00309231EA0163701813
LXVVT+234H353I087W144038N+038D082-003+005G011X02
B1213464407967N00309237EA0163901815
LXVVT+234H352I090W145037N+037D085-002+010G010X02
B1213474407968N00309244EA0164101818
LXVVT+235H352I100W145037N+037D111-001+016G011X02
B1213484407966N00309251EA0164301820
LXVVT+234H352I104W145036N+037D129+000+022G010X02
B1213494407963N00309255EA0164501822
LXVVT+234H353I102W144035N+027D147+001+022G011X03
B1213504407958N00309257EA0164601823
LXVVT+234H353I103W141033N+023D178+000+024G011X01
B1213514407952N00309255EA0164701824
LXVVT+233H353I104W140033N+018D185+002+021G011X01
B1213524407948N00309249EA0164901825
LXVVT+233H353I105W140033N+020D229+000+029G012X02
B1213534407946N00309240EA0164901826
LXVVT+233H354I103W141033N+017D245-003+037G011X03
B1213544407947N00309229EA0164901826
LXVVT+232H356I116W143031N+010D277-004+031G013X01
B1213554407951N00309218EA0165001828
LXVVT+232H356I125W144029N+022D302-002+025G013X03
B1213564407958N00309210EA0165401832
LXVVT+232H357I115W145029N+026D326+006+027G012X01
B1213574407965N00309207EA0165701836
LXVVT+232H358I104W143028N+026D354+006+036G009X02
B1213584407971N00309208EA0165901838
LXVVT+231H358I096W141028N+010D012+004+027G011X02
B1213594407977N00309211EA0166101840
LXVVT+231H359I095W138028N+025D041-001+007G011X01
B1214004407982N00309216EA0166301842
LXVVT+231H358I091W136028N+038D043-001-008G011X01
B1214014407986N00309220EA0166701845
LXVVT+231H359I085W135028N+034D051+002-004G010X02
B1214024407990N00309224EA0166901848
LXVVT+231H358I085W133029N+032D067-001+008G009X02
B1214034407992N00309229EA0167101850
LXVVT+231H359I085W132029N+035D080-004+013G011X01
B1214044407993N00309235EA0167301852
LXVVT+231H358I095W131030N+035D100-004+013G010X01
B1214054407992N00309241EA0167401854
LXVVT+231H359I097W132032N+031D116+000+014G011X01
B1214064407989N00309246EA0167601855
LXVVT+231H359I100W133033N+028D142+000+019G010X03
B1214074407985N00309247EA0167701856
LXVVT+230H360I096W133033N+025D161+000+021G011X02
B1214084407980N00309246EA0167701857
LXVVT+230H360I096W128032N+020D189-002+019G011X01
B1214094407975N00309242EA0167801858
LXVVT+230H360I103W126032N+023D213-001+023G012X01
B1214104407971N00309234EA0168001859
LXVVT+230H361I101W127032N+024D232+001+029G012X00
B1214114407970N00309224EA0168101861
LXVVT+230H361I102W127032N+023D264-003+029G011X01
B1214124407972N00309213EA0168201862
LXVVT+229H362I105W127032N+024D289+000+024G013X02
B1214134407977N00309204EA0168401864
LXVVT+229H362I109W126030N+030D316+000+026G011X03
B1214144407984N00309199EA0168601867
LXVVT+228H363I106W123028N+026D334+003+029G011X02
B1214154407990N00309197EA0168801868
LXVVT+227H364I099W123028N+017D006+001+023G010X02
B1214164407997N00309198EA0168901870
LXVVT+227H364I099W122029N+024D024+001+015G012X03
B1214174408002N00309201EA0169101872
LXVVT+227H364I092W123028N+029D042+002+011G011X00
B1214184408006N00309206EA0169401874
LXVVT+227H364I087W125028N+030D056+003+009G010X01
B1214194408009N00309211EA0169601877
LXVVT+227H364I089W126027N+028D078+001+006G010X01
B1214204408011N00309217EA0169801879
LXVVT+227H364I090W125028N+028D090+000+011G009X01
B1214214408011N00309222EA0169901880
LXVVT+227H364I084W125028N+025D104-004+015G010X03
B1214224408009N00309228EA0169901881
LXVVT+227H364I091W124027N+023D131-005+013G011X01
B1214234408006N00309232EA0170001882
LXVVT+227H365I101W124027N+022D133+001+014G012X01
B1214244408001N00309234EA0170201883
LXVVT+227H365I105W126028N+023D160+003+020G011X01
B1214254407996N00309233EA0170301885
LXVVT+226H365I104W129028N+027D183+000+018G011X02
B1214264407990N00309229EA0170501887
LXVVT+227H366I097W125028N+029D206+003+012G011X01
B1214274407986N00309223EA0170801890
LXVVT+227H365I093W123028N+027D219+003+013G010X01
B1214284407983N00309215EA0171001892
LXVVT+227H365I085W121030N+023D234+000+016G009X02
B1214294407982N00309207EA0171101893
LXVVT+227H365I084W119032N+020D251-003+015G011X01
B1214304407981N00309197EA0171101893
LXVVT+227H365I091W119033N+022D269-005+012G011X01
B1214314407983N00309186EA0171201894
LXVVT+227H365I104W119032N+033D287-003+014G012X02
B1214324407987N00309176EA0171501897
LXVVT+226H366I108W116029N+035D305+002+022G012X01
B1214334407992N00309169EA0171701899
LXVVT+226H366I107W110027N+028D330+004+025G011X01
B1214344407998N00309166EA0171901902
LXVVT+225H367I103W103026N+027D351+002+020G011X01
B1214354408004N00309166EA0172101905
LXVVT+225H367I098W102027N+031D013-001+017G011X00
B1214364408010N00309168EA0172301907
LXVVT+225H368I096W105025N+029D038-002+016G010X01
B1214374408014N00309173EA0172501909
LXVVT+225H368I095W107024N+026D056+001+017G011X01
B1214384408016N00309179EA0172701910
LXVVT+224H368I099W108024N+025D080+002+017G011X01
B1214394408016N00309186EA0172801912
LXVVT+224H368I105W108026N+032D105-001+019G011X01
B1214404408014N00309191EA0173001913
LXVVT+224H369I105W110027N+032D125+001+020G011X01
B1214414408010N00309195EA0173101915
LXVVT+224H369I101W111028N+020D147+003+021G012X02
B1214424408005N00309195EA0173301917
LXVVT+224H369I094W111028N+021D171+000+021G011X01
B1214434408000N00309192EA0173401918
LXVVT+224H370I098W110028N+027D197-003+018G010X04
B1214444407995N00309186EA0173601919
LXVVT+224H371I097W108029N+025D213-002+022G011X01
B1214454407991N00309177EA0173601920
LXVVT+223H371I100W104031N+020D237-002+025G012X03
B1214464407990N00309165EA0173701921
LXVVT+222H372I115W104031N+027D272-002+025G013X03
B1214474407992N00309154EA0173901923
LXVVT+223H372I121W103030N+038D300-001+029G012X02
B1214484407997N00309145EA0174001925
LXVVT+222H372I115W100028N+022D329+002+037G012X01
B1214494408004N00309141EA0174101925
LXVVT+222H372I101W103028N+003D355+002+036G012X02
B1214504408010N00309142EA0174201927
LXVVT+221H373I106W105028N+011D015+005+015G013X03
B1214514408016N00309144EA0174501931
LXVVT+221H374I105W102029N+032D029+008-006G010X04
B1214524408020N00309146EA0174901935
LXVVT+221H374I079W101030N+033D022+005-015G009X05
B1214534408024N00309146EA0175201938
LXVVT+221H375I067W101030N+026D019+000-013G009X02
B1214544408028N00309145EA0175301939
LXVVT+222H374I066W102030N+023D012-007-003G009X02
B1214554408033N00309144EA0175301939
LXVVT+221H374I078W102030N+027D015-010+002G010X02
B1214564408039N00309144EA0175401940
LXVVT+222H374I084W104030N+023D023-004+004G011X03
B1214574408045N00309146EA0175501941
LXVVT+221H374I092W105029N+024D026+001+003G011X03
B1214584408050N00309148EA0175801944
LXVVT+221H374I087W108029N+031D032+002-003G011X02
B1214594408055N00309149EA0176001947
LXVVT+221H374I084W110028N+035D033+001-007G010X00
B1215004408061N00309150EA0176301950
LXVVT+221H374I079W114028N+038D027-001-005G011X01
B1215014408066N00309152EA0176601954
LXVVT+221H374I077W120028N+041D026+002+000G010X01
B1215024408071N00309153EA0177001958
LXVVT+221H375I077W122028N+043D027+004-002G010X01
B1215034408075N00309154EA0177401962
LXVVT+221H375I073W122028N+043D034+000-003G009X02
B1215044408080N00309155EA0177701965
LXVVT+221H375I075W120028N+039D031-003-006G009X01
B1215054408085N00309156EA0177901967
LXVVT+221H375I079W117028N+038D038-005-001G010X01
B1215064408089N00309158EA0178201969
LXVVT+221H374I083W115028N+040D048-008+014G010X01
B1215074408092N00309163EA0178201970
LXVVT+221H375I097W113031N+032D073-010+028G010X01
B1215084408093N00309170EA0178201969
LXVVT+221H376I113W115037N+027D109-009+035G013X01
B1215094408089N00309175EA0178201969
LXVVT+219H377I120W115037N+019D133-001+034G014X00
B1215104408083N00309176EA0178301971
LXVVT+220H377I127W115037N+016D174+002+033G014X02
B1215114408077N00309172EA0178501974
LXVVT+218H379I121W118037N+019D194+004+031G012X01
B1215124408073N00309165EA0178801977
LXVVT+218H380I110W119036N+020D227+003+031G011X01
B1215134408072N00309155EA0179001979
LXVVT+217H381I110W122034N+026D258+000+026G011X03
B1215144408073N00309145EA0179301982
LXVVT+216H382I107W123030N+033D283+000+023G012X01
B1215154408077N00309137EA0179501984
LXVVT+216H382I105W122027N+034D320-002+026G010X02
B1215164408083N00309132EA0179701986
LXVVT+216H382I112W115024N+034D344-003+028G011X02
B1215174408090N00309132EA0179801987
LXVVT+216H381I111W113024N+024D013+000+032G012X02
B1215184408096N00309136EA0179801987
LXVVT+216H381I111W118023N+017D041+001+032G013X01
B1215194408100N00309144EA0179901988
LXVVT+216H381I114W126020N+020D076+003+025G013X01
B1215204408100N00309153EA0180101991
LXVVT+215H382I113W129018N+028D096+005+024G012X02
B1215214408098N00309160EA0180501995
LXVVT+214H383I110W129018N+030D123+008+024G012X03
B1215224408095N00309164EA0180801998
LXVVT+214H384I097W129018N+029D154+003+027G009X02
B1215234408090N00309164EA0181002000
LXVVT+214H385I092W129018N+028D177-001+024G010X01
B1215244408085N00309161EA0181102001
LXVVT+214H387I092W126017N+026D207-005+022G011X02
B1215254408081N00309155EA0181202002
LXVVT+214H387I102W125017N+030D235-007+024G012X02
B1215264408079N00309146EA0181202002
LXVVT+214H387I107W124018N+025D256-003+028G013X01
B1215274408080N00309135EA0181402003
LXVVT+213H388I115W123018N+023D285+002+027G013X01
B1215284408084N00309126EA0181602006
LXVVT+213H387I117W122016N+028D311+007+025G013X02
B1215294408089N00309121EA0181902010
LXVVT+213H387I104W117014N+026D329+006+025G010X01
B1215304408095N00309119EA0182102012
LXVVT+213H387I092W117014N+026D353+003+019G010X02
B1215314408100N00309120EA0182302014
LXVVT+212H387I089W118014N+026D017+001+012G010X01
B1215324408105N00309123EA0182502016
LXVVT+212H387I085W122014N+029D035-002+010G010X02
B1215334408110N00309127EA0182602017
LXVVT+213H387I087W127013N+027D054-004+012G010X00
B1215344408112N00309133EA0182702018
LXVVT+213H386I098W128013N+025D075-004+018G010X02
B1215354408114N00309141EA0182702018
LXVVT+214H386I103W129013N+023D096-004+026G012X02
B1215364408112N00309148EA0182702018
LXVVT+212H386I109W129013N+015D121-004+030G013X01
B1215374408107N00309154EA0182702018
LXVVT+212H387I115W126011N+018D147-003+028G013X01
B1215384408101N00309156EA0182902020
LXVVT+211H388I118W122010N+024D174+003+025G013X02
B1215394408095N00309154EA0183202023
LXVVT+210H390I107W123010N+024D191+009+024G011X01
B1215404408091N00309150EA0183502026
LXVVT+210H390I095W127010N+024D224+006+025G010X01
B1215414408088N00309143EA0183702029
LXVVT+210H391I087W128010N+028D247-002+018G010X02
B1215424408088N00309135EA0183902030
LXVVT+210H391I088W126011N+033D268-005+009G010X01
B1215434408089N00309127EA0184002032
LXVVT+210H392I093W126011N+033D285-001+013G010X01
B1215444408092N00309120EA0184202034
LXVVT+210H391I091W126010N+027D301+003+019G011X04
B1215454408096N00309115EA0184302035
LXVVT+211H391I094W121009N+021D330+002+024G011X01
B1215464408101N00309112EA0184402036
LXVVT+210H391I096W108008N+021D349-003+021G011X01
B1215474408107N00309112EA0184502037
LXVVT+210H391I097W111008N+024D008-003+013G011X01
B1215484408113N00309115EA0184602038
LXVVT+209H392I100W117008N+024D019+002+005G011X01
B1215494408118N00309118EA0184802041
LXVVT+210H392I094W124008N+025D025+005+002G010X01
B1215504408123N00309121EA0185002043
LXVVT+209H392I088W131008N+025D032+003+000G009X01
B1215514408128N00309125EA0185202045
LXVVT+209H392I086W130008N+029D035+000+000G010X02
B1215524408132N00309129EA0185402047
LXVVT+210H393I089W129008N+033D043-003+003G010X01
B1215534408136N00309134EA0185602049
LXVVT+210H393I091W128008N+036D061-002+010G011X01
B1215544408138N00309141EA0185902052
LXVVT+210H393I088W138006N+035D073-002+016G011X03
B1215554408139N00309148EA0186102054
LXVVT+209H393I098W145005N+030D091-002+021G011X02
B1215564408138N00309156EA0186202056
LXVVT+210H393I104W143006N+034D119-002+023G011X01
B1215574408134N00309163EA0186402058
LXVVT+209H394I106W143006N+031D142-003+024G011X02
B1215584408128N00309166EA0186602059
LXVVT+209H393I114W151007N+031D172-003+029G012X02
B1215594408122N00309165EA0186702060
LXVVT+208H395I115W163008N+027D196-002+034G012X02
B1216004408117N00309160EA0186802062
LXVVT+208H395I115W176009N+022D229-001+035G013X02
B1216014408115N00309151EA0186902064
LXVVT+207H396I116W191009N+016D253+001+029G012X01
B1216024408117N00309143EA0187202066
LXVVT+207H396I114W205008N+023D291+001+028G012X01
B1216034408122N00309137EA0187402068
LXVVT+206H397I110W218008N+026D314+003+026G011X01
B1216044408128N00309135EA0187602071
LXVVT+206H397I106W224007N+028D347+002+023G012X01
B1216054408134N00309136EA0187902074
LXVVT+206H398I100W220008N+036D010+001+017G011X01
B1216064408139N00309140EA0188302077
LXVVT+206H399I096W220010N+040D038+005+016G012X02
B1216074408143N00309146EA0188602081
LXVVT+205H399I093W218009N+035D054+003+019G010X01
B1216084408145N00309153EA0188802083
LXVVT+205H399I088W216009N+035D084-003+019G010X01
B1216094408145N00309160EA0189002085
LXVVT+205H400I091W220009N+034D100-004+015G011X01
B1216104408143N00309168EA0189102087
LXVVT+205H400I097W225009N+031D123-001+013G011X05
B1216114408139N00309174EA0189302088
LXVVT+205H401I098W234009N+028D146-001+022G010X01
B1216124408134N00309178EA0189402090
LXVVT+205H401I098W240008N+019D163+001+029G011X01
B1216134408128N00309178EA0189402090
LXVVT+205H401I104W247007N+014D198-003+030G012X01
B1216144408123N00309173EA0189302089
LXVVT+205H401I112W249007N+017D224-003+029G013X01
B1216154408120N00309165EA0189402090
LXVVT+204H402I115W248006N+020D252+001+030G013X01
B1216164408120N00309156EA0189602092
LXVVT+203H402I119W253006N+022D274+005+026G012X02
B1216174408123N00309148EA0189902095
LXVVT+202H404I113W264007N+026D296+008+013G011X03
B1216184408126N00309143EA0190302099
LXVVT+202H405I094W268008N+035D308+008+000G010X02
B1216194408129N00309139EA0190702103
LXVVT+202H405I078W268008N+037D316+004-003G009X02
B1216204408132N00309136EA0190902106
LXVVT+203H406I067W263007N+031D319-002+002G009X02
B1216214408136N00309133EA0191002107
LXVVT+203H405I071W258007N+026D319-007+007G009X01
B1216224408140N00309130EA0191102107
LXVVT+204H405I076W247008N+025D347-009+008G010X05
B1216234408146N00309129EA0191102108
LXVVT+204H405I093W240009N+029D002-007+009G011X03
B1216244408152N00309130EA0191202109
LXVVT+204H404I106W242008N+027D006-002+015G012X03
B1216254408158N00309134EA0191302111
LXVVT+203H404I107W241009N+027D038+003+020G012X01
B1216264408162N00309141EA0191602114
LXVVT+203H405I104W241009N+026D054+005+021G011X01
B1216274408164N00309150EA0191802116
LXVVT+202H406I095W245010N+025D077+004+016G011X01
B1216284408164N00309158EA0192002118
LXVVT+202H406I089W251011N+028D108+003+014G010X03
B1216294408161N00309165EA0192202120
LXVVT+202H406I086W260011N+024D124-002+016G009X01
B1216304408158N00309171EA0192202120
LXVVT+202H407I095W259011N+020D151-005+019G011X02
B1216314408152N00309175EA0192202119
LXVVT+202H406I097W264011N+020D176-005+026G012X03
B1216324408145N00309173EA0192102118
LXVVT+202H406I107W271010N+013D201-003+031G013X01
B1216334408140N00309167EA0192002117
LXVVT+203H406I113W278008N+006D238-004+038G013X01
B1216344408139N00309158EA0191902117
LXVVT+201H407I115W283005N-001D257+000+036G013X04
B1216354408141N00309148EA0192002118
LXVVT+201H408I124W282005N+000D297+005+028G014X01
B1216364408146N00309142EA0192202121
LXVVT+199H410I114W277005N+020D321+007+023G012X03
B1216374408152N00309139EA0192602124
LXVVT+199H411I102W280005N+027D347+005+022G010X01
B1216384408157N00309141EA0192802127
LXVVT+199H412I090W271005N+025D013+002+023G010X02
B1216394408162N00309145EA0193002128
LXVVT+198H413I093W276004N+024D036-003+016G010X01
B1216404408165N00309152EA0193102129
LXVVT+199H413I094W274005N+029D060-004+009G010X01
B1216414408168N00309160EA0193202129
LXVVT+199H413I093W271006N+027D069+000+006G011X02
B1216424408169N00309169EA0193202130
LXVVT+199H413I093W272009N+020D085+003+005G010X01
B1216434408169N00309178EA0193302131
LXVVT+199H414I097W272008N+017D094+003+005G010X01
B1216444408168N00309186EA0193302132
LXVVT+199H414I092W270008N+014D100+001+004G009X01
B1216454408166N00309194EA0193302132
LXVVT+199H414I099W261007N+013D109+000+000G009X02
B1216464408164N00309201EA0193102131
LXVVT+199H414I089W262007N+000D109-003-002G009X05
B1216474408162N00309209EA0192902128
LXVVT+198H414I097W263007N-003D103-004-005G010X01
B1216484408160N00309218EA0192702126
LXVVT+199H414I107W261007N+002D110-002-009G011X02
B1216494408158N00309227EA0192602125
LXVVT+199H414I106W260007N+000D104+002-008G010X01
B1216504408156N00309236EA0192602125
LXVVT+198H415I106W260007N+002D097+004-008G011X02
B1216514408154N00309245EA0192502124
LXVVT+198H416I101W262007N+001D114+004-004G009X01
B1216524408152N00309253EA0192402124
LXVVT+198H416I094W267009N-006D108+004-001G009X00
B1216534408150N00309260EA0192202120
LXVVT+197H417I094W260008N-014D106+002-006G009X01
B1216544408148N00309266EA0191802116
LXVVT+198H416I087W240006N-021D113+000+000G009X02
B1216554408146N00309272EA0191502111
LXVVT+196H418I091W218006N-024D103-004-001G010X01
B1216564408143N00309278EA0191002107
LXVVT+197H418I091W208007N-024D115-004-002G010X01
B1216574408141N00309285EA0190602102
LXVVT+195H419I094W203007N-024D115-003-005G011X02
B1216584408138N00309292EA0190202098
LXVVT+195H420I100W196008N-024D124+001-005G011X02
B1216594408135N00309299EA0189802095
LXVVT+195H421I102W185009N-027D131+003-002G008X03
B1217004408133N00309305EA0189402091
LXVVT+196H421I090W191009N-031D129+007+002G013X06
B1217014408130N00309312EA0189002088
LXVVT+195H422I099W187009N-030D126+001+004G009X02
B1217024408127N00309318EA0188602083
LXVVT+196H422I105W180012N-022D135+000+004G009X02
B1217034408123N00309323EA0188202078
LXVVT+195H422I104W177014N-029D135-002+002G007X02
B1217044408120N00309329EA0187602072
LXVVT+195H422I106W174015N-039D134+000+001G012X02
B1217054408115N00309335EA0187202066
LXVVT+195H422I116W173016N-027D133-006-002G012X03
B1217064408111N00309342EA0186702062
LXVVT+195H423I120W174015N-025D136+001-001G011X02
B1217074408106N00309349EA0186302058
LXVVT+196H423I120W175014N-039D140+009-003G011X02
B1217084408102N00309356EA0186002055
LXVVT+196H422I112W176014N-035D144+009-003G010X01
B1217094408099N00309361EA0185802053
LXVVT+196H422I115W175017N-019D139+005-003G010X04
B1217104408095N00309366EA0185502050
LXVVT+197H422I100W174019N-015D140+001+001G007X04
B1217114408091N00309371EA0185202046
LXVVT+197H422I100W173019N-027D138+003+002G011X02
B1217124408087N00309374EA0184702041
LXVVT+197H421I103W168021N-031D136-005-001G009X00
B1217134408083N00309378EA0184202035
LXVVT+198H421I111W167023N-041D143-006-004G009X00
B1217144408079N00309383EA0183602028
LXVVT+198H421I115W165025N-046D138-004-004G010X04
B1217154408075N00309389EA0183002022
LXVVT+197H422I114W165025N-039D131-002-004G011X02
B1217164408071N00309395EA0182502016
LXVVT+198H422I120W166025N-040D136-001-006G011X02
B1217174408066N00309402EA0181902011
LXVVT+200H419I117W168023N-041D141+004-002G012X01
B1217184408062N00309410EA0181502008
LXVVT+200H419I123W170022N-038D133+005+002G011X04
B1217194408058N00309416EA0181402005
LXVVT+200H418I121W169022N-023D134+005-002G012X02
B1217204408054N00309422EA0181202003
LXVVT+200H417I105W170020N-016D140+000-005G008X03
B1217214408051N00309428EA0180902000
LXVVT+201H416I104W170019N-016D141-003-004G010X01
B1217224408047N00309435EA0180601997
LXVVT+200H417I113W169019N-014D137-003-002G011X01
B1217234408044N00309442EA0180301994
LXVVT+201H416I113W169019N-018D146+001+003G011X01
B1217244408041N00309449EA0180101992
LXVVT+201H415I113W169019N-019D142+002+004G010X01
B1217254408037N00309456EA0179901990
LXVVT+202H414I111W171018N-019D145+002+002G010X01
B1217264408033N00309463EA0179601987
LXVVT+202H413I113W172017N-018D142-001-002G010X01
B1217274408029N00309471EA0179301984
LXVVT+202H413I119W171016N-013D141-005-004G009X01
B1217284408026N00309480EA0178901980
LXVVT+203H412I124W172016N-016D141-003+000G010X00
B1217294408022N00309489EA0178601976
LXVVT+203H411I124W179015N-022D137-001+001G011X03
B1217304408018N00309498EA0178201973
LXVVT+203H411I134W180015N-019D132+001-003G012X02
B1217314408015N00309508EA0178101971
LXVVT+203H411I137W176015N-009D130+002-008G011X00
B1217324408012N00309517EA0178001970
LXVVT+204H411I133W173018N-006D137+005-004G011X01
B1217334408010N00309526EA0177901969
LXVVT+205H410I121W174020N-010D139+006+005G009X00
B1217344408007N00309534EA0177801967
LXVVT+205H409I117W173022N-014D138+002+007G008X02
B1217354408004N00309541EA0177501964
LXVVT+205H409I116W174023N-014D143-001+006G009X01
B1217364408001N00309548EA0177101960
LXVVT+205H408I114W175023N-013D141-004-001G010X03
B1217374407997N00309556EA0176801956
LXVVT+205H408I127W173024N-010D141-007-006G010X01
B1217384407994N00309564EA0176301952
LXVVT+205H407I133W171025N-016D139-003-006G011X01
B1217394407991N00309574EA0176001949
LXVVT+206H406I136W169026N-019D139+001-002G012X01
B1217404407989N00309583EA0175801947
LXVVT+206H405I134W169026N-020D134+004-001G012X01
B1217414407986N00309592EA0175701946
LXVVT+206H404I137W162027N-006D133+004-005G010X02
B1217424407984N00309601EA0175701946
LXVVT+206H404I129W162031N-001D135+006+001G010X01
B1217434407982N00309608EA0175701945
LXVVT+207H403I120W161033N-006D136+004+004G008X01
B1217444407980N00309615EA0175501942
LXVVT+207H403I111W162034N-014D136+001+003G009X03
B1217454407978N00309621EA0175101938
LXVVT+208H401I103W162034N-021D142-004+000G009X04
B1217464407976N00309628EA0174601933
LXVVT+208H401I109W161033N-024D139-009-001G009X03
B1217474407974N00309636EA0174101927
LXVVT+209H400I117W161032N-026D143-009-002G011X01
B1217484407971N00309646EA0173501922
LXVVT+209H399I136W158031N-023D139-004-006G014X03
B1217494407969N00309657EA0173201920
LXVVT+209H398I162W153031N-009D127+001-004G012X05
B1217504407968N00309668EA0173201921
LXVVT+210H397I156W150031N-003D130+013+006G014X03
B1217514407965N00309677EA0173701925
LXVVT+210H396I128W160031N-010D120+020+016G010X03
B1217524407963N00309683EA0174101928
LXVVT+211H395I110W160031N-005D125+019+007G009X02
B1217534407960N00309687EA0174201929
LXVVT+211H394I084W159031N+004D135+003-007G007X06
B1217544407958N00309690EA0174101927
LXVVT+212H394I073W159030N+001D144-015-016G007X03
B1217554407957N00309695EA0173601922
LXVVT+212H393I078W162030N-012D132-017-009G009X04
B1217564407956N00309702EA0173001916
LXVVT+212H392I117W159029N-026D108-014+000G012X04
B1217574407955N00309712EA0172601912
LXVVT+212H392I137W154029N-020D120-001-005G011X04
B1217584407954N00309722EA0172401911
LXVVT+212H391I142W153029N-020D112+010+002G014X03
B1217594407952N00309730EA0172501912
LXVVT+213H391I123W150029N-019D122+015+016G011X02
B1218004407951N00309736EA0172601913
LXVVT+213H390I105W151029N-009D117+011+014G009X01
B1218014407948N00309740EA0172701913
LXVVT+213H390I095W152031N-003D127+002-001G008X03
B1218024407947N00309745EA0172401911
LXVVT+214H389I088W152031N-006D129-009-012G007X02
B1218034407945N00309750EA0171901906
LXVVT+215H388I094W152031N-017D120-012-008G009X03
B1218044407944N00309757EA0171401900
LXVVT+215H387I121W148032N-022D111-010-002G011X02
B1218054407942N00309766EA0171001895
LXVVT+216H386I136W142034N-013D114-005+001G013X02
B1218064407940N00309775EA0170701892
LXVVT+216H385I137W144033N-010D113+000+002G012X01
B1218074407938N00309785EA0170701891
LXVVT+215H385I137W147032N-010D114+006+001G011X01
B1218084407936N00309794EA0170701891
LXVVT+216H384I129W150030N-003D116+009-002G011X03
B1218094407935N00309802EA0170701892
LXVVT+217H382I115W155029N-001D113+005-001G009X02
B1218104407934N00309810EA0170701892
LXVVT+216H382I109W158028N+001D110+002-001G010X01
B1218114407933N00309818EA0170601891
LXVVT+217H381I110W159028N+008D110-005+000G009X02
B1218124407933N00309826EA0170401888
LXVVT+217H380I120W157029N+009D113-007+001G009X01
B1218134407932N00309835EA0170101885
LXVVT+218H379I115W157029N-010D116-002+006G010X02
B1218144407931N00309843EA0169901883
LXVVT+218H379I122W157029N-011D107+000-002G011X02
B1218154407930N00309852EA0169801881
LXVVT+218H379I123W158029N-005D109+000-004G011X01
B1218164407929N00309862EA0169501879
LXVVT+219H378I125W158029N-004D111+001+001G011X01
B1218174407929N00309871EA0169401878
LXVVT+218H377I125W159029N-004D105+003+003G010X01
B1218184407928N00309880EA0169301876
LXVVT+218H377I123W158029N-002D108+001+003G010X01
B1218194407928N00309888EA0169101874
LXVVT+219H376I118W158029N-005D110-001+002G010X01
B1218204407927N00309897EA0168901872
LXVVT+219H375I123W158028N-006D103-003-003G009X03
B1218214407926N00309906EA0168701869
LXVVT+219H375I127W156028N-002D102-003-009G012X02
B1218224407927N00309916EA0168401867
LXVVT+220H374I133W152028N-001D105-001-003G011X01
B1218234407928N00309926EA0168301866
LXVVT+219H374I137W150029N+001D100+003+001G011X04
B1218244407928N00309935EA0168301865
LXVVT+220H374I130W148029N-004D100+004+004G010X01
B1218254407929N00309944EA0168201864
LXVVT+219H374I124W148029N-003D101+003+005G009X02
B1218264407929N00309952EA0168101862
LXVVT+220H374I117W147029N-006D111+000+005G010X02
B1218274407928N00309961EA0167901860
LXVVT+220H373I119W147028N-005D108-004+004G010X02
B1218284407928N00309970EA0167701857
LXVVT+220H373I124W149028N+005D105-009-004G010X04
B1218294407928N00309980EA0167301855
LXVVT+220H373I134W150027N-005D113+000-004G012X00
B1218304407928N00309991EA0167201855
LXVVT+221H372I140W149027N+014D105+010+001G012X00
B1218314407928N00310000EA0167301856
LXVVT+221H372I128W144027N+020D099+011+001G010X03
B1218324407930N00310007EA0167401856
LXVVT+221H372I117W129026N+016D088+006-006G010X03
B1218334407931N00310013EA0167401855
LXVVT+221H371I096W122025N-003D089+001-004G010X04
B1218344407933N00310019EA0167201854
LXVVT+222H371I088W126026N-005D087-007+007G007X01
B1218354407934N00310025EA0166901850
LXVVT+222H369I102W127026N-007D084-008+010G010X01
B1218364407935N00310033EA0166501846
LXVVT+223H369I120W124028N-008D091-009+003G010X02
B1218374407936N00310041EA0166101842
LXVVT+223H368I133W123029N-005D090-005+001G011X01
B1218384407936N00310051EA0165801839
LXVVT+223H367I130W123028N-021D095+003+003G012X03
B1218394407936N00310061EA0165601837
LXVVT+224H367I130W123025N-024D093+006+001G012X02
B1218404407935N00310070EA0165601837
LXVVT+224H367I131W123024N-005D095+005-002G010X02
B1218414407936N00310079EA0165701837
LXVVT+224H366I126W124023N+008D091+003-007G013X03
B1218424407936N00310088EA0165801839
LXVVT+224H365I122W124023N+016D095+002+000G010X01
B1218434407937N00310096EA0166001841
LXVVT+224H365I120W124023N+022D093+001+003G011X03
B1218444407937N00310105EA0166201842
LXVVT+224H365I121W123023N+021D099-001+007G009X00
B1218454407936N00310113EA0166201843
LXVVT+225H365I109W123022N+016D109-001+010G010X02
B1218464407936N00310121EA0166301844
LXVVT+225H364I114W120019N+010D092-001-001G011X01
B1218474407935N00310129EA0166401845
LXVVT+225H364I123W121020N+020D105+000-010G011X02
B1218484407935N00310138EA0166601847
LXVVT+225H364I114W125019N+019D098+003-004G010X02
B1218494407935N00310147EA0166801850
LXVVT+225H364I118W126018N+019D098+001+005G010X02
B1218504407934N00310155EA0167001852
LXVVT+225H364I112W128017N+024D101+000+007G010X01
B1218514407934N00310163EA0167301855
LXVVT+225H364I111W128016N+036D093-002-001G012X01
B1218524407934N00310171EA0167801860
LXVVT+225H364I107W129015N+049D094+001-011G011X03
B1218534407934N00310178EA0168301866
LXVVT+225H364I095W129016N+037D090+005-012G009X02
B1218544407936N00310184EA0168701870
LXVVT+225H364I080W141017N+031D089+001-005G009X02
B1218554407938N00310189EA0169001873
LXVVT+225H363I072W147018N+037D096-005+006G009X02
B1218564407938N00310194EA0169201874
LXVVT+225H363I078W145019N+034D103-011+019G009X01
B1218574407937N00310198EA0169201875
LXVVT+226H362I089W152027N+026D136-011+024G012X04
B1218584407933N00310199EA0169301874
LXVVT+226H362I107W161038N+021D165-006+029G013X00
B1218594407929N00310195EA0169301874
LXVVT+226H362I116W164040N+019D199+002+032G013X03
B1219004407927N00310187EA0169401876
LXVVT+225H362I107W161040N+011D222+009+026G013X01
B1219014407926N00310178EA0169601878
LXVVT+225H362I101W156042N+017D255+008+020G011X01
B1219024407928N00310168EA0169901882
LXVVT+225H361I095W155043N+029D277+007+017G011X03
B1219034407932N00310160EA0170201885
LXVVT+226H361I082W155045N+031D294+003+022G010X01
B1219044407937N00310153EA0170501887
LXVVT+226H361I079W155046N+026D316-004+026G010X02
B1219054407944N00310148EA0170501888
LXVVT+226H361I089W155048N+024D338-009+026G010X02
B1219064407953N00310146EA0170601889
LXVVT+226H360I105W155048N+028D002-004+027G013X01
B1219074407962N00310148EA0170701890
LXVVT+225H360I114W155048N+030D029+001+032G013X02
B1219084407969N00310153EA0170901892
LXVVT+225H361I116W155048N+024D056+002+038G012X01
B1219094407973N00310161EA0171101894
LXVVT+225H361I117W156048N+020D089+001+039G013X01
B1219104407973N00310169EA0171301896
LXVVT+224H361I115W157047N+024D122-002+040G012X01
B1219114407970N00310175EA0171401898
LXVVT+224H362I112W157045N+023D150-002+040G013X01
B1219124407965N00310175EA0171601899
LXVVT+225H361I113W156042N+022D184-004+039G013X02
B1219134407960N00310170EA0171701900
LXVVT+224H362I123W157043N+026D211-003+037G013X02
B1219144407958N00310161EA0171901902
LXVVT+225H362I120W158043N+029D248-001+038G013X01
B1219154407959N00310150EA0172201904
LXVVT+224H362I113W158043N+023D274+003+038G012X02
B1219164407964N00310141EA0172301906
LXVVT+224H362I108W158043N+015D306+001+037G012X02
B1219174407971N00310135EA0172401907
LXVVT+224H362I108W158041N+021D339-003+033G012X01
B1219184407980N00310133EA0172501908
LXVVT+224H362I109W158041N+025D004-002+031G012X01
B1219194407988N00310136EA0172601909
LXVVT+224H362I107W158041N+020D032+001+033G012X01
B1219204407994N00310142EA0172801911
LXVVT+224H362I107W160041N+017D057+004+030G012X02
B1219214407998N00310150EA0173001913
LXVVT+223H363I107W160041N+024D088+004+025G012X01
B1219224407998N00310158EA0173201916
LXVVT+223H363I103W159041N+034D110+003+025G011X01
B1219234407997N00310163EA0173501919
LXVVT+223H363I095W159041N+031D139+001+027G011X01
B1219244407994N00310166EA0173701920
LXVVT+224H363I093W159040N+027D161-003+028G010X01
B1219254407990N00310166EA0173801921
LXVVT+224H363I101W159040N+028D189-004+029G012X01
B1219264407986N00310161EA0173901923
LXVVT+224H362I106W159040N+030D214-004+032G013X01
B1219274407983N00310152EA0174101925
LXVVT+224H362I118W160040N+036D246-004+037G013X01
B1219284407985N00310141EA0174301927
LXVVT+224H362I117W161040N+028D275-001+043G012X01
B1219294407990N00310132EA0174401929
LXVVT+223H362I114W160040N+017D312+000+046G013X02
B1219304407998N00310126EA0174501930
LXVVT+223H362I116W160040N+014D348-001+041G013X01
B1219314408007N00310127EA0174601932
LXVVT+223H363I120W157038N+022D015+000+037G013X03
B1219324408014N00310132EA0174801933
LXVVT+222H364I114W155037N+022D053-001+036G012X01
B1219334408017N00310140EA0175001935
LXVVT+222H365I111W156037N+022D083+000+036G013X02
B1219344408017N00310148EA0175101936
LXVVT+221H365I115W155038N+023D110+002+031G013X01
B1219354408015N00310153EA0175401939
LXVVT+221H366I114W155038N+031D141+003+026G012X01
B1219364408011N00310156EA0175701942
LXVVT+221H366I104W154038N+033D165+004+026G011X02
B1219374408007N00310155EA0175901945
LXVVT+221H366I096W154037N+031D192+002+028G011X01
B1219384408003N00310150EA0176201947
LXVVT+221H367I101W155037N+034D210-002+025G011X01
B1219394408001N00310143EA0176401950
LXVVT+221H366I107W158038N+043D236+000+024G012X01
B1219404408001N00310133EA0176701953
LXVVT+222H366I105W159037N+039D263+002+027G011X02
B1219414408003N00310124EA0177001956
LXVVT+222H366I099W159037N+030D282+003+031G011X01
B1219424408008N00310116EA0177101958
LXVVT+221H366I095W158039N+023D313-001+030G011X02
B1219434408015N00310110EA0177301959
LXVVT+222H365I100W158039N+027D335-004+028G011X01
B1219444408023N00310107EA0177401961
LXVVT+222H366I104W158039N+029D359-003+030G013X01
B1219454408031N00310108EA0177501963
LXVVT+221H365I108W156038N+026D023+000+033G012X01
B1219464408037N00310113EA0177701964
LXVVT+220H366I108W154038N+020D048+003+033G012X01
B1219474408041N00310121EA0177801965
LXVVT+219H367I104W153038N+017D072+004+024G012X01
B1219484408042N00310128EA0178001967
LXVVT+219H368I095W155037N+028D096+003+011G011X01
B1219494408043N00310134EA0178301970
LXVVT+220H367I088W156036N+037D109+006+006G011X02
B1219504408043N00310140EA0178701974
LXVVT+220H368I079W157035N+039D119+004+011G009X01
B1219514408042N00310144EA0178901977
LXVVT+220H368I077W157035N+036D131-002+018G009X03
B1219524408039N00310147EA0179101979
LXVVT+220H368I086W157036N+037D158-007+017G010X01
B1219534408036N00310148EA0179301981
LXVVT+220H368I098W158037N+041D174-007+021G011X01
B1219544408031N00310146EA0179401983
LXVVT+220H367I103W158037N+035D202-003+029G012X01
B1219554408028N00310140EA0179601984
LXVVT+221H367I108W158037N+026D231-003+040G012X02
B1219564408028N00310130EA0179601985
LXVVT+220H367I111W159037N+020D267-004+044G013X01
B1219574408031N00310120EA0179701985
LXVVT+220H367I117W160037N+016D296-005+045G013X01
B1219584408039N00310113EA0179701986
LXVVT+219H367I121W161036N+011D323-003+040G014X01
B1219594408048N00310111EA0179801987
LXVVT+219H368I125W161037N+011D008+001+035G016X00
B1220004408057N00310115EA0180101991
LXVVT+218H369I122W161037N+023D025+007+033G013X03
B1220014408063N00310122EA0180501994
LXVVT+218H370I113W162037N+027D063+009+036G012X02
B1220024408065N00310130EA0180801998
LXVVT+216H371I107W160038N+029D089+006+024G010X03
B1220034408065N00310137EA0181102001
LXVVT+217H371I090W162037N+036D122+006+019G011X02
B1220044408063N00310142EA0181502005
LXVVT+217H373I086W163036N+040D134+002+012G010X02
B1220054408061N00310145EA0181702008
LXVVT+217H373I085W163036N+040D154+000+014G010X01
B1220064408058N00310147EA0182002010
LXVVT+217H373I083W162035N+038D170-001+019G010X02
B1220074408054N00310145EA0182102012
LXVVT+217H373I095W163035N+034D195-002+028G010X02
B1220084408050N00310141EA0182202013
LXVVT+217H372I104W166037N+033D215-006+030G011X02
B1220094408048N00310133EA0182302014
LXVVT+217H372I110W165036N+032D246-003+031G013X01
B1220104408049N00310122EA0182402015
LXVVT+217H373I110W163037N+024D268+001+036G012X01
B1220114408053N00310112EA0182602017
LXVVT+216H373I111W162038N+017D299+003+040G012X02
B1220124408060N00310106EA0182702019
LXVVT+216H373I109W162037N+018D329+001+036G013X02
B1220134408068N00310103EA0182902021
LXVVT+216H374I110W161036N+033D003-002+030G011X03
B1220144408075N00310105EA0183202024
LXVVT+215H374I106W160035N+034D017+005+029G012X02
B1220154408082N00310110EA0183502027
LXVVT+215H375I104W157035N+031D046+002+023G009X02
B1220164408086N00310116EA0183802030
LXVVT+214H375I101W155035N+032D074+002+020G011X01
B1220174408088N00310123EA0184002032
LXVVT+214H376I096W154035N+035D094+001+018G011X00
B1220184408089N00310130EA0184202034
LXVVT+214H376I092W155034N+032D111-002+019G011X03
B1220194408087N00310136EA0184302035
LXVVT+214H377I097W156034N+027D135-003+021G011X02
B1220204408084N00310140EA0184502037
LXVVT+214H377I097W155033N+030D155-004+029G010X01
B1220214408080N00310140EA0184602038
LXVVT+214H377I102W156033N+027D184-005+039G011X01
B1220224408076N00310135EA0184502037
LXVVT+215H377I109W157034N+016D214-004+044G012X01
B1220234408074N00310126EA0184402036
LXVVT+215H376I118W157034N+012D254-007+044G013X01
B1220244408077N00310114EA0184302035
LXVVT+215H377I130W157034N+012D283-004+043G015X00
B1220254408084N00310104EA0184302036
LXVVT+213H377I140W157034N+012D321+003+042G017X00
B1220264408093N00310100EA0184502039
LXVVT+212H378I140W157034N+013D353+004+038G015X01
B1220274408102N00310102EA0184902043
LXVVT+212H378I125W157033N+025D026+008+039G013X03
B1220284408108N00310107EA0185402047
LXVVT+211H380I111W157033N+024D047+009+032G010X02
B1220294408112N00310115EA0185702051
LXVVT+211H380I096W159033N+028D081+004+019G011X01
B1220304408114N00310122EA0186002054
LXVVT+211H381I087W163032N+043D095+001+003G011X01
B1220314408114N00310128EA0186402057
LXVVT+211H382I083W164032N+044D110+001+007G009X01
B1220324408114N00310134EA0186602059
LXVVT+211H382I079W164031N+037D129-003+021G009X02
B1220334408112N00310138EA0186602060
LXVVT+211H382I086W164031N+024D146-008+027G010X01
B1220344408107N00310140EA0186602059
LXVVT+212H381I104W165033N+024D177-009+028G012X01
B1220354408102N00310137EA0186602058
LXVVT+212H381I113W165033N+026D197-003+033G013X01
B1220364408098N00310130EA0186602058
LXVVT+212H380I111W159031N+012D233+002+041G013X01
B1220374408098N00310119EA0186502059
LXVVT+212H380I114W154032N-002D262+000+049G012X02
B1220384408102N00310109EA0186402057
LXVVT+213H380I120W154032N+000D298-005+050G013X01
B1220394408110N00310101EA0186102055
LXVVT+212H381I131W154032N+001D338-009+045G015X00
B1220404408120N00310101EA0186102055
LXVVT+210H382I147W154032N+001D011-003+042G017X00
B1220414408128N00310108EA0186402058
LXVVT+209H384I146W154032N+001D052+005+042G016X00
B1220424408133N00310117EA0186902062
LXVVT+208H384I129W157032N+023D086+010+041G013X01
B1220434408132N00310126EA0187202066
LXVVT+208H385I119W157032N+025D119+008+042G012X01
B1220444408129N00310131EA0187402068
LXVVT+208H386I111W157032N+029D148+002+036G011X02
B1220454408124N00310132EA0187602070
LXVVT+208H387I106W157032N+032D179-001+025G012X01
B1220464408119N00310130EA0187802072
LXVVT+207H387I105W157033N+035D205+001+021G011X01
B1220474408116N00310124EA0188002074
LXVVT+208H388I096W156032N+030D223+000+027G010X01
B1220484408114N00310115EA0188002074
LXVVT+208H388I093W150033N+015D245-002+034G010X01
B1220494408115N00310104EA0187902073
LXVVT+209H388I101W145035N+007D275-005+034G011X01
B1220504408119N00310093EA0187702071
LXVVT+209H388I120W144036N+013D302-005+034G014X02
B1220514408127N00310085EA0187702071
LXVVT+209H388I128W144036N+016D335+001+045G014X02
B1220524408136N00310084EA0187702071
LXVVT+208H388I125W144036N+007D009+000+052G014X02
B1220534408145N00310088EA0187602071
LXVVT+207H389I132W146036N+007D038-002+038G015X00
B1220544408151N00310097EA0187902074
LXVVT+206H390I135W146036N+012D067+007+025G015X00
B1220554408153N00310105EA0188502080
LXVVT+207H390I114W147036N+035D096+012+030G011X01
B1220564408153N00310112EA0189002085
LXVVT+206H390I085W149034N+026D113+007+034G008X05
B1220574408151N00310116EA0189102087
LXVVT+206H390I085W149033N+020D146-003+023G009X03
B1220584408148N00310118EA0189202088
LXVVT+206H390I092W150034N+035D163-007+010G011X01
B1220594408144N00310118EA0189402089
LXVVT+206H391I103W152037N+046D177-001+012G013X02
B1221004408140N00310115EA0189702092
LXVVT+206H391I102W156039N+037D195+003+028G010X01
B1221014408137N00310108EA0189802093
LXVVT+206H392I106W159039N+024D232+001+037G011X01
B1221024408137N00310098EA0189802094
LXVVT+206H392I108W158039N+021D261-005+034G011X01
B1221034408139N00310087EA0189802094
LXVVT+206H391I110W154041N+018D284-002+032G012X01
B1221044408145N00310077EA0189802095
LXVVT+205H392I113W153044N+014D315+001+038G013X02
B1221054408153N00310070EA0189902096
LXVVT+205H392I115W152042N+015D346+002+040G013X01
B1221064408161N00310069EA0190002097
LXVVT+204H393I102W152042N+006D001+002+036G013X05
B1221074408169N00310073EA0190202099
LXVVT+204H394I105W152042N+017D040-001+025G011X04
B1221084408175N00310079EA0190402101
LXVVT+204H394I107W153042N+034D063+001+019G010X03
B1221094408179N00310086EA0190702104
LXVVT+205H394I094W155041N+029D074+005+017G011X03
B1221104408182N00310093EA0191002107
LXVVT+205H394I083W158040N+023D088+003+016G010X01
B1221114408183N00310099EA0191102109
LXVVT+205H394I080W160039N+028D102-002+013G009X00
B1221124408183N00310105EA0191202110
LXVVT+205H394I082W162037N+029D104-003+008G011X02
B1221134408183N00310112EA0191302111
LXVVT+205H394I089W163036N+028D115-004+003G009X01
B1221144408182N00310120EA0191402112
LXVVT+204H394I096W164035N+028D107-005+000G011X01
B1221154408180N00310128EA0191502113
LXVVT+205H393I099W165034N+023D118+000+000G011X01
B1221164408180N00310136EA0191702115
LXVVT+204H394I104W168032N+023D103+003-006G011X02
B1221174408179N00310145EA0191902117
LXVVT+204H395I102W170032N+022D112+007-003G011X01
B1221184408179N00310152EA0192102120
LXVVT+204H394I091W171031N+021D106+007+002G009X01
B1221194408178N00310159EA0192302121
LXVVT+203H395I088W170031N+021D110+003+003G009X01
B1221204408178N00310166EA0192302121
LXVVT+203H395I083W170031N+019D117-007+001G009X02
B1221214408177N00310173EA0192202120
LXVVT+203H395I092W171031N+016D114-009+000G009X05
B1221224408176N00310180EA0192002119
LXVVT+203H396I107W170032N+011D114-003-001G011X01
B1221234408175N00310189EA0192002119
LXVVT+202H397I110W168032N+013D110+004-002G012X01
B1221244408175N00310197EA0192202120
LXVVT+202H397I107W166033N+013D111+007-003G010X02
B1221254408174N00310204EA0192302121
LXVVT+203H397I094W164034N+013D113+007+003G010X02
B1221264408174N00310210EA0192302122
LXVVT+203H398I082W163034N+009D116-001+008G008X01
B1221274408173N00310216EA0192202121
LXVVT+203H397I085W163034N+009D121-004+007G010X02
B1221284408172N00310222EA0192202120
LXVVT+203H398I093W162034N+015D114-005-001G010X04
B1221294408171N00310229EA0192102119
LXVVT+203H397I091W164033N+010D116-002-005G012X02
B1221304408170N00310236EA0192102119
LXVVT+203H397I093W166032N+006D113+002-004G012X01
B1221314408169N00310244EA0192102120
LXVVT+203H398I103W167032N+014D109+001-002G012X04
B1221324408169N00310252EA0192202121
LXVVT+203H397I096W167032N+016D112+004+002G011X02
B1221334408168N00310259EA0192502123
LXVVT+202H399I098W164032N+027D106+000-001G009X03
B1221344408168N00310266EA0192602125
LXVVT+202H398I091W164033N+027D118+003+000G011X02
B1221354408168N00310272EA0192802127
LXVVT+202H398I079W165032N+021D111+002+003G010X01
B1221364408167N00310278EA0192902128
LXVVT+202H399I078W167032N+018D115-002+003G009X02
B1221374408167N00310284EA0192902128
LXVVT+202H399I081W167032N+012D118-004+001G010X01
B1221384408166N00310291EA0192802127
LXVVT+202H399I094W166032N+012D114-007+001G010X01
B1221394408164N00310298EA0192702126
LXVVT+202H399I099W165032N+015D119-003+000G012X01
B1221404408163N00310306EA0192702126
LXVVT+202H400I102W166032N+011D109+001-004G011X01
B1221414408162N00310313EA0192902128
LXVVT+202H400I110W161031N+015D107+006-007G011X02
B1221424408162N00310320EA0193002129
LXVVT+202H400I098W159033N+013D112+006-001G009X02
B1221434408162N00310326EA0193102130
LXVVT+202H400I086W157034N+007D106+003+007G009X03
B1221444408161N00310331EA0193002129
LXVVT+201H401I088W154035N+008D112-005+006G009X02
B1221454408160N00310337EA0192902127
LXVVT+202H401I089W154036N+004D120-005+000G010X04
B1221464408158N00310342EA0192702125
LXVVT+202H401I092W153036N-002D112-004-006G011X01
B1221474408157N00310349EA0192502123
LXVVT+201H402I095W153036N+001D115-004-006G011X01
B1221484408156N00310356EA0192402122
LXVVT+201H402I098W154035N+006D114+000+002G012X03
B1221494408155N00310363EA0192502122
LXVVT+200H402I100W157035N+003D102+003+004G011X01
B1221504408153N00310370EA0192502122
LXVVT+201H403I096W156035N+010D111+003+000G009X02
B1221514408152N00310376EA0192502122
LXVVT+201H403I091W156032N+003D120+002-004G009X01
B1221524408151N00310382EA0192502121
LXVVT+201H403I051W156029N-003D129+010+000G009X00
B1221534408149N00310387EA0192202119
LXVVT+203H402I082W155029N-016D114+007+000G010X00
B1221544408147N00310393EA0191802116
LXVVT+205H401I090W155027N-020D129+001-005G010X00
B1221554408145N00310400EA0191602114
LXVVT+206H399I098W154025N-014D124-003-007G010X00
B1221564408143N00310408EA0191302110
LXVVT+208H396I104W155024N-009D120+001-008G011X00
B1221574408142N00310416EA0191202109
LXVVT+210H394I108W156024N-001D116+006-009G011X02
B1221584408143N00310424EA0191202108
LXVVT+211H392I094W159025N+003D100+004-002G011X00
B1221594408144N00310432EA0191102108
LXVVT+210H391I090W163025N+003D095-003+006G009X00
B1222004408144N00310439EA0191002106
LXVVT+209H391I093W163025N-002D104-004+013G010X02
B1222014408144N00310447EA0190802104
LXVVT+208H391I093W163025N-009D105-004+010G010X01
B1222024408143N00310454EA0190502102
LXVVT+209H390I092W163025N-012D094-007-001G010X00
B1222034408142N00310462EA0190302099
LXVVT+209H389I090W165024N-013D098-008-009G010X00
B1222044408141N00310470EA0190102097
LXVVT+208H390I098W166024N-011D091-005-012G011X00
B1222054408141N00310478EA0189902095
LXVVT+207H390I096W168024N-012D092-003-005G010X01
B1222064408142N00310486EA0189702093
LXVVT+207H391I095W171024N-011D090-004+004G010X01
B1222074408142N00310495EA0189502090
LXVVT+207H392I092W173025N-014D100-004+005G010X01
B1222084408142N00310503EA0189202087
LXVVT+205H393I093W176024N-017D092-006+000G010X01
B1222094408143N00310511EA0188902084
LXVVT+205H394I094W178024N-017D096-006-006G010X01
B1222104408144N00310520EA0188602080
LXVVT+205H395I093W182025N-021D092-004-006G011X02
B1222114408145N00310529EA0188202077
LXVVT+205H396I097W185026N-025D089-002+000G011X01
B1222124408147N00310538EA0188002074
LXVVT+204H396I097W183026N-023D094+000+005G009X01
B1222134408148N00310546EA0187602071
LXVVT+204H397I092W182026N-023D095+000+004G010X00
B1222144408149N00310554EA0187302067
LXVVT+204H398I092W181026N-027D091-003+001G010X00
B1222154408150N00310562EA0186902063
LXVVT+204H398I095W180026N-020D088-004-004G010X01
B1222164408151N00310570EA0186602060
LXVVT+204H399I102W176024N-018D082-001-007G012X01
B1222174408154N00310578EA0186402058
LXVVT+204H400I105W164020N-009D078+002-008G012X01
B1222184408157N00310584EA0186302057
LXVVT+204H401I099W145017N-007D078+003+000G010X00
B1222194408160N00310590EA0186202056
LXVVT+204H402I093W129016N-007D082+000+008G009X01
B1222204408162N00310596EA0186002054
LXVVT+204H402I086W128017N-012D088-004+011G009X01
B1222214408164N00310603EA0185802051
LXVVT+204H402I093W127018N-012D091-004+006G010X01
B1222224408165N00310610EA0185502048
LXVVT+204H402I093W127018N-013D090-005-001G010X02
B1222234408167N00310618EA0185202045
LXVVT+205H402I101W126018N-014D087-004-003G011X02
B1222244408169N00310626EA0185002043
LXVVT+203H403I112W119018N-009D069-002-004G011X04
B1222254408171N00310634EA0184902041
LXVVT+204H402I105W111017N-006D079+004-005G010X01
B1222264408173N00310640EA0184902041
LXVVT+204H402I095W111019N-009D074+005+000G010X03
B1222274408176N00310646EA0184802040
LXVVT+204H402I086W109019N-008D076-001+002G010X02
B1222284408178N00310652EA0184602038
LXVVT+205H402I087W111018N-007D085-007-001G009X02
B1222294408181N00310659EA0184302035
LXVVT+204H402I094W111018N-008D083-005+001G011X01
B1222304408183N00310666EA0184102033
LXVVT+205H401I101W111018N-005D088-004+004G010X01
B1222314408186N00310674EA0183902032
LXVVT+204H402I107W111019N-004D079+000+002G013X02
B1222324408188N00310681EA0184002033
LXVVT+204H402I111W115022N+008D096+006+002G012X04
B1222334408191N00310688EA0184302035
LXVVT+204H402I103W126031N+014D095+009+006G010X01
B1222344408192N00310693EA0184502037
LXVVT+205H402I084W129036N+010D102+005+005G009X03
B1222354408194N00310697EA0184502037
LXVVT+204H402I079W132040N+004D104-005-002G008X03
B1222364408195N00310702EA0184302036
LXVVT+205H402I087W133043N+009D108-012-004G009X01
B1222374408197N00310708EA0184002033
LXVVT+206H401I099W133045N+003D099-010+003G011X01
B1222384408198N00310716EA0183902031
LXVVT+206H400I112W133045N-001D095-002+007G012X01
B1222394408199N00310724EA0183902031
LXVVT+206H400I114W134044N+004D098+005+003G012X02
B1222404408200N00310731EA0184002032
LXVVT+206H400I106W134043N+010D098+007-004G010X01
B1222414408201N00310737EA0184102033
LXVVT+206H399I090W135042N+008D101+006-006G010X02
B1222424408202N00310743EA0184202034
LXVVT+206H399I084W135041N+006D103+000-001G009X01
B1222434408203N00310748EA0184102034
LXVVT+206H399I080W136041N+006D109-003+003G009X01
B1222444408204N00310753EA0184002033
LXVVT+207H398I088W135041N+007D102-007+002G009X01
B1222454408206N00310760EA0183902031
LXVVT+207H398I094W135041N+004D105-005-001G011X01
B1222464408207N00310767EA0183702029
LXVVT+207H397I102W135041N-003D102-003-002G011X01
B1222474408209N00310774EA0183502028
LXVVT+207H396I110W135041N+002D100+000-002G011X04
B1222484408211N00310782EA0183502027
LXVVT+207H396I104W137040N+004D095+004-001G011X02
B1222494408213N00310789EA0183602028
LXVVT+207H396I097W140040N+003D098+007+003G011X05
B1222504408215N00310795EA0183602029
LXVVT+208H396I091W140040N+003D097+004+006G009X02
B1222514408216N00310801EA0183602028
LXVVT+208H397I081W143040N+004D089-001+001G010X03
B1222524408218N00310807EA0183502027
LXVVT+208H396I086W144040N+005D093-008-004G009X01
B1222534408219N00310814EA0183202024
LXVVT+208H396I095W144041N+004D098-006-006G009X01
B1222544408221N00310821EA0183002021
LXVVT+209H396I100W144041N-009D082-002-006G012X02
B1222554408224N00310828EA0182802020
LXVVT+209H396I104W145041N-011D083+000-004G011X02
B1222564408227N00310836EA0182702019
LXVVT+208H396I106W144041N+001D083+003+001G012X03
B1222574408229N00310842EA0182702019
LXVVT+208H397I101W144041N+005D085+005+005G011X01
B1222584408231N00310848EA0182802019
LXVVT+207H398I093W143042N+009D086+005+003G010X02
B1222594408233N00310854EA0182902020
LXVVT+207H399I083W141043N+006D092+002-001G009X01
B1223004408235N00310858EA0182702019
LXVVT+208H399I075W142043N-003D094-002-001G009X04
B1223014408237N00310864EA0182402016
LXVVT+208H399I091W140043N-002D091-010+001G009X01
B1223024408239N00310870EA0182102012
LXVVT+208H399I112W136044N+004D090-008+005G011X01
B1223034408241N00310878EA0181802009
LXVVT+208H399I122W134044N-001D090-002+005G012X01
B1223044408243N00310887EA0181602008
LXVVT+209H397I126W133044N-007D094+004+007G011X03
B1223054408244N00310895EA0181602007
LXVVT+209H397I120W133043N-008D093+008+005G010X02
B1223064408245N00310903EA0181702008
LXVVT+209H396I113W133043N+000D092+009-003G010X01
B1223074408247N00310910EA0181702008
LXVVT+209H397I100W133043N+000D099+004-005G009X01
B1223084408248N00310916EA0181602007
LXVVT+209H396I094W134043N-008D101+001+001G009X01
B1223094408250N00310922EA0181302004
LXVVT+210H395I097W134043N-003D096-005+002G009X02
B1223104408252N00310929EA0181002001
LXVVT+211H394I100W136041N-008D098-007+002G010X04
B1223114408253N00310937EA0180701997
LXVVT+211H393I108W137041N-010D097-002-001G013X03
B1223124408255N00310946EA0180501995
LXVVT+212H393I110W138039N-005D098+001+000G010X01
B1223134408257N00310954EA0180401994
LXVVT+212H392I112W139037N-009D098+005+004G010X02
B1223144408258N00310963EA0180201993
LXVVT+211H392I114W140036N-009D098+003+001G010X01
B1223154408260N00310971EA0180101991
LXVVT+211H391I109W140038N-006D103+004-001G011X02
B1223164408261N00310978EA0180101991
LXVVT+211H391I099W141039N-001D098+003+000G009X01
B1223174408263N00310984EA0180001989
LXVVT+211H391I106W138041N+000D101-002-004G009X02
B1223184408265N00310991EA0179801988
LXVVT+211H391I096W140045N-003D111-002+003G009X04
B1223194408267N00310998EA0179501985
LXVVT+211H391I107W139044N-010D096+001+009G011X05
B1223204408268N00311005EA0179401983
LXVVT+211H391I119W131043N-006D098+000+001G010X01
B1223214408269N00311012EA0179301982
LXVVT+211H391I113W130045N-003D098+001-006G010X01
B1223224408271N00311019EA0179101980
LXVVT+211H392I110W130045N-008D094+002-006G010X01
B1223234408272N00311026EA0179001979
LXVVT+211H392I107W129046N-007D097+000+000G010X01
B1223244408274N00311032EA0178801976
LXVVT+212H392I107W129046N-006D099-002+005G010X01
B1223254408275N00311039EA0178501973
LXVVT+211H393I109W129046N-008D101-004+004G009X01
B1223264408276N00311046EA0178201970
LXVVT+211H393I115W129047N-006D102-004-001G010X03
B1223274408277N00311054EA0178001967
LXVVT+211H392I117W129048N-008D104-001-005G011X01
B1223284408279N00311061EA0177701965
LXVVT+212H392I114W129048N-019D103+002-002G011X01
B1223294408280N00311069EA0177401962
LXVVT+213H392I109W130047N-023D104+002+004G010X02
B1223304408281N00311076EA0177101959
LXVVT+213H392I099W131044N-028D104+001+009G009X01
B1223314408282N00311083EA0176701955
LXVVT+213H392I106W134042N-026D091+000+003G010X01
B1223324408282N00311091EA0176501951
LXVVT+213H391I113W133042N-007D088-004-009G011X02
B1223334408283N00311098EA0176101948
LXVVT+214H390I111W132042N-013D090-002-011G010X01
B1223344408284N00311106EA0175901945
LXVVT+215H388I114W132042N-018D083-002-007G010X01
B1223354408286N00311114EA0175601942
LXVVT+215H387I115W132042N-020D089+000-003G010X03
B1223364408287N00311122EA0175301939
LXVVT+216H386I119W132042N-017D095+000+005G010X01
B1223374408289N00311130EA0175001936
LXVVT+216H385I116W132042N-019D090+000+005G010X01
B1223384408289N00311138EA0174701933
LXVVT+216H384I112W134041N-023D095+000+003G010X02
B1223394408290N00311146EA0174401929
LXVVT+216H383I112W134039N-024D096-001-001G009X01
B1223404408291N00311154EA0174001925
LXVVT+217H382I118W135038N-020D093-004-003G010X02
B1223414408291N00311163EA0173501920
LXVVT+217H382I127W134038N-015D092-003+000G011X02
B1223424408291N00311172EA0173201916
LXVVT+218H382I126W134038N-017D095-001+004G010X01
B1223434408291N00311181EA0172801912
LXVVT+218H381I128W135037N-024D095+003+003G011X02
B1223444408291N00311191EA0172501909
LXVVT+218H381I125W135036N-025D093+004+000G010X01
B1223454408291N00311200EA0172301906
LXVVT+218H382I122W136035N-018D089+001-009G010X02
B1223464408292N00311208EA0171901903
LXVVT+218H381I120W137035N-018D087-001-010G011X03
B1223474408293N00311217EA0171601899
LXVVT+219H380I125W135035N-011D089-002-003G010X01
B1223484408294N00311226EA0171301896
LXVVT+220H379I125W134036N-018D093+002+006G011X01
B1223494408295N00311234EA0171001894
LXVVT+220H378I123W133036N-022D090+003+008G010X02
B1223504408296N00311243EA0170801891
LXVVT+220H377I119W132037N-017D094+001+003G010X01
B1223514408296N00311251EA0170501887
LXVVT+221H376I114W132036N-022D097-002-001G009X02
B1223524408296N00311259EA0170001883
LXVVT+222H375I117W131034N-025D095-003-003G010X01
B1223534408297N00311268EA0169601879
LXVVT+222H375I126W132034N-024D089-003-005G011X02
B1223544408299N00311277EA0169301875
LXVVT+222H374I141W123034N-007D084-003-011G009X01
B1223554408301N00311286EA0169001872
LXVVT+223H374I133W119035N-021D093+004-002G010X02
B1223564408303N00311294EA0168801869
LXVVT+222H373I132W118037N-031D084+006+006G009X02
B1223574408305N00311302EA0168501866
LXVVT+223H373I125W113038N-023D091+003+008G012X04
B1223584408307N00311310EA0168301864
LXVVT+223H373I124W116040N-010D093-001-001G011X02
B1223594408308N00311318EA0168001861
LXVVT+223H373I118W118043N-018D102+001-002G010X02
B1224004408310N00311325EA0167701858
LXVVT+224H373I112W120044N-028D100+002+002G009X01
B1224014408312N00311332EA0167401855
LXVVT+224H373I115W120045N-022D093-001+001G010X02
B1224024408314N00311340EA0167101852
LXVVT+224H373I127W119045N-004D097-005+003G013X02
B1224034408316N00311348EA0167101852
LXVVT+224H372I141W113046N+013D090+001-002G014X05
B1224044408318N00311355EA0167301854
LXVVT+225H372I127W107047N+011D092+008+000G011X03
B1224054408319N00311360EA0167501856
LXVVT+225H373I108W105048N+006D088+009+001G010X01
B1224064408321N00311365EA0167701858
LXVVT+225H372I089W107047N+001D085+003+004G008X01
B1224074408322N00311369EA0167601858
LXVVT+226H372I093W107047N+009D087-007+008G009X01
B1224084408323N00311374EA0167501857
LXVVT+226H371I095W107048N+013D093-010+005G009X01
B1224094408323N00311380EA0167301854
LXVVT+226H371I102W106047N-002D090-007-002G010X01
B1224104408323N00311386EA0167101851
LXVVT+226H371I118W106047N-010D082-007-008G011X02
B1224114408324N00311394EA0166901849
LXVVT+226H370I123W106048N-006D089-001-009G012X03
B1224124408326N00311401EA0166801848
LXVVT+226H370I123W107047N-001D085+003-004G013X01
B1224134408328N00311408EA0166901849
LXVVT+227H370I114W108047N+005D089+007+005G012X01
B1224144408330N00311414EA0167101852
LXVVT+227H370I099W110045N+008D087+007+010G009X01
B1224154408330N00311419EA0167201853
LXVVT+227H370I101W110046N+009D088+002+002G010X01
B1224164408331N00311424EA0167201853
LXVVT+227H370I094W111047N+011D092-005-005G008X04
B1224174408332N00311428EA0167101852
LXVVT+227H370I094W111048N+003D086-006-009G009X02
B1224184408334N00311434EA0166801849
LXVVT+228H369I100W111048N+000D077-010-005G012X02
B1224194408336N00311440EA0166601846
LXVVT+228H368I125W106048N+011D075-011-001G012X04
B1224204408337N00311448EA0166501845
LXVVT+228H369I135W105048N+013D075-005+003G011X01
B1224214408339N00311457EA0166701846
LXVVT+228H368I143W105049N+021D084+005+001G013X03
B1224224408341N00311465EA0167001850
LXVVT+228H368I122W105047N+013D080+014-003G011X01
B1224234408343N00311471EA0167301853
LXVVT+228H368I105W107046N+007D079+011-005G008X01
B1224244408344N00311477EA0167401855
LXVVT+228H368I084W109043N+011D080+002+001G009X04
B1224254408346N00311482EA0167401855
LXVVT+229H368I087W111041N+020D083-011+004G009X01
B1224264408348N00311488EA0167301854
LXVVT+229H367I105W112040N+023D081-013+002G010X01
B1224274408350N00311496EA0167301853
LXVVT+229H366I122W112041N+019D089-005-002G012X01
B1224284408352N00311504EA0167301854
LXVVT+229H366I127W113039N+010D082+002-002G012X04
B1224294408354N00311513EA0167501856
LXVVT+230H366I125W114038N+010D082+008+000G011X01
B1224304408356N00311521EA0167701859
LXVVT+230H366I110W119037N+013D078+009+003G010X01
B1224314408359N00311528EA0168001861
LXVVT+229H366I102W121036N+018D076+003+002G010X01
B1224324408361N00311534EA0168101863
LXVVT+229H366I100W122035N+030D080-004+002G009X01
B1224334408363N00311541EA0168201863
LXVVT+229H366I104W123035N+029D082-007-001G009X02
B1224344408366N00311548EA0168201863
LXVVT+229H366I110W123035N+019D080-005-001G009X01
B1224354408368N00311556EA0168001861
LXVVT+229H366I108W127034N+004D080-004+002G009X01
B1224364408370N00311565EA0167801859
LXVVT+230H365I114W130033N-008D081+001+007G010X03
B1224374408372N00311573EA0167601857
LXVVT+230H365I108W132030N-010D089+000+006G010X03
B1224384408374N00311582EA0167401855
LXVVT+230H365I115W131026N-003D079+001-002G011X00
B1224394408375N00311591EA0167301854
LXVVT+229H364I126W127026N+005D073-003-009G009X03
B1224404408378N00311601EA0167201852
LXVVT+230H365I128W128025N+004D079+000-006G011X01
B1224414408380N00311611EA0167101852
LXVVT+230H364I117W130020N-006D080+009+004G012X02
B1224424408383N00311620EA0167201853
LXVVT+229H365I120W131020N+008D072+006+000G008X03
B1224434408385N00311628EA0167301854
LXVVT+230H365I100W134019N+011D080+005+000G009X04
B1224444408387N00311635EA0167301854
LXVVT+230H365I095W135018N+002D083+001+004G009X02
B1224454408389N00311643EA0167201853
LXVVT+229H364I100W134020N+005D085-005+006G009X01
B1224464408390N00311650EA0167001850
LXVVT+230H365I109W129021N+010D081-012-002G010X03
B1224474408392N00311659EA0166701847
LXVVT+230H365I115W129021N+006D083-010-009G011X01
B1224484408394N00311669EA0166401844
LXVVT+230H364I126W134020N-003D082-001-004G013X01
B1224494408397N00311680EA0166301844
LXVVT+230H364I133W143021N-006D076+005+002G012X04
B1224504408400N00311691EA0166401845
LXVVT+230H364I130W150022N+003D075+006+005G010X02
B1224514408402N00311701EA0166701847
LXVVT+229H365I126W151021N+014D077+008-001G011X01
B1224524408405N00311710EA0166801849
LXVVT+230H365I100W152020N+016D091+007+006G008X03
B1224534408407N00311718EA0166901850
LXVVT+230H364I097W153019N+008D084+002+004G008X01
B1224544408408N00311725EA0166901849
LXVVT+230H364I096W151019N+007D084-003+002G010X03
B1224554408410N00311733EA0166701847
LXVVT+230H364I104W148020N+009D085-009-004G008X01
B1224564408411N00311741EA0166401844
LXVVT+230H364I117W142021N+004D083-008-005G010X01
B1224574408413N00311750EA0166001840
LXVVT+230H364I124W137020N-008D082-004-002G011X01
B1224584408416N00311760EA0165701836
LXVVT+230H364I134W133021N-010D082+000+002G011X02
B1224594408417N00311771EA0165601835
LXVVT+230H364I135W132021N-005D084+005+005G012X01
B1225004408419N00311781EA0165501834
LXVVT+231H363I124W132021N-007D087+007+007G011X01
B1225014408420N00311789EA0165501834
LXVVT+230H363I122W131021N+000D081+006+000G010X02
B1225024408421N00311798EA0165501833
LXVVT+230H363I114W128023N+003D086+002-006G009X02
B1225034408423N00311805EA0165301831
LXVVT+231H363I100W129023N-011D087+000-006G008X02
B1225044408425N00311813EA0164901827
LXVVT+231H363I099W132023N-017D085-005-003G009X02
B1225054408427N00311821EA0164401822
LXVVT+231H362I115W133023N-012D083-011+001G010X01
B1225064408429N00311831EA0163901817
LXVVT+231H362I136W130022N-004D080-007+004G013X01
B1225074408430N00311842EA0163701814
LXVVT+231H361I143W127022N-003D083+001+005G013X02
B1225084408431N00311853EA0163601813
LXVVT+230H361I142W126023N-005D082+007+001G011X01
B1225094408432N00311863EA0163701813
LXVVT+230H361I133W124024N-003D085+008-003G011X01
B1225104408433N00311872EA0163601813
LXVVT+231H361I116W123024N-001D086+005-001G008X02
B1225114408434N00311880EA0163501813
LXVVT+231H361I111W123024N+000D085+002+002G009X02
B1225124408435N00311888EA0163301811
LXVVT+231H361I109W121024N-004D078-005+000G008X01
B1225134408436N00311896EA0163101807
LXVVT+231H361I115W118024N-002D082-006-005G009X02
B1225144408437N00311904EA0162701803
LXVVT+232H360I115W118024N-009D085-005-001G010X01
B1225154408438N00311914EA0162301799
LXVVT+232H360I124W122024N-022D079-003+003G011X01
B1225164408439N00311924EA0161901795
LXVVT+232H359I129W123024N-023D084+000+005G011X01
B1225174408439N00311935EA0161601793
LXVVT+232H359I135W124022N-018D082+004+002G012X03
B1225184408439N00311945EA0161501791
LXVVT+232H359I140W119023N-003D077+004-004G011X01
B1225194408439N00311954EA0161401791
LXVVT+233H358I128W116024N+000D083+004-004G010X02
B1225204408440N00311963EA0161301790
LXVVT+233H358I116W114023N-008D079+005-005G011X01
B1225214408441N00311971EA0161301789
LXVVT+233H356I123W102023N+001D072-001-004G009X02
B1225224408442N00311979EA0161101787
LXVVT+234H355I110W097022N+003D080-004+004G010X04
B1225234408443N00311988EA0160901784
LXVVT+234H354I120W097022N-003D072-005+000G010X01
B1225244408444N00311997EA0160701782
LXVVT+234H354I129W090023N+001D078-004-006G010X00
B1225254408446N00312006EA0160401780
LXVVT+234H354I133W090023N+001D076+000-004G012X01
B1225264408448N00312016EA0160401779
LXVVT+234H354I133W090023N-002D073+003-001G011X01
B1225274408450N00312025EA0160301779
LXVVT+235H353I126W091022N-003D077+005+004G010X01
B1225284408452N00312034EA0160301778
LXVVT+235H353I118W090021N-003D076+004+004G009X01
B1225294408454N00312042EA0160201777
LXVVT+235H352I113W091021N-001D074-001-001G009X01
B1225304408456N00312050EA0160001775
LXVVT+236H351I112W092020N+000D080-005-001G009X02
B1225314408458N00312058EA0159701772
LXVVT+236H350I117W092020N-005D083-005+004G010X02
B1225324408459N00312067EA0159401769
LXVVT+236H350I130W090020N-006D074-003+004G011X01
B1225334408461N00312077EA0159201766
LXVVT+236H350I133W085021N-002D078+000+001G011X01
B1225344408462N00312087EA0159101764
LXVVT+236H350I127W084020N-009D075+002-003G010X00
B1225354408463N00312096EA0158901763
LXVVT+236H351I125W087019N-010D072+002-006G010X01
B1225364408465N00312106EA0158701761
LXVVT+237H349I121W088017N-008D081+001+001G010X01
B1225374408467N00312115EA0158501759
LXVVT+237H349I122W083016N-008D079-001+006G010X01
B1225384408469N00312125EA0158301756
LXVVT+237H349I124W082015N-007D079-002+005G010X00
B1225394408470N00312134EA0158001754
LXVVT+237H348I123W080014N-007D083-001+003G010X01
B1225404408471N00312144EA0157901752
LXVVT+237H348I126W081015N-006D084+000+001G010X01
B1225414408471N00312153EA0157701750
LXVVT+237H348I128W086016N-002D088-001+000G010X01
B1225424408472N00312163EA0157501748
LXVVT+238H348I126W092017N-003D088+001-001G011X01
B1225434408473N00312172EA0157401747
LXVVT+238H348I128W093018N-004D082+002-004G010X03
B1225444408474N00312181EA0157301746
LXVVT+238H348I123W092019N-002D084+001-004G010X01
B1225454408475N00312190EA0157201744
LXVVT+238H347I117W092019N-005D085+001+001G009X01
B1225464408477N00312198EA0157001742
LXVVT+239H347I116W093019N-005D081-002+003G009X01
B1225474408478N00312207EA0156701739
LXVVT+239H348I118W093019N-005D085-004+002G010X00
B1225484408479N00312216EA0156401736
LXVVT+239H347I122W093019N-008D082-004-001G010X01
B1225494408480N00312226EA0156101732
LXVVT+239H347I129W094019N-010D080-002-003G010X01
B1225504408481N00312236EA0155801729
LXVVT+239H346I133W093019N-011D081+001-002G011X01
B1225514408483N00312245EA0155601727
LXVVT+240H346I131W092020N-010D081+003+000G011X01
B1225524408484N00312254EA0155501726
LXVVT+240H346I127W092020N-007D082+004+001G010X01
B1225534408485N00312263EA0155301724
LXVVT+240H346I122W092021N-006D083+001+001G010X00
B1225544408486N00312272EA0155101722
LXVVT+240H346I120W093022N-006D083-001+001G010X01
B1225554408488N00312280EA0154901720
LXVVT+240H345I118W094023N-005D083-003+000G010X01
B1225564408489N00312289EA0154701717
LXVVT+241H345I117W094022N-006D082-003-003G011X01
B1225574408490N00312298EA0154501715
LXVVT+241H344I123W094021N-005D087-001-002G011X01
B1225584408492N00312307EA0154301714
LXVVT+242H345I124W093020N-004D085+001+003G011X01
B1225594408493N00312316EA0154201713
LXVVT+241H345I123W096019N-008D072+003-003G010X01
B1226004408495N00312325EA0154101712
LXVVT+242H344I120W099019N-003D076+001-007G009X01
B1226014408497N00312334EA0154001710
LXVVT+242H344I121W101018N-003D078+000-003G010X02
B1226024408500N00312343EA0153801708
LXVVT+243H343I121W104018N-003D076-003+005G010X01
B1226034408502N00312353EA0153501706
LXVVT+243H343I122W107017N-004D080-003+008G010X01
B1226044408503N00312362EA0153301703
LXVVT+243H343I125W108016N-010D077-001+005G010X01
B1226054408504N00312372EA0153101700
LXVVT+242H343I127W107016N-006D073+000-002G010X00
B1226064408505N00312382EA0152901698
LXVVT+243H342I125W108016N-008D073+000-008G010X01
B1226074408507N00312392EA0152701695
LXVVT+243H342I127W109015N-007D073-001-005G010X01
B1226084408509N00312402EA0152401693
LXVVT+244H342I128W114015N-004D069+000-001G011X02
B1226094408511N00312412EA0152301692
LXVVT+244H341I130W114015N-008D066+003+001G011X01
B1226104408513N00312422EA0152201691
LXVVT+244H341I127W104014N-003D063+004-001G010X01
B1226114408515N00312431EA0152101690
LXVVT+244H340I119W098015N-004D071+003+001G009X01
B1226124408516N00312439EA0152001688
LXVVT+245H338I115W097015N-005D072-001+002G009X00
B1226134408517N00312448EA0151701685
LXVVT+246H337I114W096015N-009D071-003+003G010X01
B1226144408518N00312457EA0151401681
LXVVT+245H336I121W095017N-007D071-006-001G010X02
B1226154408519N00312467EA0151101678
LXVVT+246H336I130W096018N-005D074-004-003G010X03
B1226164408521N00312476EA0150801675
LXVVT+247H335I128W094018N-013D074+001-001G011X02
B1226174408522N00312486EA0150501672
LXVVT+246H335I132W094018N-016D068+003-004G011X04
B1226184408524N00312496EA0150401671
LXVVT+247H335I126W094018N-011D069+004-004G011X01
B1226194408526N00312505EA0150301669
LXVVT+247H335I122W094018N-011D068+003+000G010X01
B1226204408528N00312514EA0150101668
LXVVT+248H335I114W094017N-007D069-001+004G009X01
B1226214408529N00312522EA0149901665
LXVVT+248H335I117W095016N-006D072-004+002G010X03
B1226224408531N00312532EA0149601662
LXVVT+248H335I120W094015N-007D071-003+001G010X01
B1226234408533N00312542EA0149401659
LXVVT+248H334I127W097014N-007D065-003-003G011X01
B1226244408535N00312552EA0149101657
LXVVT+248H335I130W092014N-005D075+003-001G011X01
B1226254408537N00312561EA0149001657
LXVVT+249H334I129W090014N-003D071+005+001G011X03
B1226264408539N00312571EA0149001656
LXVVT+249H334I125W084014N-004D069+004+002G010X01
B1226274408540N00312579EA0149001656
LXVVT+249H334I120W086015N+004D074+002+002G010X01
B1226284408542N00312588EA0149001656
LXVVT+249H333I116W089017N+008D076+000+002G009X02
B1226294408543N00312596EA0148901655
LXVVT+249H333I115W090018N+006D074-003+000G009X01
B1226304408544N00312604EA0148701653
LXVVT+250H333I120W089019N+006D073-004-004G009X01
B1226314408546N00312613EA0148501651
LXVVT+250H333I122W089020N-001D075-002-003G010X02
B1226324408548N00312621EA0148201648
LXVVT+250H332I121W089020N-013D069+000-001G010X00
B1226334408550N00312630EA0148001645
LXVVT+250H331I122W088020N-013D062-001-001G010X01
B1226344408553N00312639EA0147701641
LXVVT+251H331I127W086020N-007D064-001+001G010X01
B1226354408555N00312648EA0147401639
LXVVT+251H331I127W083020N-006D064+000+002G010X01
B1226364408557N00312657EA0147201636
LXVVT+251H330I125W081021N-010D065+000+002G010X00
B1226374408559N00312666EA0146901633
LXVVT+252H330I125W080020N-010D065+000-001G009X00
B1226384408560N00312675EA0146701631
LXVVT+251H329I125W080020N-010D063+001-005G010X00
B1226394408563N00312684EA0146501628
LXVVT+252H328I120W079020N-012D061+001-003G011X01
B1226404408565N00312692EA0146201626
LXVVT+252H327I119W080020N-009D061-001+001G010X01
B1226414408567N00312700EA0146001623
LXVVT+253H326I122W079020N-009D066-001+005G010X01
B1226424408569N00312709EA0145701620
LXVVT+253H325I121W079020N-010D063-002+002G010X01
B1226434408571N00312718EA0145401617
LXVVT+253H325I124W078020N-012D068-002+002G010X00
B1226444408573N00312727EA0145101614
LXVVT+254H324I127W077020N-012D069+000+000G011X01
B1226454408575N00312736EA0144901611
LXVVT+254H323I127W077020N-013D068+001-001G010X00
B1226464408577N00312745EA0144601609
LXVVT+254H323I122W076020N-015D065+001-003G010X01
B1226474408579N00312754EA0144401606
LXVVT+255H323I123W078019N-015D065+000-003G010X01
B1226484408582N00312763EA0144101603
LXVVT+255H322I123W078019N-011D067-001+003G010X00
B1226494408584N00312771EA0143801599
LXVVT+255H322I123W077018N-013D069-002+007G010X01
B1226504408586N00312781EA0143501596
LXVVT+256H321I123W076017N-017D070-002+005G010X00
B1226514408587N00312791EA0143201593
LXVVT+256H322I130W076017N-011D072-001-001G010X01
B1226524408589N00312800EA0142901590
LXVVT+256H322I128W073017N-013D073+002-005G011X01
B1226534408591N00312810EA0142701587
LXVVT+256H322I128W072016N-016D066+003-007G010X01
B1226544408594N00312818EA0142501585
LXVVT+257H321I121W074015N-017D066+003-004G010X02
B1226554408597N00312826EA0142301583
LXVVT+257H321I116W075015N-019D061+004-003G011X01
B1226564408601N00312833EA0142101581
LXVVT+257H321I116W077015N-014D049-002-009G009X00
B1226574408605N00312840EA0141701577
LXVVT+258H321I116W073015N-014D049-002-005G010X01
B1226584408611N00312846EA0141401574
LXVVT+258H321I119W078015N-015D043-003-001G010X01
B1226594408616N00312852EA0141101570
LXVVT+258H321I125W075015N-014D045-002+003G010X01
B1227004408621N00312859EA0140701567
LXVVT+259H321I125W076015N-018D044+000+006G010X01
B1227014408627N00312866EA0140501564
LXVVT+259H321I126W077015N-016D041+001+001G011X01
B1227024408631N00312873EA0140301562
LXVVT+259H322I130W071015N-012D042+000-002G010X01
B1227034408636N00312880EA0140101559
LXVVT+259H321I129W067016N-007D043+000-001G010X01
B1227044408641N00312886EA0139901557
LXVVT+260H321I123W069015N-012D041+001+001G010X01
B1227054408646N00312893EA0139601555
LXVVT+260H321I121W069015N-014D039+000+002G010X02
B1227064408652N00312900EA0139401552
LXVVT+260H320I121W072015N-010D039-002-002G010X02
B1227074408657N00312907EA0139101549
LXVVT+261H320I119W076013N-012D041-002-002G010X00
B1227084408663N00312913EA0138801547
LXVVT+261H320I120W089012N-014D035-003-004G010X01
B1227094408669N00312920EA0138601544
LXVVT+261H320I130W099012N-012D037-001-002G011X02
B1227104408676N00312927EA0138401542
LXVVT+261H319I126W109011N-009D040+001+004G011X01
B1227114408682N00312934EA0138201540
LXVVT+261H319I125W123011N-010D036+003+004G010X01
B1227124408688N00312941EA0138201539
LXVVT+262H319I118W134012N-009D034+003-001G011X01
B1227134408695N00312947EA0138001537
LXVVT+262H318I120W140013N-003D033-003-008G009X01
B1227144408701N00312953EA0137801534
LXVVT+262H318I122W145014N-003D036-003-004G010X01
B1227154408709N00312959EA0137601532
LXVVT+262H318I125W150014N-003D038-001+004G010X01
B1227164408716N00312965EA0137401531
LXVVT+262H318I128W156015N-004D031-001+005G009X01
B1227174408723N00312971EA0137301529
LXVVT+262H318I140W155014N+002D031+001+003G011X02
B1227184408730N00312978EA0137201528
LXVVT+262H319I133W151013N+003D039+003+001G010X01
B1227194408737N00312983EA0137201528
LXVVT+262H319I125W150013N-003D041+005+001G009X01
B1227204408744N00312989EA0137101527
LXVVT+262H318I115W150014N-009D045+003+005G010X01
B1227214408750N00312994EA0137001526
LXVVT+263H319I110W152014N-009D041-001+004G010X01
B1227224408756N00313000EA0136801524
LXVVT+263H319I115W154014N+002D036-009-002G009X01
B1227234408763N00313006EA0136601521
LXVVT+263H319I121W158014N+006D045-004-005G010X01
B1227244408771N00313012EA0136401519
LXVVT+263H319I127W165014N-004D049+000+005G011X01
B1227254408778N00313019EA0136301518
LXVVT+263H319I133W163014N-006D046+003+008G011X02
B1227264408785N00313026EA0136301518
LXVVT+262H320I130W162014N+000D048+005+003G010X01
B1227274408791N00313032EA0136301518
LXVVT+263H320I126W149016N+006D053+004+001G011X01
B1227284408797N00313038EA0136201518
LXVVT+263H320I116W143019N+003D055+002+002G009X01
B1227294408802N00313044EA0136201517
LXVVT+263H319I113W139020N+002D052-001+001G009X00
B1227304408808N00313049EA0136101516
LXVVT+263H319I113W136021N+006D056-004+000G010X01
B1227314408814N00313056EA0135901514
LXVVT+263H319I120W133022N+012D057-006+003G011X00
B1227324408819N00313063EA0135801513
LXVVT+263H320I130W132023N+010D057-003+005G011X01
B1227334408824N00313071EA0135801513
LXVVT+263H319I141W127025N+015D059+002+003G011X03
B1227344408829N00313079EA0136001516
LXVVT+264H320I135W124028N+020D065+007-001G010X01
B1227354408833N00313086EA0136301518
LXVVT+263H319I123W124035N+015D067+010-002G010X01
B1227364408838N00313091EA0136501520
LXVVT+264H319I104W125039N+012D069+005+000G009X02
B1227374408842N00313095EA0136601521
LXVVT+264H319I092W125041N+013D069-002+002G009X01
B1227384408846N00313099EA0136601521
LXVVT+264H319I084W126043N+011D070-008-002G009X01
B1227394408850N00313103EA0136501520
LXVVT+264H319I085W126043N+004D081-008-004G010X01
B1227404408854N00313108EA0136401519
LXVVT+264H318I102W125045N+010D076-008-003G011X02
B1227414408859N00313113EA0136501519
LXVVT+264H318I110W123047N+022D078-004+000G011X01
B1227424408863N00313118EA0136601521
LXVVT+264H318I108W123050N+024D083+004+003G013X02
B1227434408867N00313122EA0136901524
LXVVT+264H318I101W123054N+019D078+005-001G009X03
B1227444408871N00313126EA0137101527
LXVVT+264H319I088W124058N+019D087+005-002G009X01
B1227454408874N00313128EA0137301529
LXVVT+264H319I073W126061N+015D080-001-004G009X01
B1227464408878N00313130EA0137301530
LXVVT+265H320I071W126062N+011D087-005+005G009X03
B1227474408881N00313133EA0137301529
LXVVT+264H320I082W125062N+009D068-008+007G010X01
B1227484408884N00313137EA0137201528
LXVVT+264H321I093W122061N+000D081-009+002G010X00
B1227494408886N00313141EA0137201527
LXVVT+264H321I097W122060N+009D083-002-002G012X01
B1227504408889N00313146EA0137201528
LXVVT+264H321I099W122060N+023D082+000-006G012X02
B1227514408892N00313152EA0137401530
LXVVT+264H321I098W122057N+022D089+002-003G011X02
B1227524408895N00313157EA0137601533
LXVVT+264H322I091W123055N+025D086+004+004G011X01
B1227534408897N00313162EA0137901536
LXVVT+264H322I083W123052N+024D096+003+011G009X01
B1227544408898N00313166EA0138101538
LXVVT+264H323I084W123050N+026D107-003+012G010X01
B1227554408897N00313170EA0138301540
LXVVT+264H323I102W128055N+038D130-006+013G013X04
B1227564408895N00313172EA0138501542
LXVVT+264H324I103W131059N+043D143-007+018G010X02
B1227574408892N00313173EA0138701544
LXVVT+264H323I110W135063N+033D167-001+027G011X01
B1227584408888N00313169EA0138801545
LXVVT+264H322I107W140064N+022D194+002+033G012X01
B1227594408886N00313162EA0138901547
LXVVT+264H323I103W143064N+011D213+003+030G011X01
B1228004408886N00313152EA0138901547
LXVVT+263H323I100W144063N+007D243+000+026G012X01
B1228014408888N00313142EA0139001548
LXVVT+263H322I099W145062N+014D270-003+022G010X02
B1228024408892N00313131EA0139001548
LXVVT+263H322I100W145061N+017D290-001+022G011X01
B1228034408898N00313122EA0139101549
LXVVT+263H322I101W145060N+012D318-001+026G011X01
B1228044408905N00313116EA0139101549
LXVVT+263H323I101W143057N+012D342-001+031G011X01
B1228054408913N00313114EA0139101549
LXVVT+263H323I101W141055N+008D007-002+033G011X01
B1228064408920N00313115EA0139001548
LXVVT+263H324I106W139055N+010D040-004+026G013X01
B1228074408926N00313120EA0139101549
LXVVT+263H324I111W139055N+017D058-001+021G013X01
B1228084408930N00313126EA0139301551
LXVVT+262H325I104W140054N+020D071+005+018G011X02
B1228094408932N00313132EA0139601554
LXVVT+262H325I084W144049N+020D089+006+007G011X02
B1228104408934N00313138EA0139801556
LXVVT+262H325I077W147046N+023D103+008+005G010X02
B1228114408934N00313142EA0140001559
LXVVT+263H325I069W148043N+025D090+001+004G009X01
B1228124408935N00313147EA0140101560
LXVVT+263H325I073W149042N+027D100-006+001G010X03
B1228134408935N00313152EA0140201561
LXVVT+263H325I092W149042N+034D116-010-004G010X02
B1228144408935N00313158EA0140301562
LXVVT+263H325I114W147044N+044D110-006-011G013X02
B1228154408936N00313165EA0140601565
LXVVT+263H326I106W146045N+035D114+006-003G013X02
B1228164408937N00313172EA0141101570
LXVVT+263H326I103W146045N+036D107+012+010G011X04
B1228174408937N00313176EA0141701576
LXVVT+263H326I091W146046N+040D130+008+018G009X02
B1228184408936N00313179EA0142101581
LXVVT+263H325I081W147049N+047D147-003+019G010X03
B1228194408933N00313179EA0142401584
LXVVT+264H325I088W149051N+050D174-008+021G010X02
B1228204408930N00313177EA0142601586
LXVVT+264H325I101W151052N+044D195-009+027G011X01
B1228214408927N00313170EA0142701587
LXVVT+263H324I110W152052N+034D229-007+036G012X04
B1228224408927N00313159EA0142701587
LXVVT+264H324I122W152052N+029D263-005+042G014X00
B1228234408931N00313147EA0142801589
LXVVT+264H324I131W153050N+028D305-007+050G015X00
B1228244408939N00313140EA0142801590
LXVVT+263H325I137W151046N+028D342-007+053G015X00
B1228254408948N00313140EA0143001592
LXVVT+263H326I138W151046N+028D029-002+048G015X01
B1228264408954N00313147EA0143301595
LXVVT+262H326I131W146045N+022D056+006+030G014X00
B1228274408957N00313154EA0143901601
LXVVT+262H327I119W145045N+040D086+010+008G012X05
B1228284408958N00313160EA0144501607
LXVVT+261H328I089W145045N+054D086+009-008G009X01
B1228294408960N00313163EA0145101613
LXVVT+262H327I063W147044N+048D080+004-018G008X03
B1228304408963N00313166EA0145401616
LXVVT+262H328I060W147044N+042D070-009-012G009X04
B1228314408967N00313169EA0145501619
LXVVT+262H327I074W147044N+045D062-017+005G010X01
B1228324408971N00313174EA0145701620
LXVVT+261H328I092W147044N+043D071-010+014G011X02
B1228334408974N00313180EA0145901622
LXVVT+261H329I096W149043N+029D085-001+021G011X02
B1228344408975N00313187EA0146101624
LXVVT+260H329I092W152039N+025D102+003+018G011X01
B1228354408974N00313194EA0146401627
LXVVT+260H329I099W153036N+036D133+001+008G011X04
B1228364408972N00313199EA0146701631
LXVVT+261H329I094W153033N+048D143+002+008G011X02
B1228374408970N00313203EA0147101635
LXVVT+260H329I091W153032N+045D149+001+015G009X02
B1228384408966N00313204EA0147301637
LXVVT+260H329I091W152031N+038D173-004+021G010X01
B1228394408962N00313203EA0147501639
LXVVT+260H329I096W149030N+037D194-003+019G011X01
B1228404408958N00313198EA0147701640
LXVVT+260H330I101W147029N+036D216+001+023G012X01
B1228414408955N00313191EA0147901642
LXVVT+260H329I106W150029N+030D244+000+032G011X02
B1228424408955N00313182EA0147901643
LXVVT+259H331I108W154028N+024D278-007+039G011X01
B1228434408959N00313174EA0147901643
LXVVT+259H331I109W157026N+020D301-005+037G014X01
B1228444408966N00313168EA0148001644
LXVVT+258H331I103W157029N+014D334+001+035G014X02
B1228454408974N00313168EA0148201646
LXVVT+259H331I091W163034N+016D006+006+035G014X03
B1228464408981N00313172EA0148501650
LXVVT+258H331I095W169036N+021D024+006+021G013X00
B1228474408986N00313178EA0149001656
LXVVT+258H331I102W167036N+064D067+009+011G011X05
B1228484408989N00313184EA0149501661
LXVVT+258H332I079W166036N+053D065+009+006G009X06
B1228494408990N00313189EA0149901665
LXVVT+258H332I067W167036N+043D090+001+005G009X03
B1228504408991N00313194EA0150101668
LXVVT+258H332I076W167036N+045D106-011-001G010X01
B1228514408991N00313201EA0150301669
LXVVT+257H333I090W168035N+048D106-011+000G010X02
B1228524408991N00313208EA0150501671
LXVVT+257H333I108W168035N+036D125-001+004G011X01
B1228534408989N00313215EA0150701673
LXVVT+257H333I101W170033N+023D146+005+021G012X02
B1228544408985N00313219EA0150801674
LXVVT+257H334I093W168027N+015D163+002+040G010X02
B1228554408980N00313219EA0150701673
LXVVT+256H334I114W168026N+007D190-001+037G013X02
B1228564408975N00313213EA0150601673
LXVVT+256H335I118W167026N+011D218+001+024G015X00
B1228574408972N00313205EA0150901675
LXVVT+255H335I106W159026N+030D240+006+022G012X01
B1228584408971N00313197EA0151201678
LXVVT+255H336I090W153027N+020D257+010+023G011X02
B1228594408973N00313189EA0151401681
LXVVT+254H336I080W152027N+017D283+004+019G009X03
B1229004408976N00313182EA0151601682
LXVVT+255H336I080W153025N+027D302-001+015G010X03
B1229014408980N00313177EA0151701683
LXVVT+255H337I078W153024N+027D321-005+013G010X03
B1229024408986N00313173EA0151701683
LXVVT+254H337I080W154025N+019D346-007+013G010X01
B1229034408993N00313171EA0151701682
LXVVT+254H337I094W155025N+019D003-007+018G011X02
B1229044409001N00313172EA0151701682
LXVVT+254H337I106W157026N+025D027-004+025G013X03
B1229054409007N00313177EA0151701684
LXVVT+253H337I108W161026N+017D036+004+029G013X01
B1229064409012N00313185EA0151901686
LXVVT+253H338I107W166026N+017D067+008+027G012X01
B1229074409013N00313194EA0152101689
LXVVT+252H339I101W172025N+019D089+009+021G012X03
B1229084409013N00313201EA0152401692
LXVVT+251H340I101W170026N+036D115+005+012G011X02
B1229094409011N00313207EA0152801695
LXVVT+251H341I092W169027N+043D119+003+003G010X02
B1229104409009N00313212EA0153001698
LXVVT+251H341I082W168028N+030D126+002-002G009X03
B1229114409007N00313217EA0153201699
LXVVT+251H342I076W168028N+022D142-002+001G008X02
B1229124409005N00313221EA0153201700
LXVVT+251H342I080W168027N+020D147-008+009G009X01
B1229134409001N00313224EA0153101698
LXVVT+251H342I093W168026N+015D169-010+018G011X03
B1229144408996N00313224EA0153001697
LXVVT+251H341I110W168027N+013D188-008+028G012X01
B1229154408991N00313220EA0152901696
LXVVT+251H341I118W167026N+009D213-001+033G014X04
B1229164408987N00313212EA0152801696
LXVVT+250H341I115W161026N+013D243+002+033G014X00
B1229174408987N00313202EA0153001697
LXVVT+250H340I108W157027N+018D267+007+035G013X02
B1229184408991N00313193EA0153101699
LXVVT+249H341I104W158026N+018D292+005+027G010X02
B1229194408996N00313186EA0153201700
LXVVT+248H341I090W158028N+014D309+002+011G011X03
B1229204409001N00313181EA0153401702
LXVVT+248H342I083W158028N+020D335+005-002G010X01
B1229214409007N00313176EA0153601704
LXVVT+248H343I071W158028N+025D336+003+003G010X01
B1229224409012N00313173EA0153701705
LXVVT+248H343I066W158028N+019D326+000+004G009X01
B1229234409017N00313170EA0153801707
LXVVT+248H344I069W156027N+022D343-001+000G010X02
B1229244409022N00313167EA0153901708
LXVVT+249H344I069W155026N+025D343-004-004G010X01
B1229254409027N00313165EA0154001708
LXVVT+248H344I071W155026N+019D339-005-002G010X03
B1229264409033N00313162EA0154101709
LXVVT+248H344I076W155026N+020D343-001-002G010X04
B1229274409039N00313159EA0154201711
LXVVT+248H344I078W155026N+023D335+002-006G010X01
B1229284409045N00313156EA0154401713
LXVVT+248H344I077W155026N+023D345+002-007G010X02
B1229294409050N00313153EA0154501714
LXVVT+248H344I078W155025N+025D334-004-007G009X01
B1229304409056N00313148EA0154601715
LXVVT+248H344I078W155026N+022D328-004-005G011X01
B1229314409062N00313144EA0154701716
LXVVT+248H344I082W154027N+024D330-001-001G010X02
B1229324409068N00313140EA0154901718
LXVVT+248H344I085W154027N+024D328-001+003G010X02
B1229334409075N00313136EA0155001719
LXVVT+247H344I088W154028N+019D356+000+011G011X01
B1229344409082N00313135EA0155101720
LXVVT+247H345I088W156028N+024D001-004+016G010X04
B1229354409089N00313136EA0155201721
LXVVT+246H345I095W154028N+022D017+000+017G011X01
B1229364409095N00313139EA0155201722
LXVVT+247H346I092W158028N+011D046+001+016G010X02
B1229374409101N00313144EA0155201722
LXVVT+246H346I099W156028N+015D060-002+023G011X02
B1229384409104N00313152EA0155201722
LXVVT+246H347I105W154029N+016D083-003+028G011X03
B1229394409104N00313160EA0155201721
LXVVT+245H349I113W153031N+012D107-002+032G011X01
B1229404409101N00313166EA0155101721
LXVVT+245H349I113W152030N+009D142-001+031G013X02
B1229414409096N00313169EA0155201721
LXVVT+245H350I113W152029N+012D170+003+027G013X01
B1229424409090N00313169EA0155301723
LXVVT+245H350I102W150029N+009D185+007+025G011X01
B1229434409086N00313165EA0155501725
LXVVT+245H351I095W151029N+010D208+004+019G010X01
B1229444409083N00313160EA0155601726
LXVVT+245H351I091W155029N+013D219+002+010G010X01
B1229454409082N00313154EA0155601727
LXVVT+245H352I084W159029N+016D229-003+005G010X01
B1229464409080N00313147EA0155701726
LXVVT+245H352I085W158029N+018D240-006+006G011X02
B1229474409080N00313139EA0155601726
LXVVT+245H351I095W159028N+019D256-006+011G011X02
B1229484409081N00313129EA0155801727
LXVVT+245H350I098W157029N+023D264+002+013G013X02
B1229494409083N00313119EA0156001730
LXVVT+244H350I102W156030N+027D278+007+008G012X03
B1229504409087N00313111EA0156301733
LXVVT+244H350I092W156030N+032D297+008+008G011X02
B1229514409091N00313104EA0156601737
LXVVT+244H350I076W156032N+031D314+003+009G010X03
B1229524409096N00313099EA0156801739
LXVVT+244H350I073W156033N+030D327-001+013G010X01
B1229534409103N00313096EA0157001741
LXVVT+244H351I085W156032N+034D342-010+016G009X01
B1229544409110N00313095EA0157101742
LXVVT+244H351I107W151031N+043D013-004+017G012X01
B1229554409118N00313098EA0157301744
LXVVT+243H352I112W147031N+032D029+004+024G012X01
B1229564409123N00313104EA0157501746
LXVVT+243H351I104W149030N+017D073+001+038G011X02
B1229574409125N00313112EA0157501747
LXVVT+242H353I107W152028N+012D103-006+039G013X01
B1229584409123N00313119EA0157401746
LXVVT+242H353I116W152028N+010D134-005+036G014X01
B1229594409118N00313123EA0157501748
LXVVT+241H355I126W153031N+022D157+000+027G013X03
B1230004409113N00313123EA0157801751
LXVVT+240H356I114W155033N+024D182+004+025G011X02
B1230014409109N00313119EA0158101753
LXVVT+240H355I099W156033N+022D204+006+020G010X01
B1230024409107N00313114EA0158401756
LXVVT+240H355I086W157033N+023D225+002+013G009X01
B1230034409106N00313107EA0158601758
LXVVT+240H355I086W158033N+027D237-001+007G010X02
B1230044409106N00313100EA0158701759
LXVVT+240H355I081W158033N+029D252-005+005G010X05
B1230054409107N00313092EA0158901761
LXVVT+240H355I092W160032N+033D275-005+011G011X05
B1230064409109N00313084EA0159001762
LXVVT+240H355I095W162031N+028D298-002+021G011X01
B1230074409114N00313077EA0159101763
LXVVT+240H355I097W163029N+019D320-001+028G011X03
B1230084409121N00313074EA0159101764
LXVVT+240H355I101W162025N+018D353-002+032G011X02
B1230094409128N00313076EA0159101764
LXVVT+240H355I102W159024N+015D022-001+031G012X02
B1230104409133N00313081EA0159101765
LXVVT+239H356I106W157024N+013D043+001+021G012X03
B1230114409137N00313089EA0159301766
LXVVT+240H357I103W158023N+021D073+004+018G011X02
B1230124409138N00313096EA0159501769
LXVVT+239H358I092W163022N+015D087+008+013G010X02
B1230134409138N00313103EA0159601770
LXVVT+239H359I088W165022N+012D110+002+013G009X02
B1230144409136N00313109EA0159601770
LXVVT+239H359I086W167020N+021D127-005+011G011X02
B1230154409133N00313115EA0159701771
LXVVT+239H359I100W168019N+035D151-006+008G012X02
B1230164409128N00313119EA0159901773
LXVVT+239H359I112W168020N+039D165+003+017G012X03
B1230174409123N00313120EA0160201776
LXVVT+238H359I100W167020N+019D169+006+020G010X06
B1230184409118N00313118EA0160401777
LXVVT+238H359I101W166019N+018D205+004+015G011X02
B1230194409114N00313114EA0160601780
LXVVT+237H359I099W167020N+030D214+001+010G011X03
B1230204409111N00313108EA0160801782
LXVVT+238H358I100W168020N+036D233+001+015G011X02
B1230214409109N00313100EA0161001784
LXVVT+238H359I091W169020N+025D246+000+022G009X02
B1230224409110N00313092EA0161201786
LXVVT+237H359I085W159022N+022D266-001+018G011X01
B1230234409112N00313083EA0161401788
LXVVT+237H358I089W155025N+027D290+000+011G012X03
B1230244409116N00313074EA0161601791
LXVVT+236H359I095W153027N+032D298+001+005G011X04
B1230254409121N00313067EA0161901794
LXVVT+237H359I099W153026N+039D320+004+012G011X01
B1230264409126N00313062EA0162201797
LXVVT+237H358I093W150024N+030D337+006+019G009X04
B1230274409131N00313060EA0162201798
LXVVT+236H360I086W141022N+011D356+002+024G010X03
B1230284409136N00313061EA0162201798
LXVVT+236H361I088W125022N+010D022-003+021G010X03
B1230294409140N00313064EA0162101797
LXVVT+236H362I092W123023N+006D047-005+010G011X01
B1230304409143N00313070EA0162001796
LXVVT+236H363I104W120025N+008D067+000+010G014X00
B1230314409145N00313076EA0161901796
LXVVT+234H365I106W119026N+016D078+000+011G011X07
B1230324409145N00313083EA0162101797
LXVVT+234H364I099W119024N+016D104+003+011G010X03
B1230334409145N00313089EA0162201798
LXVVT+233H364I095W117022N+015D104+002+008G010X03
B1230344409143N00313095EA0162201798
LXVVT+234H364I090W113019N+009D109+001+003G010X04
B1230354409141N00313102EA0162301799
LXVVT+234H365I077W100014N+014D103-005-012G010X04
B1230364409140N00313109EA0162301799
LXVVT+234H364I085W092009N+022D112+000-016G012X03
B1230374409139N00313118EA0162501801
LXVVT+234H365I089W081002N+032D090+001-004G012X02
B1230384409138N00313126EA0162901805
LXVVT+234H365I099W309001N+042D109+010+004G012X06
B1230394409136N00313133EA0163401810
LXVVT+234H365I082W307003N+046D113+008+008G009X01
B1230404409133N00313138EA0163801814
LXVVT+234H365I072W317005N+038D123+005+007G009X01
B1230414409130N00313142EA0164001816
LXVVT+234H365I072W323006N+027D142-003+004G009X04
B1230424409126N00313146EA0164001816
LXVVT+234H365I082W305005N+023D143-009-003G009X03
B1230434409122N00313150EA0163901816
LXVVT+233H366I089W301004N+019D139-011-016G010X02
B1230444409118N00313157EA0163701814
LXVVT+234H366I099W304006N+002D132-006-027G009X01
B1230454409116N00313165EA0163501811
LXVVT+234H366I096W289010N-016D109+000-023G009X04
B1230464409114N00313175EA0163101807
LXVVT+232H367I091W273018N-024D100+003-007G012X02
B1230474409112N00313185EA0162701804
LXVVT+233H367I090W272024N-030D107+009+010G010X03
B1230484409109N00313193EA0162401800
LXVVT+232H368I092W274026N-029D106+004+005G009X02
B1230494409105N00313201EA0162001796
LXVVT+232H369I089W278027N-023D120-003-009G010X03
B1230504409102N00313210EA0161501791
LXVVT+233H368I096W280028N-025D120-006-017G010X02
B1230514409099N00313219EA0161001786
LXVVT+233H365I100W280029N-027D117-002-010G012X03
B1230524409097N00313229EA0160601782
LXVVT+233H362I104W280029N-027D113+005-003G011X03
B1230534409094N00313238EA0160401780
LXVVT+233H359I096W280029N-026D112+008+002G009X01
B1230544409092N00313246EA0160201777
LXVVT+233H357I095W280028N-018D117+004+003G011X01
B1230554409088N00313254EA0160001775
LXVVT+233H356I095W276027N-010D138+004+006G011X01
B1230564409084N00313259EA0159801772
LXVVT+234H354I089W277027N-009D154+000+018G009X02
B1230574409078N00313263EA0159501769
LXVVT+234H354I095W281026N-016D179-003+023G010X01
B1230584409072N00313263EA0159201764
LXVVT+235H354I099W292024N-016D209-004+023G012X01
B1230594409065N00313259EA0158801761
LXVVT+234H356I110W306022N-017D219-001+024G012X02
B1231004409060N00313253EA0158501757
LXVVT+234H356I114W315019N-023D244+004+020G012X02
B1231014409056N00313245EA0158301755
LXVVT+235H357I106W328015N-024D264+006+023G012X02
B1231024409056N00313236EA0158001753
LXVVT+235H355I098W337013N-028D271+006+020G010X01
B1231034409056N00313228EA0157801750
LXVVT+235H354I095W342011N-022D295+002+012G010X01
B1231044409058N00313221EA0157501747
LXVVT+235H352I088W346009N-023D300+000+005G010X02
B1231054409060N00313214EA0157101743
LXVVT+235H351I089W351007N-030D288-004-005G009X01
B1231064409062N00313206EA0156701738
LXVVT+235H351I095W355007N-030D293-002-009G011X01
B1231074409063N00313198EA0156301734
LXVVT+236H350I095W004006N-031D286+003-003G011X02
B1231084409064N00313189EA0155901730
LXVVT+236H351I094W013006N-032D288+002+002G010X01
B1231094409066N00313181EA0155501726
LXVVT+236H353I088W027006N-035D293+003+006G010X01
B1231104409068N00313173EA0155101721
LXVVT+236H356I092W038006N-035D285-003+000G009X01
B1231114409070N00313165EA0154601715
LXVVT+236H358I094W050007N-032D292-005-005G010X01
B1231124409072N00313155EA0154101709
LXVVT+237H359I102W067008N-031D290-003-005G012X01
B1231134409074N00313144EA0153601705
LXVVT+237H359I110W076011N-026D285+000-002G012X03
B1231144409076N00313133EA0153401703
LXVVT+238H358I114W085014N-016D281+006+002G013X03
B1231154409079N00313122EA0153501704
LXVVT+238H357I111W091017N-002D280+012-001G011X02
B1231164409082N00313113EA0153801707
LXVVT+238H357I096W096018N+008D279+012-007G010X01
B1231174409084N00313105EA0154001709
LXVVT+238H357I077W098019N+010D282+002-009G008X03
B1231184409086N00313098EA0154001709
LXVVT+239H356I082W097019N+014D285-004-005G010X01
B1231194409088N00313091EA0154101709
LXVVT+239H356I089W093016N+023D280-005-002G010X01
B1231204409090N00313084EA0154201710
LXVVT+238H356I089W083013N+024D286-005-002G009X02
B1231214409092N00313077EA0154301710
LXVVT+239H356I081W075012N+008D297+002+001G010X03
B1231224409094N00313071EA0154201710
LXVVT+238H357I077W075012N+001D288-005-006G009X03
B1231234409096N00313063EA0154101709
LXVVT+238H357I087W073011N+004D310-006-011G011X02
B1231244409097N00313055EA0154101709
LXVVT+238H357I087W073012N+008D287-004+002G012X01
B1231254409099N00313045EA0154201710
LXVVT+238H357I095W074015N+013D299+004+006G012X03
B1231264409101N00313036EA0154501713
LXVVT+239H357I090W085018N+022D302+008+008G011X02
B1231274409105N00313028EA0154801717
LXVVT+239H356I087W098019N+030D310+004+007G011X01
B1231284409109N00313021EA0155101721
LXVVT+239H356I090W107020N+039D323+000+005G009X04
B1231294409114N00313014EA0155501725
LXVVT+239H357I078W122022N+038D333+003+012G011X03
B1231304409120N00313010EA0155801728
LXVVT+239H357I079W139024N+028D348-001+014G009X03
B1231314409127N00313007EA0155901730
LXVVT+239H356I086W147026N+027D014-006+016G010X03
B1231324409134N00313008EA0156001731
LXVVT+239H356I097W152027N+033D034-010+025G011X02
B1231334409140N00313012EA0156101731
LXVVT+240H355I114W147027N+031D054-005+039G013X01
B1231344409144N00313021EA0156201732
LXVVT+239H355I121W147027N+011D080+001+039G013X01
B1231354409144N00313029EA0156301734
LXVVT+239H355I126W145030N+013D118+003+035G014X02
B1231364409141N00313035EA0156501737
LXVVT+239H355I113W145031N+015D140+004+038G012X01
B1231374409136N00313036EA0156801740
LXVVT+238H355I108W147032N+015D164+004+029G012X01
B1231384409132N00313033EA0157101743
LXVVT+238H355I101W148033N+024D195+000+018G011X01
B1231394409128N00313029EA0157501746
LXVVT+238H355I095W149033N+039D209+001+008G011X01
B1231404409126N00313023EA0157801750
LXVVT+238H355I084W149033N+037D214+003+007G010X02
B1231414409124N00313017EA0158101753
LXVVT+238H355I080W149033N+033D233+000+006G010X02
B1231424409123N00313010EA0158401755
LXVVT+238H355I079W149033N+032D249-004+007G010X02
B1231434409123N00313002EA0158501757
LXVVT+238H355I087W150032N+032D257-007+011G010X01
B1231444409125N00312993EA0158601758
LXVVT+238H355I101W151032N+034D287-005+012G012X02
B1231454409128N00312983EA0158801760
LXVVT+238H355I107W153030N+035D298+000+019G011X04
B1231464409134N00312976EA0159001762
LXVVT+237H357I105W153030N+023D306+005+018G012X01
B1231474409141N00312970EA0159301766
LXVVT+237H358I101W153031N+021D349+006+020G011X02
B1231484409148N00312969EA0159501768
LXVVT+236H359I097W154031N+018D351+006+025G010X02
B1231494409155N00312970EA0159601769
LXVVT+236H360I108W146030N+017D026+005+023G011X00
B1231504409160N00312975EA0159701770
LXVVT+237H359I103W142031N+014D063-008+025G011X00
B1231514409163N00312982EA0159801771
LXVVT+236H360I101W143031N+022D077-005+020G012X01
B1231524409164N00312989EA0160001773
LXVVT+236H360I098W144030N+019D103+003+019G011X04
B1231534409164N00312995EA0160201776
LXVVT+236H359I093W145028N+015D114+005+017G011X01
B1231544409161N00313000EA0160301778
LXVVT+237H358I090W144026N+020D143+000+019G010X01
B1231554409158N00313003EA0160401779
LXVVT+237H358I088W144026N+022D159-005+021G010X01
B1231564409154N00313003EA0160501779
LXVVT+236H358I092W144026N+018D174-006+017G011X01
B1231574409149N00313000EA0160601780
LXVVT+237H357I100W145027N+023D203-002+013G012X01
B1231584409145N00312995EA0160801782
LXVVT+236H357I101W147027N+027D210+003+011G012X01
B1231594409142N00312988EA0161001784
LXVVT+237H357I096W148027N+022D233+005+015G010X02
B1232004409141N00312981EA0161201786
LXVVT+237H357I089W150026N+024D249+001+014G010X01
B1232014409142N00312973EA0161401788
LXVVT+237H357I089W150026N+031D264+000+009G012X01
B1232024409143N00312965EA0161601791
LXVVT+237H357I095W153024N+036D278+003+004G010X02
B1232034409146N00312958EA0161901794
LXVVT+237H357I084W155022N+028D287+005+007G009X03
B1232044409150N00312952EA0162001795
LXVVT+236H357I076W155022N+015D304+002+009G009X03
B1232054409154N00312948EA0162001795
LXVVT+237H358I079W155022N+014D327-008+009G009X02
B1232064409160N00312944EA0161901794
LXVVT+237H359I095W154021N+024D344-007+005G012X01
B1232074409167N00312942EA0161901794
LXVVT+237H359I101W154021N+019D357+000+008G011X01
B1232084409174N00312942EA0162001795
LXVVT+237H360I101W155021N+013D021+003+022G011X04
B1232094409180N00312945EA0162001795
LXVVT+237H360I095W158021N+001D038+003+030G010X02
B1232104409184N00312950EA0161801794
LXVVT+236H360I099W155022N-005D063-001+028G011X01
B1232114409186N00312958EA0161701793
LXVVT+236H360I107W154022N+007D094-004+015G012X03
B1232124409186N00312966EA0161701793
LXVVT+236H360I112W153023N+021D110-001+012G011X02
B1232134409184N00312973EA0161801794
LXVVT+236H360I101W154022N+011D122+005+018G011X01
B1232144409180N00312977EA0161901794
LXVVT+236H360I093W151019N+002D147+004+021G011X01
B1232154409175N00312979EA0161901794
LXVVT+235H360I097W148018N+012D166+000+014G012X01
B1232164409170N00312979EA0161901795
LXVVT+235H360I102W149018N+023D180-001+007G010X02
B1232174409166N00312976EA0162001796
LXVVT+235H360I094W148018N+021D197+005+007G011X02
B1232184409162N00312973EA0162101797
LXVVT+235H360I086W146017N+011D207+005+009G010X02
B1232194409158N00312968EA0162101797
LXVVT+236H359I085W146017N+009D226+000+011G010X01
B1232204409156N00312961EA0162101797
LXVVT+236H359I086W145018N+014D232-002+006G010X01
B1232214409155N00312954EA0162101797
LXVVT+236H359I091W147017N+016D243+000+000G010X01
B1232224409153N00312946EA0162101797
LXVVT+235H359I092W146017N+009D246-004-005G010X02
B1232234409152N00312938EA0162001796
LXVVT+235H360I101W146017N+010D248-003-004G011X01
B1232244409150N00312929EA0162001796
LXVVT+235H359I107W144018N+014D242+001-005G011X01
B1232254409147N00312920EA0162101797
LXVVT+235H360I107W141018N+017D245+004-004G011X01
B1232264409145N00312911EA0162201799
LXVVT+235H359I100W136018N+017D238+007-004G011X01
B1232274409143N00312903EA0162401801
LXVVT+235H360I096W132019N+018D238+003-007G009X01
B1232284409141N00312895EA0162601802
LXVVT+235H359I091W128019N+021D240-001-006G010X03
B1232294409138N00312887EA0162601803
LXVVT+235H359I098W124019N+023D240-003-001G010X00
B1232304409136N00312878EA0162701804
LXVVT+235H359I103W122020N+026D243-001+000G010X03
B1232314409133N00312869EA0162801805
LXVVT+235H358I101W119020N+019D231+004-002G011X03
B1232324409131N00312861EA0163001807
LXVVT+234H358I100W120021N+018D231+004-008G010X02
B1232334409129N00312853EA0163201809
LXVVT+235H358I089W119021N+020D228+003-006G010X02
B1232344409127N00312845EA0163301810
LXVVT+233H358I090W119022N+019D227-003-007G009X01
B1232354409124N00312837EA0163401811
LXVVT+234H359I089W117022N+016D238-003-002G010X01
B1232364409121N00312829EA0163301811
LXVVT+234H360I092W114024N+013D235-002+002G010X01
B1232374409118N00312820EA0163301811
LXVVT+234H360I097W110025N+012D235+001+001G011X01
B1232384409116N00312811EA0163401812
LXVVT+234H361I096W107026N+016D238+000-002G010X01
B1232394409113N00312802EA0163501813
LXVVT+234H361I095W105028N+016D240+001-004G010X01
B1232404409110N00312793EA0163601813
LXVVT+234H362I093W103030N+015D239+002-004G010X01
B1232414409107N00312784EA0163601814
LXVVT+235H361I093W101031N+016D236+001-001G010X02
B1232424409104N00312775EA0163701815
LXVVT+235H360I095W099032N+017D234-002+001G010X01
B1232434409101N00312766EA0163701815
LXVVT+234H360I096W098032N+018D236-002-001G010X00
B1232444409098N00312757EA0163801816
LXVVT+234H359I094W096033N+017D235+001-001G010X01
B1232454409095N00312748EA0163901817
LXVVT+235H359I092W095035N+017D241+001+003G010X01
B1232464409092N00312737EA0163901818
LXVVT+233H359I102W094037N+015D231+000+005G010X01
B1232474409089N00312727EA0163901818
LXVVT+233H359I113W095036N+015D239-001-002G009X03
B1232484409086N00312715EA0163901818
LXVVT+234H358I113W095037N+013D241+002-007G012X01
B1232494409082N00312704EA0164001819
LXVVT+234H358I117W095038N+019D239+001-003G012X01
B1232504409078N00312693EA0164301822
LXVVT+233H360I130W097037N+044D234+004+002G011X03
B1232514409075N00312682EA0164701826
LXVVT+232H362I116W098038N+039D235+010+004G010X02
B1232524409073N00312672EA0165101830
LXVVT+233H362I099W100038N+029D238+013-001G009X01
B1232534409072N00312662EA0165401833
LXVVT+233H363I083W101039N+022D237+002-004G008X02
B1232544409070N00312653EA0165401834
LXVVT+233H362I080W101040N+017D242-006-004G007X02
B1232554409068N00312644EA0165301832
LXVVT+234H360I091W101040N+014D234-012-005G009X02
B1232564409065N00312634EA0165001829
LXVVT+234H360I108W101040N+008D239-011-002G011X02
B1232574409061N00312622EA0164701826
LXVVT+233H360I121W101041N-007D249-003+004G012X00
B1232584409058N00312609EA0164601825
LXVVT+234H360I120W102046N+009D242+006+005G012X04
B1232594409054N00312596EA0164601826
LXVVT+233H359I123W099049N+024D241+008+000G010X02
B1233004409051N00312583EA0164801827
LXVVT+232H361I116W096050N+015D237+005-006G010X02
B1233014409047N00312571EA0164801827
LXVVT+233H362I109W094051N+014D238+001-005G009X03
B1233024409044N00312560EA0164801827
LXVVT+233H361I106W092052N+013D236-002-002G009X01
B1233034409040N00312548EA0164701827
LXVVT+233H362I114W091052N+015D236-002+001G011X01
B1233044409037N00312536EA0164701826
LXVVT+232H362I122W092052N+019D237-001+001G011X03
B1233054409033N00312524EA0164801827
LXVVT+231H361I124W094051N+023D235+003-001G011X02
B1233064409029N00312513EA0165001829
LXVVT+231H361I117W095050N+018D233+006-002G010X01
B1233074409026N00312502EA0165201831
LXVVT+231H361I108W096050N+016D234+005+000G010X01
B1233084409023N00312491EA0165301833
LXVVT+231H361I099W096050N+019D234+000+001G009X01
B1233094409020N00312481EA0165401833
LXVVT+232H360I102W097050N+018D233-004+000G009X01
B1233104409017N00312470EA0165301833
LXVVT+232H359I107W097049N+014D232-005-002G010X01
B1233114409013N00312459EA0165201831
LXVVT+231H359I116W098049N+011D232-004-003G010X01
B1233124409009N00312448EA0165101830
LXVVT+231H359I121W100048N+012D234-001+000G011X01
B1233134409005N00312437EA0165101830
LXVVT+232H360I118W100047N+010D239+002+003G011X02
B1233144409002N00312426EA0165101831
LXVVT+233H359I118W100046N+007D238+004+005G011X01
B1233154408999N00312415EA0165201832
LXVVT+233H357I115W101046N+013D241+004+006G011X01
B1233164408996N00312404EA0165401834
LXVVT+233H357I106W101047N+022D234+006+003G009X00
B1233174408994N00312393EA0165501835
LXVVT+232H357I102W104047N+015D232+002-007G009X02
B1233184408991N00312383EA0165501834
LXVVT+232H358I093W104047N-003D234-005-010G008X03
B1233194408988N00312374EA0165201831
LXVVT+232H358I104W104047N+003D230-008-006G011X02
B1233204408984N00312364EA0165001829
LXVVT+231H360I129W110049N+019D229-007-003G012X04
B1233214408979N00312353EA0164901828
LXVVT+232H360I132W114053N+019D231+002+005G013X01
B1233224408975N00312343EA0165101830
LXVVT+231H361I129W116054N+009D224+009+007G011X02
B1233234408971N00312333EA0165401833
LXVVT+230H361I116W119057N+013D224+010+003G010X01
B1233244408969N00312323EA0165601835
LXVVT+231H361I105W121058N+023D223+002-003G009X01
B1233254408966N00312314EA0165801837
LXVVT+231H361I105W122059N+028D216-003-007G009X02
B1233264408963N00312306EA0165801837
LXVVT+231H361I108W123061N+021D208-006-011G009X02
B1233274408959N00312298EA0165701836
LXVVT+231H362I104W123061N+008D214-003-006G009X01
B1233284408954N00312291EA0165501834
LXVVT+232H362I103W121060N-002D216-002+006G010X05
B1233294408950N00312283EA0165301831
LXVVT+231H363I114W119060N-011D210-001+009G010X01
B1233304408946N00312274EA0165101829
LXVVT+231H363I120W121061N-003D217-002+002G010X02
B1233314408941N00312265EA0164901826
LXVVT+231H364I114W121060N-007D217+001-003G010X01
B1233324408937N00312257EA0164601824
LXVVT+230H365I111W121060N-016D211+003-003G011X01
B1233334408933N00312250EA0164401822
LXVVT+230H365I112W121060N-012D212+001-001G009X01
B1233344408928N00312242EA0164101819
LXVVT+231H365I109W121060N-011D215-002+003G009X02
B1233354408924N00312234EA0163801816
LXVVT+232H364I112W121060N-016D214-001+005G010X01
B1233364408920N00312226EA0163501812
LXVVT+232H364I108W121060N-021D218+000+004G011X02
B1233374408916N00312218EA0163101809
LXVVT+232H364I114W121060N-025D212+001+001G009X03
B1233384408912N00312209EA0162701805
LXVVT+232H363I109W122061N-029D217-001+008G009X01
B1233394408909N00312200EA0162201799
LXVVT+232H364I108W120061N-041D217-002+008G010X01
B1233404408905N00312189EA0161701793
LXVVT+231H364I118W121061N-038D211-007-002G009X01
B1233414408901N00312178EA0161101786
LXVVT+231H365I129W122061N-025D211-005-012G011X01
B1233424408896N00312168EA0160401780
LXVVT+231H365I133W120061N-038D209+001-009G012X01
B1233434408890N00312157EA0160001776
LXVVT+232H365I135W118060N-039D209+006-001G012X02
B1233444408885N00312147EA0159701773
LXVVT+232H364I131W116059N-029D211+006+005G010X03
B1233454408881N00312137EA0159401770
LXVVT+232H363I122W115059N-026D210+006+003G009X02
B1233464408876N00312127EA0159201767
LXVVT+232H362I115W115059N-021D209+002-002G009X01
B1233474408872N00312118EA0158901763
LXVVT+232H362I121W116060N-011D203-005-009G009X02
B1233484408867N00312109EA0158401758
LXVVT+233H361I121W116061N-015D206-003-005G011X02
B1233494408862N00312100EA0158001754
LXVVT+232H362I134W117061N-018D196-005-004G010X03
B1233504408856N00312092EA0157601749
LXVVT+233H362I129W117062N-027D208+002+003G013X01
B1233514408850N00312083EA0157201745
LXVVT+234H361I123W114064N-031D206+002+007G010X03
B1233524408845N00312073EA0157001742
LXVVT+234H361I126W113063N-027D203+002+004G010X01
B1233534408841N00312063EA0156601740
LXVVT+235H359I117W112065N-023D217+002+004G009X02
B1233544408836N00312052EA0156301736
LXVVT+235H358I115W111069N-027D210+000+000G009X01
B1233554408831N00312042EA0155901732
LXVVT+235H358I120W110069N-027D206-003-006G010X01
B1233564408826N00312032EA0155501727
LXVVT+235H359I128W109069N-018D204-006-013G010X02
B1233574408819N00312023EA0155201723
LXVVT+236H358I129W107068N-013D204+003-009G012X02
B1233584408812N00312015EA0154901721
LXVVT+237H358I122W104066N-030D203+007+002G011X01
B1233594408806N00312006EA0154701719
LXVVT+237H358I117W100065N-030D201+006+010G009X02
B1234004408800N00311998EA0154501717
LXVVT+237H357I113W099064N-016D206+001+008G009X01
B1234014408795N00311989EA0154201714
LXVVT+237H357I109W100064N-011D212-002+002G009X01
B1234024408791N00311979EA0153901710
LXVVT+238H356I111W100064N-016D211-003-003G009X01
B1234034408785N00311970EA0153501706
LXVVT+239H354I120W101062N-020D210-003-003G010X02
B1234044408780N00311960EA0153101702
LXVVT+240H352I124W101061N-019D210-003+001G011X02
B1234054408774N00311949EA0152801698
LXVVT+240H350I130W102061N-018D211+000+003G011X02
B1234064408769N00311939EA0152501695
LXVVT+239H349I134W103060N-013D212+001+001G011X02
B1234074408764N00311928EA0152301693
LXVVT+240H348I130W104059N-013D213+003-001G010X01
B1234084408759N00311918EA0152201691
LXVVT+240H347I127W104059N-015D210+004-001G011X01
B1234094408754N00311908EA0152001689
LXVVT+241H348I126W106060N-009D208+002-001G011X00
B1234104408749N00311899EA0151901688
LXVVT+240H348I127W109061N+004D205-001-001G010X01
B1234114408744N00311890EA0151801687
LXVVT+241H348I120W110062N+001D206-001-001G010X01
B1234124408738N00311882EA0151601684
LXVVT+242H347I117W110062N-009D207-001+001G010X01
B1234134408734N00311873EA0151301682
LXVVT+242H346I118W110062N-013D209-002+004G010X01
B1234144408729N00311863EA0151101679
LXVVT+242H346I123W111062N-008D205-004+001G010X02
B1234154408724N00311854EA0150901677
LXVVT+242H346I130W112063N-002D204-002-004G010X01
B1234164408719N00311845EA0150701675
LXVVT+243H346I126W113063N-010D208+001-003G010X02
B1234174408713N00311836EA0150501672
LXVVT+243H346I123W111063N-015D203+001-001G010X01
B1234184408707N00311827EA0150201670
LXVVT+243H346I122W109061N-013D203+000+001G010X00
B1234194408701N00311818EA0150001668
LXVVT+244H346I120W108061N-009D204+000+002G011X01
B1234204408695N00311810EA0149901666
LXVVT+243H346I124W106060N-005D198-001-003G011X01
B1234214408689N00311801EA0149701664
LXVVT+244H346I127W106060N+000D205+000-001G011X01
B1234224408683N00311793EA0149501663
LXVVT+245H345I123W104061N-007D206+001+002G010X01
B1234234408677N00311784EA0149401661
LXVVT+246H344I117W103063N-014D211+003+008G010X02
B1234244408672N00311775EA0149201660
LXVVT+246H344I117W102064N-010D208+001+005G009X01
B1234254408666N00311766EA0149101658
LXVVT+246H342I119W102064N-008D206-001-002G009X01
B1234264408661N00311757EA0148801655
LXVVT+247H342I115W102064N-008D207-002-004G010X03
B1234274408655N00311748EA0148501652
LXVVT+247H340I124W102065N-009D200-003-004G010X01
B1234284408649N00311739EA0148301649
LXVVT+247H339I128W102065N-005D201-003-002G011X01
B1234294408643N00311730EA0148001646
LXVVT+247H337I130W102065N-008D202+000+001G011X01
B1234304408636N00311721EA0147801645
LXVVT+248H336I129W102065N-011D206+002+003G010X02
B1234314408631N00311711EA0147701643
LXVVT+248H335I123W101065N-014D203+002+002G010X01
B1234324408625N00311702EA0147501641
LXVVT+248H333I125W102065N-009D201+001-002G010X01
B1234334408619N00311692EA0147301639
LXVVT+248H332I120W101066N-007D204-002-002G010X01
B1234344408613N00311683EA0147101636
LXVVT+249H332I123W101066N-007D205-003+001G011X01
B1234354408607N00311673EA0146901634
LXVVT+249H331I125W100066N-003D206-002+003G011X01
B1234364408601N00311664EA0146701633
LXVVT+250H331I132W100066N-001D201+001-001G011X02
B1234374408595N00311654EA0146701632
LXVVT+249H332I137W101067N+003D196+002-004G010X02
B1234384408589N00311645EA0146701632
LXVVT+249H332I127W102069N+003D201+005-003G010X03
B1234394408583N00311637EA0146701632
LXVVT+250H333I124W103069N-003D194+004-001G010X02
B1234404408577N00311629EA0146701633
LXVVT+249H334I119W104072N+007D189+001+000G010X02
B1234414408572N00311622EA0146801632
LXVVT+249H334I122W106079N+018D183-004-007G010X01
B1234424408566N00311615EA0146701632
LXVVT+249H334I118W107081N+013D195-002-002G010X02
B1234434408561N00311608EA0146601631
LXVVT+250H334I115W108081N+004D196-003+005G009X00
B1234444408556N00311601EA0146501629
LXVVT+250H334I116W108081N-006D197-002+006G010X01
B1234454408550N00311593EA0146301627
LXVVT+250H334I119W108081N-005D204-002+004G010X01
B1234464408545N00311584EA0146001625
LXVVT+250H334I113W107081N-010D211+000+005G010X02
B1234474408540N00311575EA0145801623
LXVVT+250H335I122W108080N-011D203+001+004G010X01
B1234484408535N00311566EA0145701621
LXVVT+250H335I131W110080N+005D201+000-001G011X01
B1234494408530N00311557EA0145601620
LXVVT+250H335I128W112079N+004D203+000-006G011X01
B1234504408525N00311548EA0145401618
LXVVT+250H334I119W113079N-011D205+002-001G010X02
B1234514408520N00311539EA0145301616
LXVVT+251H334I116W113078N-011D209+003+007G011X02
B1234524408516N00311531EA0145101615
LXVVT+251H334I117W114079N-007D199+001+003G010X03
B1234534408512N00311522EA0145001613
LXVVT+251H335I111W114080N-005D195-004-008G010X04
B1234544408507N00311514EA0144701611
LXVVT+251H334I118W114080N-004D201-003-009G010X01
B1234554408501N00311506EA0144501608
LXVVT+251H334I121W114080N-006D203-001+001G011X01
B1234564408496N00311498EA0144301606
LXVVT+251H334I129W114081N-007D201-001+006G011X00
B1234574408490N00311489EA0144101604
LXVVT+252H333I130W114080N-002D207+000+008G011X02
B1234584408485N00311480EA0144001603
LXVVT+251H333I124W113081N-003D211+001+005G010X01
B1234594408480N00311470EA0143901602
LXVVT+252H333I119W113083N-006D216+004+001G010X01
B1235004408475N00311460EA0143801601
LXVVT+253H333I118W112084N-003D212+001-004G009X03
B1235014408470N00311451EA0143601599
LXVVT+253H332I113W111085N-004D211-001-004G009X01
B1235024408464N00311442EA0143401596
LXVVT+254H331I111W109087N-010D211-002+000G010X02
B1235034408458N00311432EA0143101593
LXVVT+255H329I117W107090N-012D216-004+004G010X01
B1235044408452N00311422EA0142801590
LXVVT+255H329I123W106092N-014D216+000+005G010X02
B1235054408447N00311412EA0142501587
LXVVT+255H328I127W106092N-011D212+003-001G011X01
B1235064408441N00311402EA0142401585
LXVVT+255H327I122W106092N-010D212+002-005G010X02
B1235074408435N00311393EA0142201583
LXVVT+255H328I122W106092N-010D210+000-003G010X00
B1235084408429N00311384EA0141901580
LXVVT+256H327I125W105091N-006D208-001+001G011X01
B1235094408422N00311374EA0141701578
LXVVT+256H326I129W105091N-001D211-001+003G011X01
B1235104408416N00311364EA0141601577
LXVVT+256H326I133W106092N+000D208+002+000G011X01
B1235114408410N00311355EA0141501576
LXVVT+256H325I132W107091N+001D208+003-001G011X01
B1235124408405N00311346EA0141501576
LXVVT+256H326I127W107092N+001D206+003-002G010X01
B1235134408400N00311337EA0141501576
LXVVT+256H325I120W108092N+001D208+004+002G010X01
B1235144408395N00311329EA0141401575
LXVVT+257H325I105W108091N-006D208-001+004G008X01
B1235154408390N00311320EA0141101572
LXVVT+257H325I108W108090N-011D203-005+001G009X02
B1235164408385N00311311EA0140801568
LXVVT+257H324I121W108091N-005D206-008-002G010X00
B1235174408379N00311301EA0140401564
LXVVT+257H324I133W109090N-004D211-005-003G011X00
B1235184408373N00311291EA0140201562
LXVVT+258H324I137W109090N-010D211+000+000G011X03
B1235194408367N00311280EA0140001560
LXVVT+258H323I130W109091N-017D215+006+004G011X01
B1235204408362N00311269EA0139901559
LXVVT+258H323I120W108091N-018D215+007+006G010X01
B1235214408357N00311259EA0139801558
LXVVT+258H323I115W108091N-011D214+002+002G009X01
B1235224408353N00311248EA0139601556
LXVVT+258H323I112W108091N-005D215-003-003G009X01
B1235234408348N00311238EA0139301552
LXVVT+258H323I118W108091N-007D213-006-006G010X01
B1235244408343N00311227EA0139001549
LXVVT+258H323I127W108091N-007D214-004-004G011X01
B1235254408338N00311216EA0138701546
LXVVT+258H323I129W108090N-012D218+000+003G011X01
B1235264408332N00311205EA0138501544
LXVVT+258H322I132W109090N-016D214+003+004G011X02
B1235274408327N00311194EA0138301542
LXVVT+258H323I129W109090N-011D217+003+001G010X01
B1235284408323N00311183EA0138201540
LXVVT+258H322I124W110089N-010D217+002-002G010X01
B1235294408318N00311173EA0138001537
LXVVT+259H322I117W110088N-013D218+000-001G009X01
B1235304408313N00311162EA0137701534
LXVVT+260H321I117W110088N-011D217-002+000G009X01
B1235314408308N00311152EA0137401531
LXVVT+260H321I121W110088N-011D214-003+000G011X01
B1235324408303N00311141EA0137101528
LXVVT+260H321I121W109089N-015D217-002+002G010X01
B1235334408298N00311130EA0136801526
LXVVT+260H320I126W109089N-014D215+000+000G011X01
B1235344408293N00311118EA0136601524
LXVVT+261H319I126W108089N-010D217+003-001G010X01
B1235354408288N00311108EA0136501522
LXVVT+261H319I120W108089N-010D216+004-001G010X01
B1235364408283N00311097EA0136301520
LXVVT+261H320I113W108088N-016D213+001-001G009X01
B1235374408279N00311087EA0136101517
LXVVT+261H320I109W107087N-014D209-003+001G009X01
B1235384408274N00311077EA0135701513
LXVVT+261H320I121W107088N-008D205-008-001G010X01
B1235394408269N00311066EA0135301509
LXVVT+261H320I135W110091N-004D212-005-002G011X02
B1235404408264N00311055EA0134901505
LXVVT+261H320I127W110090N-019D212+001+001G010X02
B1235414408259N00311045EA0134701503
LXVVT+261H320I134W110091N-025D205+006-003G012X02
B1235424408253N00311034EA0134601502
LXVVT+261H320I128W111091N-015D207+005-004G010X02
B1235434408248N00311025EA0134501500
LXVVT+262H319I121W111090N-010D208+003-001G009X01
B1235444408244N00311015EA0134301498
LXVVT+262H319I108W110089N-016D210+001+006G010X01
B1235454408239N00311006EA0134001495
LXVVT+262H318I113W110090N-011D204-003+001G009X01
B1235464408235N00310996EA0133701492
LXVVT+263H318I119W111090N-005D209-006-004G010X01
B1235474408230N00310986EA0133401488
LXVVT+263H317I121W111090N-010D212-004-004G010X02
B1235484408224N00310975EA0133101485
LXVVT+263H317I128W110092N-017D209-004-001G010X00
B1235494408218N00310964EA0132801482
LXVVT+264H316I134W109092N-015D209-001+002G011X01
B1235504408213N00310952EA0132601480
LXVVT+264H316I131W108092N-013D209+003+002G011X01
B1235514408207N00310941EA0132501478
LXVVT+264H316I127W106091N-012D206+005-001G011X01
B1235524408202N00310930EA0132401477
LXVVT+264H316I129W107092N-003D206+004-002G010X04
B1235534408197N00310920EA0132301477
LXVVT+264H315I125W108093N+000D206+002-002G009X02
B1235544408193N00310910EA0132101475
LXVVT+265H315I118W109093N-006D208+001+001G009X02
B1235554408188N00310901EA0131901472
LXVVT+265H315I117W110093N-010D204-003+001G009X01
B1235564408184N00310891EA0131601468
LXVVT+265H315I118W111094N-012D203-006+000G010X01
B1235574408179N00310881EA0131101464
LXVVT+265H315I124W111094N-015D208-007+001G010X01
B1235584408174N00310870EA0130701459
LXVVT+266H315I134W111093N-018D205-003-001G011X02
B1235594408168N00310859EA0130401456
LXVVT+265H314I137W111093N-018D210+004-001G012X01
B1236004408163N00310848EA0130301455
LXVVT+266H314I135W112091N-015D213+007+005G009X02
B1236014408159N00310837EA0130101453
LXVVT+266H313I124W113089N-022D212+009+004G010X02
B1236024408155N00310827EA0129901450
LXVVT+266H313I108W114088N-025D211+005+001G009X02
B1236034408152N00310817EA0129601447
LXVVT+267H313I098W114088N-020D211-004-003G010X03
B1236044408149N00310807EA0129101442
LXVVT+267H313I100W114088N-022D215-008-003G010X03
B1236054408145N00310797EA0128601437
LXVVT+268H312I117W114089N-022D209-005-004G011X02
B1236064408140N00310787EA0128201433
LXVVT+268H312I133W115091N-017D198+000-012G011X04
B1236074408135N00310779EA0128001430
LXVVT+268H312I131W115090N-017D198+003-010G011X03
B1236084408129N00310771EA0127801428
LXVVT+269H312I119W114084N-023D198+007+004G010X03
B1236094408124N00310763EA0127701427
LXVVT+269H311I110W112079N-022D192+005+008G009X01
B1236104408120N00310755EA0127501424
LXVVT+269H310I107W112079N-017D194+000+002G009X02
B1236114408116N00310747EA0127201420
LXVVT+270H310I108W113079N-011D194-007-006G009X01
B1236124408111N00310740EA0126801416
LXVVT+270H310I115W113079N-010D192-010-008G010X01
B1236134408105N00310732EA0126201411
LXVVT+270H309I126W112078N-019D190-006-005G011X01
B1236144408098N00310724EA0125801406
LXVVT+270H309I137W110076N-023D188-001+002G012X01
B1236154408092N00310716EA0125501403
LXVVT+271H309I133W109077N-021D201+003+009G012X01
B1236164408086N00310706EA0125301401
LXVVT+271H308I128W107079N-021D200+005+008G012X01
B1236174408080N00310696EA0125301400
LXVVT+271H308I133W107079N-007D192+001-006G010X02
B1236184408074N00310688EA0125301400
LXVVT+272H308I129W108078N+003D200+006-015G011X01
B1236194408068N00310681EA0125301400
LXVVT+272H308I108W105072N-008D195+007-006G010X01
B1236204408062N00310675EA0125201400
LXVVT+272H307I098W100063N-015D189+004+007G009X02
B1236214408056N00310668EA0125101399
LXVVT+272H307I106W098062N-005D187-002+008G010X01
B1236224408050N00310662EA0124901397
LXVVT+273H307I113W099062N+006D192-008+002G009X01
B1236234408045N00310654EA0124701394
LXVVT+273H306I114W099061N+000D196-005-001G010X02
B1236244408039N00310647EA0124501392
LXVVT+273H305I114W097062N-008D199+000-001G011X01
B1236254408032N00310639EA0124301390
LXVVT+274H305I127W097063N-007D194+001+000G011X05
B1236264408025N00310631EA0124301390
LXVVT+274H305I128W097063N+001D199+004+004G011X01
B1236274408019N00310623EA0124401391
LXVVT+274H305I131W098062N+014D197+004+003G011X02
B1236284408013N00310615EA0124501392
LXVVT+274H304I125W101061N+017D200+003+000G010X01
B1236294408008N00310608EA0124601393
LXVVT+275H304I116W104059N+014D203+003+002G009X03
B1236304408004N00310600EA0124601393
LXVVT+275H304I102W104058N+004D202+002+007G010X02
B1236314407999N00310592EA0124701393
LXVVT+274H304I113W107059N+011D198-004+000G010X01
B1236324407995N00310584EA0124601392
LXVVT+275H304I114W110057N+018D207-006-002G009X02
B1236334407990N00310575EA0124501393
LXVVT+275H304I119W111056N+012D210+001-001G012X01
B1236344407985N00310567EA0124601394
LXVVT+276H304I117W111056N+001D204+006+003G010X01
B1236354407981N00310559EA0124801396
LXVVT+275H303I115W113058N+005D194+008-002G010X01
B1236364407977N00310553EA0124901397
LXVVT+276H303I101W115062N+007D197+003-006G008X01
B1236374407973N00310546EA0124901396
LXVVT+276H303I084W114060N+005D196-004-002G009X06
B1236384407969N00310540EA0124701395
LXVVT+276H302I092W112060N+000D193-010+006G009X02
B1236394407965N00310532EA0124501392
LXVVT+276H302I118W114062N+009D185-008+004G011X03
B1236404407960N00310524EA0124401391
LXVVT+276H302I126W116066N+010D191-002-005G011X01
B1236414407955N00310516EA0124301390
LXVVT+276H302I122W117067N-002D191+004-007G011X01
B1236424407950N00310509EA0124301390
LXVVT+276H301I116W117067N-004D191+004-002G010X01
B1236434407946N00310501EA0124201389
LXVVT+276H301I114W117067N+005D195+001+005G010X02
B1236444407941N00310494EA0124201389
LXVVT+276H301I114W118068N+010D196-003+010G010X02
B1236454407937N00310485EA0124201389
LXVVT+276H301I120W120068N+015D197+000+004G011X02
B1236464407934N00310476EA0124301389
LXVVT+276H301I114W121068N+010D198+002-004G010X01
B1236474407930N00310467EA0124201389
LXVVT+276H301I106W121069N+002D201+002-004G009X01
B1236484407926N00310459EA0124201390
LXVVT+277H301I110W121069N+011D196-002-003G010X02
B1236494407922N00310451EA0124201390
LXVVT+277H301I107W121070N+015D197-001-001G011X01
B1236504407918N00310444EA0124301391
LXVVT+278H301I099W120071N+010D195+003+002G010X02
B1236514407915N00310437EA0124501392
LXVVT+277H301I110W120071N+014D178+000-008G011X02
B1236524407910N00310431EA0124601393
LXVVT+278H301I117W121073N+028D188-001-012G011X03
B1236534407906N00310427EA0124701394
LXVVT+278H300I104W121071N+024D185+002+001G010X01
B1236544407902N00310422EA0124901395
LXVVT+278H300I099W121069N+008D177+005+008G009X04
B1236554407899N00310418EA0124901396
LXVVT+278H301I098W121069N+008D175-001+004G009X02
B1236564407895N00310413EA0124901395
LXVVT+278H300I105W123071N+020D182-009-005G010X02
B1236574407891N00310408EA0124801394
LXVVT+277H301I116W124072N+024D183-010-008G011X00
B1236584407886N00310403EA0124701393
LXVVT+277H300I120W123072N+007D188-002+001G010X01
B1236594407881N00310398EA0124701393
LXVVT+277H299I119W123070N-004D184+005+012G011X02
B1237004407876N00310392EA0124701394
LXVVT+277H299I131W125069N+014D191+004+012G010X00
B1237014407872N00310384EA0124801395
LXVVT+277H300I130W130064N+021D198+005+009G012X01
B1237024407869N00310375EA0124901395
LXVVT+277H299I120W134060N+019D207+005-001G010X01
B1237034407866N00310367EA0124901395
LXVVT+277H299I103W133061N+002D209+003-009G009X04
B1237044407863N00310360EA0124701394
LXVVT+277H299I102W132061N-001D206-004-013G009X02
B1237054407859N00310354EA0124501391
LXVVT+277H300I109W133061N+005D201-007-009G010X00
B1237064407855N00310348EA0124201388
LXVVT+277H299I117W133062N-002D200-004-001G012X01
B1237074407850N00310342EA0124101387
LXVVT+278H299I113W132061N-008D207+001+008G011X02
B1237084407846N00310336EA0124001386
LXVVT+278H299I114W130061N-006D205+004+009G011X03
B1237094407842N00310328EA0124001386
LXVVT+278H300I110W129060N+003D206+001+001G010X01
B1237104407838N00310321EA0123901386
LXVVT+278H300I108W127061N+007D217+000-003G010X03
B1237114407833N00310314EA0123901386
LXVVT+278H299I115W127061N+008D210+000-003G011X02
B1237124407829N00310307EA0123901386
LXVVT+278H299I107W126061N+006D214-001+003G009X03
B1237134407825N00310300EA0123901386
LXVVT+278H299I111W124060N+005D208+004-002G010X02
B1237144407821N00310294EA0124001386
LXVVT+279H299I104W126058N+008D217+005+003G009X02
B1237154407817N00310288EA0124001386
LXVVT+279H299I095W127057N+007D217+001+003G010X01
B1237164407814N00310281EA0123901385
LXVVT+279H298I093W127056N+004D220-006+006G008X01
B1237174407811N00310273EA0123801383
LXVVT+279H298I109W128056N+006D215-007+003G010X01
B1237184407808N00310264EA0123501381
LXVVT+279H298I113W128056N+002D220-006+002G010X01
B1237194407803N00310255EA0123401379
LXVVT+278H298I119W126055N-001D211-001-006G011X04
B1237204407799N00310246EA0123401378
LXVVT+279H298I114W124054N-004D215+005-011G010X01
B1237214407795N00310238EA0123301378
LXVVT+279H298I113W123054N-006D210+006-008G010X02
B1237224407791N00310232EA0123201377
LXVVT+279H298I107W123054N-005D211+001+002G009X04
B1237234407787N00310225EA0123101376
LXVVT+279H298I109W123054N+001D211-004+009G010X01
B1237244407783N00310216EA0122901374
LXVVT+279H298I117W123054N+004D219-005+010G011X03
B1237254407779N00310206EA0122701372
LXVVT+279H298I130W125052N+008D221-004+005G010X04
B1237264407776N00310195EA0122601371
LXVVT+278H299I125W125053N+008D226+001+001G011X00
B1237274407772N00310184EA0122701371
LXVVT+278H299I117W122056N+020D227+003-004G009X02
B1237284407768N00310174EA0122701372
LXVVT+278H299I127W123057N+021D222+002-006G011X02
B1237294407765N00310165EA0122901373
LXVVT+279H299I125W124056N+027D221+004-003G011X01
B1237304407761N00310155EA0123101376
LXVVT+279H299I112W124056N+021D216+004-004G009X04
B1237314407758N00310148EA0123301377
LXVVT+278H299I106W124056N+009D200+005-015G010X03
B1237324407755N00310142EA0123301377
LXVVT+279H299I089W126059N+000D207+002-009G009X04
B1237334407752N00310137EA0123101376
LXVVT+279H298I075W124055N-009D200-001+005G009X04
B1237344407749N00310131EA0122901373
LXVVT+279H298I085W124055N-015D207-006+017G009X06
B1237354407747N00310123EA0122501369
LXVVT+279H298I101W126055N-009D215-011+011G010X03
B1237364407744N00310113EA0122101365
LXVVT+279H299I121W128053N-002D226-009-002G012X01
B1237374407740N00310103EA0121801363
LXVVT+279H298I122W126054N-007D226+002-001G012X01
B1237384407736N00310093EA0121901364
LXVVT+280H298I127W124055N-004D222+011+000G012X05
B1237394407732N00310083EA0122101366
LXVVT+280H298I108W123056N+005D222+012+000G010X02
B1237404407729N00310074EA0122301368
LXVVT+280H298I089W120058N+010D218+003-001G009X01
B1237414407726N00310065EA0122401369
LXVVT+280H297I089W116059N+018D215-006-002G009X01
B1237424407723N00310056EA0122401368
LXVVT+280H297I103W115060N+029D218-010-005G010X02
B1237434407718N00310047EA0122301368
LXVVT+280H297I117W114059N+021D208-008-008G011X02
B1237444407713N00310038EA0122401368
LXVVT+280H297I116W113058N+017D218+002-004G014X00
B1237454407707N00310029EA0122501370
LXVVT+280H296I108W108056N+016D213+008+007G012X02
B1237464407702N00310020EA0122801374
LXVVT+280H296I122W108055N+021D213+007+007G008X06
B1237474407698N00310011EA0123101376
LXVVT+280H296I100W108055N+027D216+005+000G009X06
B1237484407695N00310003EA0123401378
LXVVT+280H296I077W106055N+025D219+000-002G016X00
B1237494407691N00309995EA0123701382
LXVVT+280H296I077W102057N+037D216-001+006G010X06
B1237504407688N00309985EA0124001386
LXVVT+279H296I093W102058N+039D216+001+010G009X04
B1237514407686N00309976EA0124401390
LXVVT+280H296I080W102059N+043D230+006-005G012X00
B1237524407684N00309968EA0124901394
LXVVT+279H296I068W102057N+046D225-008-016G008X01
B1237534407683N00309961EA0125201397
LXVVT+280H297I060W103056N+040D225-005-003G011X05
B1237544407682N00309954EA0125501401
LXVVT+280H296I067W104056N+032D220-002+010G010X01
B1237554407680N00309945EA0125601403
LXVVT+280H297I069W104053N+025D232-008+009G010X03
B1237564407679N00309935EA0125701404
LXVVT+279H296I088W103052N+032D246-011-004G011X03
B1237574407677N00309925EA0125901407
LXVVT+280H295I096W104050N+037D238+000-010G013X02
B1237584407675N00309917EA0126301411
LXVVT+279H295I089W105050N+038D221+004-019G011X01
B1237594407672N00309910EA0126701415
LXVVT+280H294I080W112054N+033D217+005-014G010X05
B1238004407670N00309905EA0127101419
LXVVT+280H294I078W116058N+040D191-002-003G010X02
B1238014407667N00309901EA0127501423
LXVVT+280H293I087W120064N+051D203-006+004G010X03
B1238024407665N00309895EA0127801427
LXVVT+280H293I083W121066N+047D223-006+016G009X02
B1238034407663N00309886EA0128001428
LXVVT+280H293I084W122065N+027D239-007+032G010X04
B1238044407664N00309875EA0128101428
LXVVT+280H293I107W123061N+022D271-008+032G013X01
B1238054407669N00309862EA0128101428
LXVVT+279H292I129W123058N+029D301-004+034G015X00
B1238064407677N00309853EA0128301430
LXVVT+278H293I138W122056N+035D341+001+044G014X02
B1238074407687N00309849EA0128501432
LXVVT+279H293I132W126057N+027D019-001+048G012X02
B1238084407695N00309851EA0128601434
LXVVT+278H293I122W130056N+010D047+000+048G014X03
B1238094407700N00309857EA0128701436
LXVVT+277H294I128W128058N+003D085+000+040G013X02
B1238104407700N00309862EA0128901438
LXVVT+277H295I132W127063N+030D118-003+036G013X02
B1238114407698N00309864EA0129201441
LXVVT+278H295I122W128068N+034D143+001+032G013X04
B1238124407693N00309861EA0129601444
LXVVT+276H296I114W128068N+026D167+006+024G011X02
B1238134407690N00309855EA0129901448
LXVVT+276H297I102W126068N+030D202+008+015G011X03
B1238144407687N00309846EA0130301452
LXVVT+276H297I095W125068N+040D211+005+009G010X05
B1238154407686N00309837EA0130601455
LXVVT+276H297I084W125068N+036D238+005+010G009X02
B1238164407686N00309828EA0130801457
LXVVT+276H297I080W125068N+034D247+000+012G010X01
B1238174407687N00309817EA0131001459
LXVVT+276H297I084W126067N+034D273-004+014G010X03
B1238184407690N00309806EA0131101461
LXVVT+276H297I095W126066N+036D290-004+020G012X04
B1238194407696N00309796EA0131301463
LXVVT+275H297I112W125063N+038D326-005+033G012X03
B1238204407704N00309790EA0131401464
LXVVT+275H298I116W124062N+033D355-006+048G013X02
B1238214407712N00309790EA0131401465
LXVVT+275H297I126W125062N+021D035-005+051G016X00
B1238224407717N00309796EA0131401465
LXVVT+275H298I142W125062N+021D089-006+052G017X00
B1238234407717N00309802EA0131501467
LXVVT+273H299I139W125062N+021D125+001+053G015X00
B1238244407712N00309802EA0131601469
LXVVT+273H300I133W126064N+004D168+002+045G013X03
B1238254407708N00309796EA0131901471
LXVVT+272H301I127W127065N+003D197+005+026G013X01
B1238264407705N00309787EA0132201474
LXVVT+272H301I113W129065N+033D224+008+013G012X03
B1238274407704N00309777EA0132701478
LXVVT+272H302I091W128065N+039D241+010+008G010X03
B1238284407705N00309768EA0133101482
LXVVT+272H302I083W129064N+037D254+005+003G009X06
B1238294407707N00309759EA0133301485
LXVVT+272H302I082W131062N+039D260-001+000G010X01
B1238304407709N00309750EA0133601488
LXVVT+272H302I082W131060N+040D278-004+000G009X01
B1238314407711N00309740EA0133701489
LXVVT+272H303I085W131060N+031D283-003+009G011X05
B1238324407715N00309730EA0133801491
LXVVT+271H302I100W131058N+029D306-005+017G010X01
B1238334407722N00309721EA0133901491
LXVVT+271H302I105W132059N+031D314-005+025G012X02
B1238344407730N00309714EA0133901492
LXVVT+270H304I117W134061N+021D341+001+024G013X00
B1238354407740N00309710EA0134101493
LXVVT+270H303I125W135062N+034D017+003+029G013X05
B1238364407748N00309711EA0134301496
LXVVT+269H305I118W135062N+038D037+003+037G013X02
B1238374407754N00309716EA0134501499
LXVVT+269H305I113W136061N+028D068-002+034G012X02
B1238384407757N00309722EA0134801502
LXVVT+269H305I117W136061N+032D094-001+029G012X03
B1238394407757N00309726EA0135101505
LXVVT+269H305I107W136061N+035D120+005+031G013X01
B1238404407755N00309727EA0135401508
LXVVT+269H306I097W136060N+024D155+001+036G009X02
B1238414407752N00309724EA0135501509
LXVVT+268H307I100W135060N+014D173-001+031G012X03
B1238424407748N00309718EA0135501509
LXVVT+268H307I107W133060N+023D216-002+016G012X03
B1238434407745N00309708EA0135701511
LXVVT+268H307I116W132060N+038D222+002+013G013X02
B1238444407744N00309697EA0136101515
LXVVT+267H308I124W135058N+043D248+009+025G013X05
B1238454407746N00309686EA0136501520
LXVVT+267H308I111W136056N+036D275+006+036G009X04
B1238464407752N00309675EA0136701522
LXVVT+266H308I107W136058N+026D299-002+032G010X02
B1238474407759N00309666EA0136801523
LXVVT+266H309I108W136059N+031D336+000+017G014X01
B1238484407766N00309660EA0137101526
LXVVT+266H309I102W137060N+040D348+002+010G011X02
B1238494407774N00309655EA0137401529
LXVVT+266H310I091W138061N+032D007+004+016G010X01
B1238504407782N00309653EA0137701532
LXVVT+266H310I088W138061N+034D020-003+020G011X01
B1238514407788N00309654EA0137901534
LXVVT+265H310I100W137062N+041D034-007+023G011X01
B1238524407794N00309659EA0138101537
LXVVT+265H310I112W136062N+047D068-003+026G012X01
B1238534407797N00309665EA0138401540
LXVVT+264H311I116W136062N+040D093+003+030G013X01
B1238544407796N00309669EA0138701544
LXVVT+264H312I119W136064N+036D133+002+037G011X02
B1238554407793N00309670EA0139001547
LXVVT+264H313I112W136065N+023D152+005+037G011X02
B1238564407790N00309667EA0139201549
LXVVT+263H313I100W135064N+015D185+003+026G011X01
B1238574407787N00309660EA0139401551
LXVVT+264H313I090W132064N+024D209+001+013G012X01
B1238584407785N00309652EA0139601553
LXVVT+263H314I091W130064N+033D219+000+007G010X02
B1238594407784N00309643EA0139801555
LXVVT+263H314I096W130064N+034D236+000+013G010X01
B1239004407784N00309632EA0140001557
LXVVT+263H314I091W130064N+031D247-002+015G011X02
B1239014407785N00309621EA0140201559
LXVVT+263H314I097W129065N+033D275-004+017G011X01
B1239024407788N00309609EA0140301561
LXVVT+262H315I108W129065N+041D294-002+018G013X01
B1239034407794N00309598EA0140601564
LXVVT+262H314I109W129065N+042D318+003+024G013X03
B1239044407802N00309591EA0141001568
LXVVT+262H314I103W130065N+035D337+005+035G011X02
B1239054407810N00309588EA0141301571
LXVVT+262H315I103W131066N+028D018-001+038G012X01
B1239064407818N00309589EA0141401573
LXVVT+261H315I112W132066N+030D045-006+033G012X01
B1239074407822N00309595EA0141601575
LXVVT+261H316I127W131067N+045D090-003+033G013X04
B1239084407823N00309599EA0141901578
LXVVT+260H316I115W131069N+031D109+002+038G011X04
B1239094407822N00309602EA0142101581
LXVVT+260H317I107W131068N+016D149+003+035G012X01
B1239104407818N00309599EA0142301583
LXVVT+259H318I106W131069N+022D175+000+029G012X01
B1239114407815N00309593EA0142501584
LXVVT+259H319I105W131069N+031D207-002+027G012X02
B1239124407813N00309583EA0142701586
LXVVT+258H319I119W133068N+033D234+000+021G013X04
B1239134407814N00309571EA0143001590
LXVVT+258H320I114W135066N+041D264+003+026G012X02
B1239144407817N00309560EA0143301593
LXVVT+259H319I099W135066N+036D287+003+031G011X03
B1239154407824N00309551EA0143601595
LXVVT+258H320I100W135067N+025D314+002+030G011X01
B1239164407832N00309544EA0143701597
LXVVT+258H320I107W136068N+032D344+000+023G012X01
B1239174407841N00309540EA0143901599
LXVVT+258H320I101W137069N+035D006+001+020G012X02
B1239184407850N00309540EA0144201602
LXVVT+257H321I102W139070N+032D035+001+024G011X03
B1239194407857N00309542EA0144401604
LXVVT+257H321I104W139070N+032D058-001+032G012X01
B1239204407861N00309547EA0144501606
LXVVT+257H321I116W138072N+032D088-004+034G012X01
B1239214407861N00309551EA0144701608
LXVVT+257H322I117W137073N+035D122-003+035G013X01
B1239224407859N00309553EA0144901610
LXVVT+255H322I110W137071N+027D150+003+035G013X02
B1239234407855N00309550EA0145101612
LXVVT+255H323I111W135070N+017D185+007+030G012X03
B1239244407852N00309543EA0145301615
LXVVT+254H324I106W135070N+028D212+004+023G011X02
B1239254407851N00309534EA0145601618
LXVVT+254H325I102W136069N+038D234+004+014G012X01
B1239264407851N00309524EA0146001622
LXVVT+254H325I094W137068N+040D256+004+012G011X01
B1239274407853N00309514EA0146301625
LXVVT+254H325I089W139066N+037D267+002+013G009X01
B1239284407857N00309505EA0146501627
LXVVT+254H326I081W139066N+033D291+000+015G010X04
B1239294407862N00309496EA0146701629
LXVVT+254H326I095W139063N+038D321-002+017G012X04
B1239304407870N00309489EA0146801630
LXVVT+254H326I101W138062N+036D340-004+025G011X04
B1239314407878N00309486EA0146901632
LXVVT+254H326I115W134059N+029D013-001+031G011X01
B1239324407885N00309487EA0146901632
LXVVT+253H326I109W134058N+010D040-002+033G012X00
B1239334407891N00309490EA0146901633
LXVVT+254H326I105W134058N+009D068-003+032G012X01
B1239344407894N00309495EA0147001634
LXVVT+252H327I108W134059N+018D084-002+028G013X02
B1239354407894N00309500EA0147201636
LXVVT+252H328I105W134059N+022D118+001+026G012X01
B1239364407892N00309502EA0147401638
LXVVT+251H329I101W133058N+020D131+005+017G011X03
B1239374407889N00309503EA0147701640
LXVVT+250H330I099W134058N+026D152+004+007G010X04
B1239384407887N00309502EA0147901643
LXVVT+251H330I095W135060N+038D168-001-002G010X02
B1239394407885N00309501EA0148201646
LXVVT+251H330I087W135060N+039D174+004+001G010X02
B1239404407883N00309498EA0148501648
LXVVT+250H331I082W136061N+031D174-002+008G009X02
B1239414407881N00309495EA0148601650
LXVVT+251H331I091W138062N+035D203-006+012G010X02
B1239424407879N00309489EA0148801652
LXVVT+251H331I096W140061N+041D216-005+016G011X01
B1239434407879N00309480EA0148901654
LXVVT+250H331I099W141061N+029D242-002+023G010X00
B1239444407880N00309470EA0149001655
LXVVT+250H331I109W142060N+025D277-002+030G013X03
B1239454407885N00309460EA0149101656
LXVVT+250H332I114W143058N+025D313-001+034G013X02
B1239464407893N00309455EA0149201658
LXVVT+251H331I114W141055N+022D345-002+040G012X01
B1239474407901N00309455EA0149301659
LXVVT+250H332I113W142055N+016D023-003+039G012X01
B1239484407907N00309460EA0149401660
LXVVT+249H332I119W146054N+012D060-002+034G013X04
B1239494407910N00309467EA0149501661
LXVVT+249H333I133W146054N+013D099+004+032G015X02
B1239504407909N00309473EA0149801665
LXVVT+248H333I121W145055N+035D125+006+030G012X01
B1239514407907N00309475EA0150201668
LXVVT+247H334I102W145052N+028D155+009+022G011X02
B1239524407904N00309474EA0150601672
LXVVT+247H335I091W143050N+034D180+004+016G011X01
B1239534407901N00309471EA0150901676
LXVVT+248H335I088W142049N+045D203-001+012G010X01
B1239544407900N00309466EA0151201679
LXVVT+247H335I087W142049N+042D215-002+013G010X02
B1239554407899N00309459EA0151401681
LXVVT+247H336I085W142049N+035D245-003+015G011X02
B1239564407899N00309450EA0151601683
LXVVT+248H336I088W141050N+036D263-006+018G010X02
B1239574407902N00309441EA0151701684
LXVVT+248H335I104W141049N+035D292-004+026G011X01
B1239584407908N00309432EA0151701684
LXVVT+248H335I107W142049N+021D321-004+038G012X02
B1239594407917N00309428EA0151701685
LXVVT+246H336I122W142049N+017D354-003+038G014X03
B1240004407926N00309430EA0151801686
LXVVT+246H336I130W142049N+017D033-001+036G015X03
B1240014407932N00309436EA0152001689
LXVVT+246H337I122W147049N+020D063+001+043G013X03
B1240024407934N00309444EA0152201691
LXVVT+244H338I116W150046N+010D096+004+038G014X01
B1240034407932N00309450EA0152501694
LXVVT+245H338I115W152044N+029D131+003+025G013X03
B1240044407929N00309452EA0153001699
LXVVT+244H339I106W151043N+048D152+006+014G012X04
B1240054407926N00309451EA0153601704
LXVVT+244H340I089W150041N+049D180+008+011G010X02
B1240064407923N00309449EA0154001708
LXVVT+244H340I074W148040N+047D201+003+010G009X02
B1240074407922N00309444EA0154301711
LXVVT+244H340I073W145040N+046D214-005+010G009X01
B1240084407920N00309437EA0154501713
LXVVT+245H340I085W142040N+046D234-007+008G010X01
B1240094407919N00309427EA0154701715
LXVVT+244H340I097W140041N+043D251-002+014G011X01
B1240104407920N00309417EA0154801717
LXVVT+244H340I101W137044N+035D274+002+024G011X01
B1240114407924N00309405EA0155001718
LXVVT+243H341I100W136050N+028D298+002+028G012X02
B1240124407931N00309396EA0155201721
LXVVT+243H341I109W136055N+035D330+002+028G014X05
B1240134407939N00309390EA0155501724
LXVVT+243H342I106W138057N+036D348+003+033G012X02
B1240144407947N00309388EA0155701727
LXVVT+242H342I106W139058N+028D021+001+038G011X01
B1240154407954N00309392EA0155901729
LXVVT+242H342I108W141058N+028D056-004+037G011X02
B1240164407959N00309398EA0155901730
LXVVT+241H344I116W143057N+028D076-004+027G014X00
B1240174407960N00309406EA0156201733
LXVVT+241H344I119W144055N+036D114+003+027G013X01
B1240184407958N00309411EA0156601736
LXVVT+241H344I106W144051N+033D137+003+035G010X02
B1240194407955N00309413EA0156901739
LXVVT+240H344I107W143049N+025D166+003+032G012X03
B1240204407950N00309410EA0157101741
LXVVT+240H345I103W141047N+033D193+000+024G011X02
B1240214407947N00309404EA0157401744
LXVVT+240H345I099W138047N+041D213+002+019G011X01
B1240224407945N00309395EA0157701747
LXVVT+239H345I092W136047N+037D237+005+021G011X02
B1240234407945N00309385EA0158001750
LXVVT+239H346I089W134048N+029D253+002+020G010X01
B1240244407947N00309374EA0158201751
LXVVT+239H347I090W133050N+034D295-002+018G011X01
B1240254407952N00309364EA0158301753
LXVVT+239H347I098W133051N+040D310-003+020G011X01
B1240264407959N00309356EA0158401755
LXVVT+239H347I101W134052N+028D328-001+028G011X02
B1240274407967N00309352EA0158501756
LXVVT+238H348I113W134052N+027D359-004+033G011X01
B1240284407976N00309352EA0158601757
LXVVT+238H348I126W133052N+026D032-002+035G014X01
B1240294407982N00309357EA0158801759
LXVVT+237H349I127W131052N+031D066+003+040G014X01
B1240304407985N00309364EA0159101763
LXVVT+236H350I120W132052N+022D098+003+043G013X02
B1240314407983N00309369EA0159301765
LXVVT+235H351I125W132053N+022D132-001+039G012X03
B1240324407978N00309371EA0159501768
LXVVT+235H352I126W133055N+033D162+000+028G013X02
B1240334407974N00309368EA0159901771
LXVVT+235H353I110W133054N+037D189+003+019G011X02
B1240344407970N00309362EA0160301775
LXVVT+235H353I096W131054N+036D208+004+017G010X01
B1240354407968N00309355EA0160601778
LXVVT+235H353I085W130054N+032D230+003+020G010X03
B1240364407968N00309345EA0160801780
LXVVT+235H354I086W130054N+029D249-004+020G010X01
B1240374407969N00309335EA0160901780
LXVVT+235H354I093W130054N+034D270-007+018G011X02
B1240384407973N00309323EA0160901781
LXVVT+234H355I104W130054N+035D300-002+018G012X01
B1240394407979N00309314EA0161101782
LXVVT+235H354I103W130056N+030D324+002+031G012X01
B1240404407988N00309308EA0161101783
LXVVT+235H354I105W132058N+014D346+002+038G012X01
B1240414407996N00309307EA0161201785
LXVVT+235H354I118W133058N+016D025+000+033G014X02
B1240424408004N00309311EA0161401787
LXVVT+233H355I120W133058N+033D049+002+032G014X02
B1240434408007N00309317EA0161701791
LXVVT+232H356I116W134058N+034D082+005+032G012X02
B1240444408008N00309323EA0162001795
LXVVT+231H357I108W134057N+030D108+004+026G011X01
B1240454408006N00309327EA0162401798
LXVVT+232H358I095W134054N+037D135+005+019G012X01
B1240464408004N00309328EA0162801803
LXVVT+231H358I087W132051N+045D153+006+012G011X02
B1240474408000N00309327EA0163301807
LXVVT+232H358I083W132051N+046D170+002+010G009X03
B1240484407997N00309324EA0163601811
LXVVT+232H358I073W130050N+040D200-001+010G010X04
B1240494407994N00309320EA0163801813
LXVVT+232H359I078W129050N+037D200-007+011G009X02
B1240504407992N00309312EA0163901814
LXVVT+232H358I091W129050N+036D226-007+017G011X01
B1240514407990N00309302EA0164001815
LXVVT+232H359I100W129050N+033D247-004+026G012X02
B1240524407991N00309290EA0164101815
LXVVT+232H359I112W128051N+028D280-004+034G013X01
B1240534407996N00309278EA0164101815
LXVVT+233H359I117W128050N+019D312-005+043G012X02
B1240544408004N00309271EA0164001815
LXVVT+231H358I118W129051N+002D341-002+045G013X03
B1240554408013N00309270EA0163901815
LXVVT+230H359I125W129051N-001D015-001+038G014X02
B1240564408021N00309274EA0164101817
LXVVT+229H360I126W129051N-001D054+002+030G015X01
B1240574408025N00309281EA0164401821
LXVVT+229H361I116W131049N+028D078+006+027G012X02
B1240584408026N00309288EA0164801824
LXVVT+229H362I108W131049N+027D111+006+031G010X01
B1240594408023N00309291EA0165101827
LXVVT+229H362I099W131049N+032D139+000+028G011X01
B1241004408020N00309292EA0165301828
LXVVT+229H362I095W130048N+032D164-002+025G011X03
B1241014408015N00309289EA0165401829
LXVVT+228H363I099W130048N+034D190-002+020G012X01
B1241024408011N00309282EA0165601831
LXVVT+229H363I098W129048N+035D221-001+024G012X01
B1241034408009N00309272EA0165701832
LXVVT+229H363I104W128048N+032D253-004+035G012X02
B1241044408011N00309260EA0165701832
LXVVT+229H363I117W130046N+027D287-006+045G013X02
B1241054408018N00309250EA0165701832
LXVVT+228H364I130W130046N+027D327-004+041G016X00
B1241064408027N00309245EA0165801835
LXVVT+227H365I133W129046N+027D359+004+036G014X02
B1241074408036N00309245EA0166201839
LXVVT+225H367I120W131046N+020D029+007+036G012X02
B1241084408042N00309250EA0166501842
LXVVT+225H367I108W133045N+020D064+004+032G012X01
B1241094408045N00309256EA0166801846
LXVVT+225H368I101W134045N+028D087+002+027G012X01
B1241104408045N00309261EA0167101848
LXVVT+225H368I097W134046N+036D115-001+022G010X02
B1241114408043N00309265EA0167301850
LXVVT+225H369I102W134048N+034D140-001+021G011X02
B1241124408040N00309266EA0167401851
LXVVT+225H370I110W137051N+037D165-002+018G011X02
B1241134408036N00309264EA0167601852
LXVVT+225H370I110W140054N+035D179+000+021G011X02
B1241144408032N00309258EA0167701853
LXVVT+225H370I098W139054N+019D210+003+026G011X01
B1241154408030N00309250EA0167701854
LXVVT+225H371I091W136054N+013D233+001+024G011X01
B1241164408029N00309240EA0167801855
LXVVT+225H370I093W134056N+019D252-002+017G012X01
B1241174408031N00309228EA0168001857
LXVVT+225H370I101W134055N+034D272-002+019G011X04
B1241184408034N00309218EA0168201859
LXVVT+226H370I096W134054N+037D297+003+024G012X01
B1241194408040N00309209EA0168401862
LXVVT+226H370I092W134053N+025D316+002+027G010X01
B1241204408048N00309204EA0168601864
LXVVT+225H370I101W134053N+027D349-002+023G011X01
B1241214408056N00309202EA0168801867
LXVVT+224H371I110W133052N+048D015+001+019G013X03
B1241224408064N00309203EA0169201871
LXVVT+224H373I103W133052N+046D036+004+024G011X02
B1241234408069N00309207EA0169601875
LXVVT+223H372I097W133052N+034D066+002+029G010X01
B1241244408072N00309212EA0169701877
LXVVT+224H373I097W133052N+029D093-005+029G010X04
B1241254408072N00309217EA0169801877
LXVVT+224H372I116W132056N+036D129-008+033G012X03
B1241264408068N00309220EA0169801877
LXVVT+223H373I118W133058N+024D145-007+038G012X02
B1241274408063N00309218EA0169701876
LXVVT+222H374I124W134059N+007D182-001+036G013X03
B1241284408058N00309211EA0169701876
LXVVT+221H375I121W133059N+005D213+000+035G014X01
B1241294408056N00309200EA0169801877
LXVVT+221H377I120W131059N+011D243+002+034G014X02
B1241304408058N00309186EA0170101880
LXVVT+220H377I123W132058N+028D281+004+034G014X04
B1241314408063N00309175EA0170401884
LXVVT+219H378I117W132056N+031D302+008+028G013X02
B1241324408070N00309168EA0170801887
LXVVT+219H380I103W132055N+031D339+006+026G011X02
B1241334408078N00309165EA0171101891
LXVVT+218H381I098W132054N+034D358+002+018G011X03
B1241344408085N00309164EA0171401894
LXVVT+219H381I095W132054N+041D026+003+011G011X01
B1241354408092N00309165EA0171801898
LXVVT+219H382I093W130055N+046D038+002+009G011X01
B1241364408097N00309168EA0172101901
LXVVT+219H381I093W128055N+043D056-001+012G009X02
B1241374408101N00309171EA0172201903
LXVVT+219H381I100W127056N+034D073-003+014G010X01
B1241384408104N00309176EA0172401905
LXVVT+218H382I102W126059N+034D102+002+024G011X03
B1241394408103N00309179EA0172501906
LXVVT+218H383I099W126060N+027D121-004+026G010X01
B1241404408101N00309181EA0172501906
LXVVT+218H382I107W127063N+015D154-002+030G011X01
B1241414408097N00309180EA0172401905
LXVVT+218H382I107W128064N+006D172-002+033G011X02
B1241424408093N00309174EA0172301904
LXVVT+218H382I107W128064N+001D204-003+035G013X01
B1241434408091N00309163EA0172301904
LXVVT+216H383I117W129064N-001D228+000+032G015X00
B1241444408090N00309151EA0172401903
LXVVT+218H382I125W131062N+015D265+001+028G014X03
B1241454408094N00309139EA0172701907
LXVVT+216H384I121W133058N+029D275+008+024G013X02
B1241464408101N00309131EA0173201914
LXVVT+217H384I100W133054N+031D316+010+023G010X03
B1241474408108N00309125EA0173601918
LXVVT+217H384I082W134055N+029D337+005+014G009X01
B1241484408115N00309121EA0173801920
LXVVT+217H383I078W134056N+033D359-001+005G010X01
B1241494408121N00309119EA0174101923
LXVVT+217H384I083W134056N+044D015-005+003G010X01
B1241504408128N00309119EA0174301925
LXVVT+218H383I092W132055N+042D034-004+011G009X01
B1241514408134N00309121EA0174401926
LXVVT+218H383I099W128057N+030D055-004+027G010X03
B1241524408137N00309126EA0174301926
LXVVT+217H383I111W127058N+019D087-005+032G012X01
B1241534408137N00309131EA0174301926
LXVVT+218H384I121W127061N+021D124-003+035G013X02
B1241544408134N00309134EA0174401926
LXVVT+217H385I118W126060N+014D150+001+038G013X02
B1241554408129N00309131EA0174401927
LXVVT+216H385I116W126059N+003D184+002+039G013X01
B1241564408125N00309124EA0174401928
LXVVT+215H387I116W125059N+008D212+000+029G013X01
B1241574408123N00309113EA0174601930
LXVVT+215H387I118W127058N+028D241+002+020G013X02
B1241584408123N00309101EA0175001934
LXVVT+215H387I107W127057N+034D261+004+015G011X02
B1241594408125N00309090EA0175301937
LXVVT+215H387I102W129055N+033D275+005+011G010X02
B1242004408128N00309080EA0175601940
LXVVT+214H388I080W129055N+033D278+001+000G009X04
B1242014408131N00309071EA0175901943
LXVVT+215H388I081W128056N+032D291-002-005G010X02
B1242024408135N00309061EA0176101945
LXVVT+215H388I082W129056N+036D291+001-002G011X01
B1242034408138N00309052EA0176301947
LXVVT+214H389I079W129056N+035D292-003+007G010X01
B1242044408143N00309043EA0176501949
LXVVT+215H388I086W128056N+033D319-004+013G010X04
B1242054408150N00309036EA0176601950
LXVVT+214H388I102W127054N+033D334-006+016G010X02
B1242064408158N00309031EA0176701951
LXVVT+215H387I115W125053N+040D004-004+022G012X01
B1242074408166N00309030EA0176901953
LXVVT+216H386I119W125053N+039D030+001+032G013X01
B1242084408173N00309034EA0177101955
LXVVT+216H385I116W127053N+027D062+001+041G013X01
B1242094408175N00309040EA0177201957
LXVVT+216H385I112W128050N+014D090-001+042G012X02
B1242104408174N00309046EA0177201958
LXVVT+214H385I118W128050N+018D127-001+038G014X03
B1242114408170N00309048EA0177401960
LXVVT+213H388I118W127050N+023D156-001+031G013X02
B1242124408165N00309045EA0177601963
LXVVT+213H387I120W128050N+033D187+001+027G013X02
B1242134408161N00309038EA0178101967
LXVVT+212H388I114W130050N+040D221+005+025G011X02
B1242144408159N00309028EA0178501971
LXVVT+213H389I101W131050N+037D243+004+029G010X01
B1242154408160N00309018EA0178801974
LXVVT+212H390I103W131049N+032D264+000+025G010X03
B1242164408164N00309007EA0179001976
LXVVT+212H391I113W132046N+045D301-004+016G012X03
B1242174408170N00308998EA0179301979
LXVVT+212H390I106W132046N+049D316+002+017G011X02
B1242184408177N00308991EA0179601983
LXVVT+211H391I097W133048N+031D330+005+014G010X03
B1242194408184N00308986EA0179901986
LXVVT+211H391I092W135049N+031D001+007+020G011X02
B1242204408191N00308985EA0180201989
LXVVT+211H391I092W134049N+033D009+004+021G010X02
B1242214408197N00308987EA0180301991
LXVVT+212H391I090W134049N+030D052-002+022G010X01
B1242224408202N00308991EA0180501992
LXVVT+211H391I095W135048N+033D064-005+017G012X02
B1242234408205N00308997EA0180601994
LXVVT+211H391I111W134049N+035D088-004+017G012X03
B1242244408205N00309003EA0180801996
LXVVT+211H391I109W134049N+034D115+001+026G013X01
B1242254408203N00309008EA0181001998
LXVVT+210H392I107W134048N+026D137+001+034G011X01
B1242264408199N00309009EA0181101999
LXVVT+210H392I110W134048N+022D165-002+032G012X01
B1242274408195N00309005EA0181302001
LXVVT+209H393I112W134048N+031D196-001+025G012X02
B1242284408191N00308999EA0181602004
LXVVT+208H396I106W133048N+031D210+003+018G012X01
B1242294408188N00308990EA0182002008
LXVVT+208H396I096W132049N+034D249+005+018G010X00
B1242304408189N00308981EA0182302011
LXVVT+209H396I087W132049N+033D261+001+023G010X03
B1242314408191N00308971EA0182502013
LXVVT+209H396I091W133047N+028D290-005+026G010X01
B1242324408196N00308963EA0182502013
LXVVT+209H396I103W132045N+033D325-011+027G012X01
B1242334408204N00308958EA0182402013
LXVVT+209H395I119W129042N+036D001-011+037G014X02
B1242344408212N00308960EA0182402012
LXVVT+208H395I127W127041N+007D021-002+046G014X03
B1242354408217N00308967EA0182202012
LXVVT+207H396I131W128041N+007D069+000+039G016X00
B1242364408218N00308977EA0182402014
LXVVT+206H397I140W128041N+007D104+006+028G015X03
B1242374408215N00308983EA0183002020
LXVVT+205H399I125W128041N+039D130+010+026G011X01
B1242384408212N00308985EA0183502025
LXVVT+203H402I104W128041N+034D152+010+020G010X02
B1242394408208N00308984EA0183902029
LXVVT+204H403I089W130042N+035D175+006+012G010X01
B1242404408205N00308981EA0184302032
LXVVT+204H404I077W131042N+041D183-003+002G009X04
B1242414408203N00308977EA0184402034
LXVVT+205H403I087W134043N+036D207-008+000G008X01
B1242424408200N00308972EA0184502034
LXVVT+206H403I090W137043N+028D214-005+008G011X03
B1242434408198N00308964EA0184402034
LXVVT+205H404I099W139042N+016D240-003+018G011X03
B1242444408198N00308955EA0184402034
LXVVT+206H402I112W143040N+014D270-004+028G011X03
B1242454408201N00308944EA0184302033
LXVVT+205H402I115W144039N+009D287+000+032G012X01
B1242464408208N00308936EA0184302034
LXVVT+205H402I112W144040N+004D322+005+025G015X00
B1242474408216N00308930EA0184602037
LXVVT+205H402I105W145041N+026D351+010+013G013X03
B1242484408223N00308928EA0185102043
LXVVT+205H402I096W144041N+041D001+012+014G010X02
B1242494408228N00308928EA0185502047
LXVVT+204H402I078W140040N+034D015+008+013G008X04
B1242504408233N00308929EA0185802050
LXVVT+204H403I066W139040N+024D039-004+010G008X05
B1242514408237N00308931EA0185802050
LXVVT+205H402I073W139040N+026D059-013-003G009X03
B1242524408241N00308935EA0185802050
LXVVT+205H402I093W138041N+029D068-011-003G011X02
B1242534408245N00308941EA0185802050
LXVVT+205H402I105W138041N+028D080-006+013G011X04
B1242544408247N00308948EA0185902051
LXVVT+205H402I110W140038N+017D096+001+031G012X01
B1242554408245N00308955EA0185902052
LXVVT+205H402I119W141036N+009D134+003+036G013X01
B1242564408241N00308958EA0186002053
LXVVT+204H403I118W140035N+015D161+001+035G013X00
B1242574408235N00308955EA0186102054
LXVVT+203H405I116W139035N+018D190+002+030G013X02
B1242584408231N00308948EA0186302056
LXVVT+202H406I107W134035N+019D215+005+020G012X02
B1242594408229N00308940EA0186602059
LXVVT+202H407I101W132035N+029D240+008+014G011X02
B1243004408229N00308931EA0186902062
LXVVT+202H408I088W131035N+030D252+009+011G010X02
B1243014408230N00308923EA0187202064
LXVVT+202H409I074W131036N+023D275+003+009G009X03
B1243024408232N00308915EA0187302065
LXVVT+202H408I071W131037N+025D287-006+001G010X01
B1243034408235N00308906EA0187302066
LXVVT+202H409I088W131038N+033D304-008-002G010X02
B1243044408239N00308897EA0187402067
LXVVT+203H409I095W131037N+031D307+000+007G012X02
B1243054408244N00308890EA0187602069
LXVVT+203H409I094W131037N+020D326+003+019G011X01
B1243064408251N00308884EA0187602070
LXVVT+203H408I092W132038N+013D349-003+025G010X02
B1243074408258N00308883EA0187702070
LXVVT+203H408I102W133038N+019D007-004+019G012X01
B1243084408266N00308884EA0187802071
LXVVT+203H408I114W132038N+030D035+003+017G013X05
B1243094408271N00308888EA0188002073
LXVVT+203H407I101W133038N+020D050+006+025G011X03
B1243104408275N00308894EA0188102074
LXVVT+202H407I094W135036N+012D079-001+031G011X03
B1243114408275N00308901EA0188102074
LXVVT+202H407I108W136034N+019D121-007+025G014X00
B1243124408271N00308906EA0188202076
LXVVT+202H408I125W137036N+042D141-002+030G014X03
B1243134408266N00308907EA0188402077
LXVVT+201H409I120W138037N+026D171+001+042G012X02
B1243144408261N00308901EA0188402078
LXVVT+200H411I123W138037N+005D205+002+037G013X02
B1243154408258N00308891EA0188502079
LXVVT+199H412I121W136038N+013D238+002+028G013X01
B1243164408257N00308880EA0188702082
LXVVT+198H414I113W133040N+028D260+005+017G013X01
B1243174408259N00308869EA0189102085
LXVVT+198H415I104W132041N+029D280+009+010G011X02
B1243184408262N00308859EA0189502089
LXVVT+198H417I085W132042N+028D289+008+004G009X02
B1243194408266N00308851EA0189702092
LXVVT+199H417I073W132043N+027D305+002+002G009X00
B1243204408270N00308844EA0189802093
LXVVT+199H417I065W132044N+023D311-004+004G009X03
B1243214408274N00308837EA0189802094
LXVVT+198H417I071W133045N+018D301-007+000G009X01
B1243224408280N00308829EA0189802094
LXVVT+199H417I080W133046N+018D313-005-010G010X01
B1243234408284N00308820EA0189802094
LXVVT+199H417I089W133046N+016D297-003-017G011X00
B1243244408288N00308810EA0189902094
LXVVT+199H417I096W133047N+020D283-003-018G012X02
B1243254408290N00308799EA0190002096
LXVVT+198H417I104W133046N+029D280+003-014G011X03
B1243264408292N00308788EA0190302099
LXVVT+199H416I095W134046N+033D271+008-003G011X01
B1243274408293N00308779EA0190702103
LXVVT+199H415I084W135046N+029D265+007+000G009X00
B1243284408295N00308771EA0190902105
LXVVT+200H414I073W136046N+027D274+002+003G009X01
B1243294408297N00308763EA0191002106
LXVVT+200H413I070W137045N+023D267-008-003G008X02
B1243304408299N00308754EA0191002106
LXVVT+200H413I084W140044N+023D273-010-008G011X01
B1243314408300N00308744EA0191002105
LXVVT+200H412I091W140044N+020D267-005-007G012X01
B1243324408301N00308734EA0191102107
LXVVT+200H412I104W141044N+025D261+003-003G011X04
B1243334408302N00308724EA0191402110
LXVVT+199H411I100W144043N+026D261+010+002G010X01
B1243344408304N00308716EA0191602112
LXVVT+200H411I083W146042N+018D268+007+002G009X04
B1243354408306N00308708EA0191702113
LXVVT+200H411I076W147041N+013D270-003+000G008X02
B1243364408308N00308699EA0191502112
LXVVT+199H411I091W149039N+016D271-012-003G009X01
B1243374408310N00308690EA0191202109
LXVVT+198H412I106W152037N+008D268-014-009G009X02
B1243384408311N00308679EA0190902106
LXVVT+198H412I116W155037N-004D270-003-012G012X04
B1243394408312N00308668EA0190802105
LXVVT+199H412I124W157036N-008D265+004-008G012X04
B1243404408311N00308657EA0190802104
LXVVT+199H413I110W156036N-006D266+009+002G011X02
B1243414408312N00308647EA0190902105
LXVVT+199H412I092W149035N+003D267+008+009G010X01
B1243424408313N00308638EA0190902105
LXVVT+199H413I092W147036N+005D270+003+006G009X03
B1243434408315N00308629EA0190902105
LXVVT+198H414I093W148035N+014D273-004-001G009X02
B1243444408317N00308619EA0190702104
LXVVT+198H414I097W149034N+016D282-008-005G011X01
B1243454408318N00308609EA0190602102
LXVVT+198H413I101W148034N+007D281-005-005G010X02
B1243464408319N00308597EA0190502101
LXVVT+199H413I104W146037N+001D269+001-004G012X02
B1243474408320N00308585EA0190502102
LXVVT+199H412I105W138038N+003D269+006-003G011X03
B1243484408321N00308574EA0190602103
LXVVT+199H412I112W136039N+013D261+003-003G010X05
B1243494408321N00308563EA0190802105
LXVVT+198H413I105W136039N+020D256+001-006G009X02
B1243504408321N00308552EA0190802105
LXVVT+196H415I094W132038N+010D246+000-010G009X02
B1243514408320N00308543EA0190802105
LXVVT+197H416I092W129038N+005D251+002-007G010X01
B1243524408319N00308533EA0190802105
LXVVT+197H416I092W129038N+006D254-002+003G009X02
B1243534408318N00308523EA0190602103
LXVVT+198H416I093W128038N-002D258-004+010G010X02
B1243544408318N00308513EA0190402101
LXVVT+197H417I103W128038N+001D262-002+005G012X01
B1243554408318N00308502EA0190302100
LXVVT+197H418I107W129036N+007D266-001-001G011X02
B1243564408318N00308491EA0190302100
LXVVT+198H416I100W128036N+003D264+005-004G011X01
B1243574408318N00308481EA0190302100
LXVVT+198H417I095W128036N-001D256+006-008G010X01
B1243584408317N00308472EA0190302100
LXVVT+198H417I086W127036N+005D244+003-005G009X01
B1243594408315N00308464EA0190302099
LXVVT+198H417I077W125036N+006D245-002+002G008X01
B1244004408314N00308455EA0190102097
LXVVT+200H416I084W124036N-003D249-007+004G008X01
B1244014408312N00308446EA0189702094
LXVVT+201H414I101W125035N-007D255-010+004G009X01
B1244024408310N00308434EA0189202089
LXVVT+201H413I117W126034N-007D264-007+006G012X01
B1244034408308N00308422EA0188902085
LXVVT+201H413I129W125032N-010D268+000+006G013X01
B1244044408307N00308408EA0188702083
LXVVT+201H414I132W125033N-007D269+006+004G012X03
B1244054408305N00308394EA0188702083
LXVVT+199H414I126W123035N-004D269+010+001G011X02
B1244064408304N00308382EA0188802084
LXVVT+199H415I114W120036N-001D264+008-002G010X01
B1244074408302N00308371EA0188802084
LXVVT+198H416I110W118037N+008D263+001-002G008X01
B1244084408301N00308359EA0188702082
LXVVT+199H415I105W116037N+009D266-002+000G009X01
B1244094408299N00308348EA0188402080
LXVVT+200H415I107W116037N-001D266-004+003G010X01
B1244104408298N00308336EA0188202077
LXVVT+200H415I115W116037N-004D265-005+003G010X00
B1244114408297N00308323EA0187902074
LXVVT+200H414I118W116038N-003D272-001+002G011X01
B1244124408295N00308310EA0187702072
LXVVT+201H414I120W116039N-006D271+004+000G011X01
B1244134408294N00308297EA0187602071
LXVVT+202H412I122W116038N+006D271+004-001G011X00
B1244144408292N00308284EA0187602071
LXVVT+202H411I115W114040N+011D266+001-003G010X02
B1244154408290N00308271EA0187702072
LXVVT+202H411I119W110041N+018D260+001-005G010X01
B1244164408288N00308259EA0187802072
LXVVT+203H409I115W107042N+016D263+002-001G010X01
B1244174408285N00308247EA0187802073
LXVVT+203H408I109W105043N+010D257+002+001G009X01
B1244184408283N00308234EA0187802072
LXVVT+202H408I106W102044N+006D259+000+002G009X00
B1244194408282N00308222EA0187702071
LXVVT+203H407I106W100045N+005D262-002+001G010X02
B1244204408280N00308210EA0187502070
LXVVT+203H407I111W100045N+003D261-002-002G010X01
B1244214408278N00308198EA0187302068
LXVVT+203H407I115W100044N+001D260-001-004G010X01
B1244224408275N00308185EA0187102066
LXVVT+203H407I117W100044N-003D260-001-001G010X00
B1244234408272N00308172EA0186902063
LXVVT+204H406I118W100044N-009D264-002+003G010X01
B1244244408270N00308159EA0186602060
LXVVT+206H404I121W100044N-010D269-002+007G010X01
B1244254408268N00308145EA0186302057
LXVVT+205H403I124W100045N-012D269-001+004G011X00
B1244264408266N00308131EA0186002054
LXVVT+204H404I130W100045N-011D271+001-001G011X02
B1244274408265N00308116EA0185802052
LXVVT+205H403I122W099045N-012D277+006+001G012X02
B1244284408263N00308103EA0185702051
LXVVT+205H402I122W099045N-010D264+006-003G010X03
B1244294408261N00308090EA0185602050
LXVVT+205H403I116W098045N-006D259+003-011G009X01
B1244304408259N00308078EA0185502048
LXVVT+205H401I110W096046N-007D255+002-007G010X01
B1244314408255N00308066EA0185202045
LXVVT+205H402I109W091046N-008D246-004-006G009X02
B1244324408252N00308053EA0185002042
LXVVT+205H401I120W092046N-001D248-004+000G011X01
B1244334408248N00308041EA0184702040
LXVVT+205H402I125W091046N-001D246-002+001G010X02
B1244344408244N00308028EA0184502037
LXVVT+204H402I125W090047N-009D247+001+003G011X01
B1244354408240N00308014EA0184302035
LXVVT+204H403I129W089048N-008D247-001+002G011X01
B1244364408236N00308000EA0184102034
LXVVT+204H402I129W089049N-005D259+002+004G012X03
B1244374408233N00307986EA0184002033
LXVVT+205H402I125W089052N-008D251+008+004G011X02
B1244384408231N00307972EA0184102034
LXVVT+204H403I128W092052N+000D243+007-003G010X01
B1244394408228N00307959EA0184102034
LXVVT+205H402I110W094052N+000D247+004-001G010X02
B1244404408226N00307947EA0184002033
LXVVT+207H401I102W094053N-006D236+002-003G009X01
B1244414408223N00307936EA0183902031
LXVVT+206H401I107W097053N-004D228-003-008G008X00
B1244424408220N00307924EA0183602028
LXVVT+206H401I110W100053N-004D232-006-005G009X03
B1244434408217N00307913EA0183202024
LXVVT+207H401I113W101053N-010D233-006+001G010X02
B1244444408213N00307901EA0182802020
LXVVT+208H399I115W099054N-021D234-002+005G011X02
B1244454408209N00307888EA0182502016
LXVVT+208H398I128W100054N-020D234-001+004G011X02
B1244464408205N00307875EA0182202013
LXVVT+208H398I130W099054N-014D235+002+002G011X01
B1244474408202N00307861EA0182002011
LXVVT+208H397I127W099054N-013D233+005-001G011X02
B1244484408198N00307849EA0181902010
LXVVT+209H396I113W099055N-014D238+004+001G010X01
B1244494408195N00307837EA0181702008
LXVVT+209H396I105W097057N-017D229-001+000G008X02
B1244504408191N00307824EA0181402004
LXVVT+208H396I113W097057N-013D229-007-004G009X03
B1244514408188N00307811EA0180901999
LXVVT+208H396I122W097057N-010D237-007-005G009X03
B1244524408183N00307798EA0180501995
LXVVT+209H395I133W096057N-016D230-003-003G012X01
B1244534408178N00307784EA0180201991
LXVVT+208H396I139W096057N-021D231+004+000G012X02
B1244544408174N00307770EA0180001990
LXVVT+209H396I131W095058N-019D237+008+006G010X01
B1244554408170N00307757EA0179901989
LXVVT+210H395I113W094061N-025D236+010+009G011X01
B1244564408167N00307744EA0179801987
LXVVT+209H395I098W093063N-018D231+004+004G008X02
B1244574408165N00307732EA0179601985
LXVVT+210H394I098W093063N-006D234-004-003G009X01
B1244584408162N00307719EA0179301981
LXVVT+210H394I099W092065N-010D226-008-008G011X01
B1244594408157N00307706EA0179001977
LXVVT+208H395I124W092065N+004D220-014-016G012X02
B1245004408151N00307694EA0178801975
LXVVT+208H395I142W094065N+010D224-002-014G013X02
B1245014408143N00307683EA0178701976
LXVVT+209H395I134W090063N-001D226+012+006G014X02
B1245024408137N00307673EA0179001980
LXVVT+209H395I117W088062N-009D216+017+016G010X01
B1245034408133N00307663EA0179401983
LXVVT+209H395I105W090061N+008D221+009+013G009X02
B1245044408130N00307654EA0179601985
LXVVT+209H396I089W090058N+021D229-004+002G008X04
B1245054408127N00307644EA0179501984
LXVVT+209H395I087W090054N+014D232-010-005G008X03
B1245064408123N00307634EA0179401983
LXVVT+209H395I101W090051N+009D231-012-008G010X03
B1245074408119N00307623EA0179201982
LXVVT+209H395I125W091048N+012D232-005+000G015X00
B1245084408115N00307611EA0179401985
LXVVT+209H394I138W091045N+026D230+007+006G013X05
B1245094408112N00307599EA0180001991
LXVVT+208H394I135W086035N+036D235+012+002G011X01
B1245104408110N00307589EA0180701997
LXVVT+209H395I106W074028N+039D241+011-003G009X02
B1245114408110N00307581EA0181302002
LXVVT+208H395I083W061025N+046D247+006-005G010X02
B1245124408109N00307574EA0181602005
LXVVT+209H395I076W045024N+042D259-010-009G008X03
B1245134408108N00307567EA0181802006
LXVVT+209H395I081W031024N+037D277-009-003G011X05
B1245144408107N00307559EA0181802007
LXVVT+210H395I082W031024N+026D282-008+012G010X01
B1245154408109N00307550EA0181902008
LXVVT+209H394I095W046021N+016D306-010+026G011X01
B1245164408114N00307540EA0181802007
LXVVT+210H393I115W073018N+023D336-008+028G014X03
B1245174408122N00307533EA0182002008
LXVVT+210H393I128W099017N+026D351+002+031G015X01
B1245184408131N00307531EA0182302011
LXVVT+211H392I121W125017N+029D025+004+039G015X02
B1245194408139N00307535EA0182602015
LXVVT+210H392I126W130017N+028D053+006+044G013X03
B1245204408142N00307542EA0182902019
LXVVT+209H392I117W122020N+016D074+005+048G012X03
B1245214408141N00307549EA0183102021
LXVVT+209H391I115W121027N+018D117-001+043G012X01
B1245224408137N00307553EA0183202023
LXVVT+209H392I115W126032N+027D148-001+034G013X01
B1245234408132N00307552EA0183502026
LXVVT+209H392I110W129033N+027D180+002+029G012X01
B1245244408128N00307547EA0183802029
LXVVT+209H393I101W130033N+026D205+004+028G012X01
B1245254408125N00307539EA0184202032
LXVVT+208H392I099W130033N+031D234+000+026G010X01
B1245264408124N00307528EA0184402035
LXVVT+208H393I106W131033N+043D259-004+024G010X04
B1245274408126N00307518EA0184702038
LXVVT+208H393I101W130034N+040D282+002+024G011X01
B1245284408130N00307508EA0185002041
LXVVT+208H393I095W130037N+030D305+003+025G011X01
B1245294408136N00307500EA0185302044
LXVVT+209H393I100W130038N+035D334+000+024G011X05
B1245304408143N00307495EA0185602047
LXVVT+208H393I099W132039N+040D356-001+028G012X04
B1245314408151N00307495EA0185902050
LXVVT+209H393I105W132039N+043D033-006+036G013X02
B1245324408157N00307500EA0186102052
LXVVT+209H392I110W131039N+035D055-004+042G013X01
B1245334408159N00307507EA0186302055
LXVVT+208H393I119W131039N+029D091-004+044G013X02
B1245344408157N00307514EA0186502058
LXVVT+208H392I124W131040N+029D129-001+044G014X03
B1245354408152N00307516EA0186702060
LXVVT+208H393I117W129039N+022D162+000+042G013X01
B1245364408146N00307513EA0187002063
LXVVT+207H393I116W127038N+025D193+000+037G013X01
B1245374408142N00307506EA0187402067
LXVVT+207H393I117W127038N+032D224+001+031G012X01
B1245384408140N00307496EA0187802071
LXVVT+208H393I112W128037N+045D258+000+033G011X01
B1245394408141N00307485EA0188102074
LXVVT+208H393I106W129035N+039D286-001+040G011X03
B1245404408146N00307477EA0188302075
LXVVT+208H393I108W129033N+027D319-007+041G012X02
B1245414408154N00307472EA0188302075
LXVVT+208H393I115W129033N+029D349-006+035G013X02
B1245424408163N00307472EA0188402076
LXVVT+207H393I119W134034N+026D020-001+033G014X02
B1245434408171N00307478EA0188602079
LXVVT+207H394I129W137034N+032D054+001+036G015X00
B1245444408174N00307487EA0189002084
LXVVT+206H394I133W137034N+042D088+002+044G012X03
B1245454408174N00307495EA0189302088
LXVVT+207H394I121W136034N+033D124-003+056G012X05
B1245464408169N00307498EA0189402089
LXVVT+206H396I123W138037N+016D155-003+050G014X02
B1245474408164N00307495EA0189602091
LXVVT+206H395I126W142039N+020D199-005+034G014X01
B1245484408160N00307487EA0189902095
LXVVT+206H395I117W141039N+034D220+001+029G013X01
B1245494408159N00307477EA0190502100
LXVVT+206H395I113W142039N+040D260+009+030G013X05
B1245504408161N00307467EA0191102106
LXVVT+206H395I105W145036N+040D284+010+038G010X01
B1245514408167N00307461EA0191402110
LXVVT+205H396I095W145034N+032D314+001+037G010X06
B1245524408174N00307457EA0191602112
LXVVT+205H397I096W146033N+041D351-007+014G012X01
B1245534408182N00307455EA0191902115
LXVVT+205H397I106W146034N+053D003+000+003G011X02
B1245544408189N00307455EA0192402119
LXVVT+205H396I099W146034N+051D016+006+012G012X02
B1245554408196N00307457EA0192802124
LXVVT+205H396I095W148034N+048D039+003+023G010X02
B1245564408202N00307462EA0193202129
LXVVT+205H397I105W146034N+048D056+002+028G012X04
B1245574408204N00307469EA0193602133
LXVVT+204H397I107W143036N+054D091-001+033G011X02
B1245584408204N00307475EA0193902137
LXVVT+204H398I108W143037N+048D119-004+040G011X02
B1245594408201N00307479EA0194102139
LXVVT+204H398I113W144039N+035D159-004+045G013X02
B1246004408196N00307476EA0194202140
LXVVT+204H398I115W145040N+031D192-007+048G014X03
B1246014408192N00307468EA0194402142
LXVVT+201H400I127W145040N+023D213-002+035G014X01
B1246024408190N00307456EA0194802146
LXVVT+202H400I124W142042N+033D253+006+026G014X01
B1246034408192N00307444EA0195402153
LXVVT+201H401I113W141043N+045D269+014+021G012X03
B1246044408195N00307435EA0196102160
LXVVT+201H402I091W141043N+045D297+012+027G009X03
B1246054408200N00307429EA0196502165
LXVVT+201H403I079W141042N+039D317+003+016G009X03
B1246064408205N00307423EA0196902169
LXVVT+201H402I075W141042N+049D331-010+003G010X02
B1246074408212N00307418EA0197202172
LXVVT+202H403I090W141041N+059D338-008-004G011X01
B1246084408219N00307413EA0197502176
LXVVT+200H403I099W140041N+053D334-002+003G011X01
B1246094408226N00307410EA0198002180
LXVVT+201H402I097W139041N+049D008+006+020G011X01
B1246104408233N00307410EA0198302184
LXVVT+201H402I087W140040N+040D027+000+036G009X03
B1246114408238N00307414EA0198402185
LXVVT+200H402I102W140041N+030D060-007+034G012X05
B1246124408240N00307422EA0198502187
LXVVT+201H403I123W138042N+034D092-006+033G014X00
B1246134408239N00307429EA0198702189
LXVVT+199H404I120W138040N+040D118+000+039G013X03
B1246144408234N00307434EA0199002192
LXVVT+198H405I134W138039N+039D162+003+042G015X00
B1246154408228N00307432EA0199402196
LXVVT+198H407I129W138039N+038D190+005+042G014X02
B1246164408224N00307424EA0199902202
LXVVT+197H408I120W139039N+047D228+002+040G013X01
B1246174408223N00307413EA0200402207
LXVVT+197H409I110W138040N+048D255+002+034G011X02
B1246184408226N00307403EA0200802212
LXVVT+196H410I106W138040N+047D285+000+030G011X01
B1246194408231N00307394EA0201302216
LXVVT+196H410I107W138038N+054D318+001+025G012X02
B1246204408237N00307389EA0201802221
LXVVT+196H411I103W137036N+056D347-001+025G010X00
B1246214408245N00307387EA0202102224
LXVVT+196H411I099W135036N+046D016-001+032G011X02
B1246224408251N00307390EA0202302226
LXVVT+196H412I100W135036N+035D047-005+033G011X02
B1246234408255N00307396EA0202402227
LXVVT+196H412I111W134036N+036D072-005+034G013X01
B1246244408256N00307403EA0202502229
LXVVT+195H412I115W134036N+032D108-003+040G012X01
B1246254408252N00307409EA0202502229
LXVVT+195H413I122W134036N+029D149-010+049G014X01
B1246264408246N00307408EA0202402230
LXVVT+193H414I134W135036N+029D178-006+052G017X00
B1246274408241N00307399EA0202602232
LXVVT+192H415I142W135036N+029D215+002+037G018X00
B1246284408239N00307387EA0203302239
LXVVT+191H418I137W136036N+037D245+012+025G013X05
B1246294408240N00307376EA0204102247
LXVVT+191H419I106W136036N+052D265+017+013G010X02
B1246304408242N00307369EA0204802254
LXVVT+191H420I074W136036N+057D271+010-004G009X04
B1246314408243N00307362EA0205302259
LXVVT+191H421I058W137035N+052D265-006-015G008X04
B1246324408244N00307356EA0205502261
LXVVT+191H421I063W136035N+046D255-019-010G009X05
B1246334408243N00307348EA0205602262
LXVVT+192H421I083W135035N+040D236-014-002G011X03
B1246344408240N00307339EA0205802264
LXVVT+191H421I100W134035N+038D235-001-005G012X03
B1246354408237N00307332EA0206102268
LXVVT+192H421I098W133035N+040D231+010+001G012X04
B1246364408235N00307325EA0206702274
LXVVT+191H421I079W129034N+041D217+010+004G009X02
B1246374408232N00307319EA0207002278
LXVVT+191H420I068W126034N+043D221+003+003G009X02
B1246384408230N00307314EA0207302282
LXVVT+192H421I065W124033N+042D221-007+000G009X02
B1246394408228N00307308EA0207502284
LXVVT+191H420I077W125033N+042D232-013+007G010X01
B1246404408226N00307300EA0207502285
LXVVT+192H420I083W125034N+033D238-008+018G011X01
B1246414408225N00307291EA0207702286
LXVVT+191H420I088W124035N+022D241+002+007G012X04
B1246424408224N00307282EA0207902289
LXVVT+191H420I085W123036N+025D246+007-010G011X01
B1246434408222N00307274EA0208202292
LXVVT+191H419I079W120036N+034D235+002-020G011X01
B1246444408219N00307267EA0208502295
LXVVT+192H420I078W111035N+040D217+000-011G011X02
B1246454408214N00307260EA0208802298
LXVVT+191H420I094W106034N+054D211+003+000G012X07
B1246464408211N00307254EA0209402304
LXVVT+191H420I084W105034N+056D219+005+014G009X01
B1246474408209N00307248EA0209902309
LXVVT+192H420I067W106034N+053D226+006+016G010X03
B1246484408208N00307241EA0210302313
LXVVT+192H419I065W106032N+048D245-003+016G009X01
B1246494408209N00307233EA0210602316
LXVVT+191H420I076W106031N+056D278-007+008G011X03
B1246504408212N00307224EA0211002320
LXVVT+191H419I087W105031N+060D299-003+010G011X01
B1246514408216N00307216EA0211302324
LXVVT+191H419I092W106031N+054D325+001+024G011X01
B1246524408221N00307211EA0211602327
LXVVT+190H420I090W108031N+038D352-004+040G009X02
B1246534408228N00307211EA0211702328
LXVVT+191H419I110W111032N+032D033-013+042G012X02
B1246544408234N00307217EA0211602328
LXVVT+190H420I124W110032N+032D065-011+043G016X00
B1246554408235N00307226EA0211802331
LXVVT+188H422I137W110032N+032D097+000+045G016X01
B1246564408231N00307234EA0212302336
LXVVT+187H423I139W110031N+043D136+002+045G014X03
B1246574408224N00307236EA0212702341
LXVVT+187H425I125W103028N+048D174+001+047G014X00
B1246584408218N00307231EA0213202345
LXVVT+187H425I119W103028N+045D211+000+049G013X03
B1246594408214N00307220EA0213602348
LXVVT+185H428I111W099030N+042D242-001+037G012X02
B1247004408214N00307208EA0213902352
LXVVT+185H428I112W099032N+043D274+002+026G013X01
B1247014408217N00307198EA0214402356
LXVVT+184H429I110W099032N+051D303+006+024G012X02
B1247024408223N00307190EA0214802360
LXVVT+184H430I102W100033N+048D336+004+031G011X02
B1247034408229N00307186EA0215102363
LXVVT+184H431I095W103033N+037D358+002+033G010X03
B1247044408235N00307187EA0215202364
LXVVT+183H432I099W107032N+030D029-004+029G011X01
B1247054408241N00307191EA0215302366
LXVVT+183H433I104W109031N+038D059-005+028G013X01
B1247064408243N00307199EA0215402367
LXVVT+183H434I105W113027N+034D081-002+038G013X03
B1247074408242N00307206EA0215502368
LXVVT+183H433I117W113026N+026D120-005+047G014X01
B1247084408237N00307211EA0215602370
LXVVT+181H435I127W114026N+023D146-002+045G015X01
B1247094408229N00307209EA0215802373
LXVVT+180H438I130W113026N+022D187+003+041G014X02
B1247104408223N00307202EA0216202376
LXVVT+179H440I118W107027N+026D217+003+033G014X02
B1247114408220N00307192EA0216602381
LXVVT+178H441I118W106028N+035D244+007+028G013X01
B1247124408219N00307181EA0217102386
LXVVT+177H444I117W108024N+045D270+002+026G009X04
B1247134408221N00307171EA0217402389
LXVVT+177H444I100W108023N+039D304+002+030G011X04
B1247144408226N00307164EA0217602390
LXVVT+177H446I101W105023N+030D320+000+030G010X02
B1247154408232N00307160EA0217702391
LXVVT+177H446I109W099022N+034D356-003+030G012X01
B1247164408239N00307160EA0217902393
LXVVT+177H447I112W098022N+039D022-003+031G012X01
B1247174408244N00307165EA0218002394
LXVVT+177H447I114W100021N+032D055+000+034G013X01
B1247184408247N00307173EA0218202396
LXVVT+176H448I117W102020N+022D076+001+037G011X01
B1247194408246N00307182EA0218302398
LXVVT+176H449I118W102020N+024D114+002+037G013X02
B1247204408242N00307188EA0218502401
LXVVT+175H450I111W100019N+028D139+001+032G012X01
B1247214408236N00307190EA0218802404
LXVVT+175H451I112W100019N+034D168+002+029G012X01
B1247224408230N00307189EA0219202408
LXVVT+175H452I106W104019N+035D187+004+024G011X01
B1247234408225N00307185EA0219602412
LXVVT+174H453I094W105019N+037D207+004+020G010X01
B1247244408221N00307178EA0219902416
LXVVT+174H453I090W107018N+040D233+001+017G010X01
B1247254408219N00307170EA0220202419
LXVVT+174H453I087W109017N+041D254-002+022G009X01
B1247264408220N00307162EA0220402420
LXVVT+175H454I088W109016N+036D284-005+026G010X03
B1247274408223N00307154EA0220502421
LXVVT+175H454I101W107015N+031D312-007+031G011X01
B1247284408229N00307149EA0220502421
LXVVT+175H453I110W101014N+025D338-003+037G013X03
B1247294408236N00307148EA0220502422
LXVVT+174H455I118W096014N+021D012+001+034G013X02
B1247304408242N00307152EA0220702424
LXVVT+173H455I120W093014N+022D039+004+033G013X01
B1247314408245N00307159EA0221002427
LXVVT+172H457I115W092015N+026D069+004+035G012X00
B1247324408246N00307167EA0221202430
LXVVT+171H458I106W091015N+029D098+000+035G011X01
B1247334408243N00307174EA0221502433
LXVVT+171H459I100W087013N+030D124-001+028G012X01
B1247344408238N00307178EA0221802436
LXVVT+171H460I101W081013N+039D153+001+023G012X01
B1247354408232N00307179EA0222202440
LXVVT+171H461I097W081013N+044D174+002+023G011X01
B1247364408226N00307176EA0222602444
LXVVT+170H461I096W084012N+045D197+001+022G011X01
B1247374408222N00307171EA0222902446
LXVVT+171H460I091W084013N+041D224-001+024G010X02
B1247384408218N00307163EA0223102448
LXVVT+170H462I093W082014N+035D249-001+022G011X01
B1247394408218N00307153EA0223202450
LXVVT+171H461I102W081013N+034D279-001+025G011X01
B1247404408220N00307145EA0223302451
LXVVT+172H460I102W075012N+033D301-003+033G011X01
B1247414408224N00307138EA0223402452
LXVVT+171H461I104W074012N+021D325-002+033G012X02
B1247424408230N00307135EA0223502453
LXVVT+171H461I109W073012N+021D003-001+031G013X02
B1247434408237N00307137EA0223702455
LXVVT+170H461I100W080011N+024D018+004+029G014X02
B1247444408241N00307141EA0224102460
LXVVT+169H462I101W088009N+030D043+008+023G011X04
B1247454408244N00307147EA0224402464
LXVVT+169H463I091W088009N+033D064+003+022G009X01
B1247464408245N00307154EA0224702467
LXVVT+170H463I085W088008N+034D087+000+020G010X02
B1247474408244N00307160EA0224902469
LXVVT+170H463I084W085007N+033D110-002+017G010X01
B1247484408241N00307166EA0225102471
LXVVT+170H463I092W087008N+039D132-005+019G011X01
B1247494408236N00307170EA0225302473
LXVVT+170H463I103W097008N+042D153-003+024G012X01
B1247504408230N00307171EA0225602475
LXVVT+170H463I104W098008N+038D186-002+031G011X02
B1247514408223N00307167EA0225802477
LXVVT+170H462I102W084010N+029D211-002+036G012X01
B1247524408219N00307159EA0225902479
LXVVT+169H462I108W079011N+023D235+000+035G012X03
B1247534408218N00307149EA0226102481
LXVVT+169H464I111W080013N+030D267+002+031G013X01
B1247544408219N00307139EA0226302484
LXVVT+168H465I112W078012N+037D298+005+032G013X03
B1247554408224N00307132EA0226602487
LXVVT+167H466I108W069012N+034D329+001+038G011X01
B1247564408230N00307130EA0226802489
LXVVT+167H467I106W067012N+032D006-006+039G012X00
B1247574408236N00307133EA0226902490
LXVVT+168H466I107W078010N+032D030-006+033G013X04
B1247584408241N00307140EA0227102492
LXVVT+167H468I112W086007N+031D060+000+031G013X04
B1247594408243N00307149EA0227402495
LXVVT+167H468I112W089005N+027D082+004+033G012X04
B1248004408241N00307157EA0227602498
LXVVT+165H469I113W094007N+029D116+005+035G012X01
B1248014408237N00307163EA0227902501
LXVVT+164H471I105W096007N+031D143+000+032G011X01
B1248024408231N00307164EA0228102503
LXVVT+164H472I098W082007N+032D179-002+028G011X03
B1248034408224N00307162EA0228302504
LXVVT+164H473I106W076007N+032D196-002+026G011X02
B1248044408218N00307156EA0228402506
LXVVT+164H474I112W080007N+033D223+001+024G012X03
B1248054408215N00307148EA0228702508
LXVVT+164H474I116W085005N+038D249+002+027G011X02
B1248064408214N00307139EA0228902510
LXVVT+163H475I109W080003N+030D275+006+035G013X01
B1248074408217N00307131EA0229002512
LXVVT+163H476I099W078003N+020D306+001+037G010X02
B1248084408222N00307126EA0229102513
LXVVT+163H477I107W053003N+022D336-001+032G012X03
B1248094408228N00307124EA0229202515
LXVVT+163H478I108W042004N+028D356-003+028G011X03
B1248104408234N00307127EA0229302516
LXVVT+161H480I121W035006N+020D021-005+024G011X00
B1248114408240N00307132EA0229402517
LXVVT+162H481I107W032006N+023D045+001+026G013X00
B1248124408243N00307139EA0229602519
LXVVT+159H483I106W026005N+035D059+002+018G011X05
B1248134408245N00307147EA0229902522
LXVVT+160H483I109W044006N+043D084+006+014G011X03
B1248144408245N00307155EA0230302526
LXVVT+160H483I096W057007N+036D089+003+009G011X03
B1248154408244N00307161EA0230602530
LXVVT+160H484I088W062008N+043D102+003+003G011X02
B1248164408243N00307168EA0231102535
LXVVT+161H484I089W069009N+053D107-001+003G010X03
B1248174408241N00307175EA0231502539
LXVVT+161H485I089W069009N+059D116-001+008G011X01
B1248184408238N00307180EA0232002544
LXVVT+161H484I087W068009N+050D140-002+023G010X01
B1248194408233N00307183EA0232202547
LXVVT+161H485I089W065009N+042D170-010+033G010X03
B1248204408227N00307182EA0232302547
LXVVT+162H484I100W070008N+035D197-011+036G012X04
B1248214408222N00307175EA0232402548
LXVVT+162H484I118W075007N+033D235-007+038G015X00
B1248224408220N00307164EA0232502550
LXVVT+162H483I127W073005N+033D270-002+043G014X03
B1248234408223N00307154EA0232602552
LXVVT+160H484I125W062005N+017D302+003+045G014X01
B1248244408230N00307150EA0232802554
LXVVT+159H485I125W056005N+009D343+002+038G013X04
B1248254408236N00307151EA0233002556
LXVVT+156H488I120W043006N+023D009+001+035G011X01
B1248264408242N00307156EA0233302559
LXVVT+156H490I111W043005N+036D043+001+024G014X00
B1248274408245N00307164EA0233702563
LXVVT+155H492I109W359002N+062D057+003+004G013X01
B1248284408248N00307172EA0234402570
LXVVT+156H492I109W022002N+077D069+010-001G011X04
B1248294408250N00307178EA0235102577
LXVVT+155H493I088W038003N+063D065+011-001G008X02
B1248304408251N00307183EA0235602582
LXVVT+156H494I067W048003N+043D080+008+010G008X05
B1248314408251N00307187EA0235802584
LXVVT+156H494I062W059004N+034D097-010+012G007X05
B1248324408250N00307192EA0235802584
LXVVT+157H494I076W082005N+033D124-019+007G009X03
B1248334408246N00307197EA0235602583
LXVVT+158H493I098W101005N+029D135-010+015G012X03
B1248344408240N00307201EA0235602582
LXVVT+158H492I113W092005N+016D167-001+031G013X01
B1248354408232N00307199EA0235502581
LXVVT+158H492I115W071007N+001D194+002+043G013X02
B1248364408226N00307192EA0235402581
LXVVT+156H494I121W067010N+000D235+002+044G015X02
B1248374408224N00307181EA0235502582
LXVVT+156H493I116W074012N+002D269+001+041G014X02
B1248384408227N00307172EA0235602584
LXVVT+156H493I111W079013N+014D304-002+039G014X01
B1248394408233N00307166EA0235902587
LXVVT+155H494I120W073013N+021D333+003+031G014X03
B1248404408240N00307166EA0236302590
LXVVT+155H495I118W073013N+040D015+001+033G013X01
B1248414408246N00307170EA0236602593
LXVVT+154H495I115W074012N+037D044-001+038G011X01
B1248424408248N00307179EA0236702594
LXVVT+155H495I114W074010N+028D084-006+042G011X03
B1248434408246N00307188EA0236602593
LXVVT+155H495I127W075010N+025D118-006+046G015X00
B1248444408240N00307194EA0236502592
LXVVT+153H497I135W082010N+014D157-003+048G016X00
B1248454408232N00307193EA0236302591
LXVVT+152H499I137W081011N+007D194-001+046G015X00
B1248464408225N00307184EA0236302590
LXVVT+152H500I132W079012N+002D234-003+047G014X00
B1248474408223N00307172EA0236302590
LXVVT+151H502I124W078013N+001D266+003+046G015X02
B1248484408226N00307161EA0236402591
LXVVT+150H505I127W080014N-002D295+005+034G013X02
B1248494408232N00307153EA0236702594
LXVVT+147H508I113W085015N+017D311+007+011G013X01
B1248504408237N00307148EA0237202599
LXVVT+147H510I098W087015N+042D318+010-011G011X03
B1248514408241N00307143EA0237602603
LXVVT+147H512I075W084014N+041D314+006-018G008X03
B1248524408243N00307138EA0237902606
LXVVT+149H513I054W085015N+036D308-002-012G010X02
B1248534408245N00307132EA0238102608
LXVVT+149H513I067W083013N+039D299-012+001G009X04
B1248544408246N00307126EA0238202610
LXVVT+149H513I083W079011N+046D298-010+008G012X02
B1248554408249N00307119EA0238502613
LXVVT+150H512I088W077011N+048D307-002+005G012X01
B1248564408252N00307112EA0239002619
LXVVT+150H512I088W073010N+048D307+005+002G011X01
B1248574408255N00307107EA0239502624
LXVVT+150H512I078W067010N+047D312+006+003G010X02
B1248584408259N00307103EA0239902629
LXVVT+150H512I074W059010N+050D317-001+003G009X01
B1248594408262N00307099EA0240302633
LXVVT+151H511I071W062010N+050D332-005+001G010X03
B1249004408266N00307095EA0240602636
LXVVT+151H510I084W053011N+050D337-008+004G010X01
B1249014408271N00307092EA0240902639
LXVVT+151H509I092W048012N+051D000-007+015G011X01
B1249024408276N00307093EA0241202641
LXVVT+151H509I097W049011N+043D022-004+031G010X01
B1249034408281N00307098EA0241202642
LXVVT+150H509I106W048009N+028D045-006+035G012X01
B1249044408285N00307106EA0241302643
LXVVT+150H509I129W051009N+028D086-003+029G015X00
B1249054408284N00307117EA0241602645
LXVVT+150H509I124W053010N+036D107+003+039G013X02
B1249064408280N00307124EA0241702647
LXVVT+149H511I112W050010N+015D143+001+048G012X01
B1249074408273N00307126EA0241702647
LXVVT+150H510I111W049010N+012D176-005+042G012X01
B1249084408265N00307122EA0241702647
LXVVT+148H511I120W049010N+022D205-004+032G013X01
B1249094408260N00307113EA0241902649
LXVVT+148H512I124W048009N+026D239+002+034G014X00
B1249104408259N00307103EA0242202652
LXVVT+145H515I127W036008N+028D267+008+029G014X02
B1249114408261N00307094EA0242702657
LXVVT+145H515I120W009008N+036D301+010+031G012X02
B1249124408266N00307089EA0243102661
LXVVT+145H516I101W004009N+036D335+004+032G010X02
B1249134408272N00307088EA0243302664
LXVVT+145H518I094W005007N+031D002-001+028G010X02
B1249144408277N00307091EA0243502666
LXVVT+145H519I101W003006N+034D025-002+020G011X02
B1249154408282N00307096EA0243702668
LXVVT+144H519I104W000006N+041D054-002+018G011X01
B1249164408285N00307104EA0243902670
LXVVT+144H521I104W004006N+038D073+002+025G012X00
B1249174408285N00307112EA0244102673
LXVVT+144H521I098W014006N+021D094+004+032G010X01
B1249184408282N00307119EA0244102673
LXVVT+145H522I098W015006N+013D128-002+033G011X02
B1249194408277N00307125EA0244002672
LXVVT+145H521I103W015006N+014D147-005+027G012X01
B1249204408270N00307127EA0244002672
LXVVT+144H522I107W013007N+018D174-003+028G012X00
B1249214408263N00307124EA0244002672
LXVVT+143H523I109W016010N+012D202+001+032G012X01
B1249224408256N00307117EA0244002672
LXVVT+143H524I107W026013N+005D231+001+034G012X01
B1249234408253N00307108EA0244002672
LXVVT+143H525I105W037016N+005D255+002+031G012X01
B1249244408252N00307097EA0244102672
LXVVT+143H524I108W046017N+010D279+000+027G014X02
B1249254408255N00307087EA0244302674
LXVVT+143H524I110W051017N+027D293+002+018G012X03
B1249264408259N00307079EA0244602678
LXVVT+141H526I107W052017N+037D302+007+003G011X01
B1249274408262N00307072EA0245102682
LXVVT+142H526I096W049018N+040D310+010-005G010X02
B1249284408264N00307066EA0245402687
LXVVT+141H527I079W045018N+038D304+005-008G009X02
B1249294408266N00307060EA0245702690
LXVVT+142H528I067W044018N+033D305-002-005G009X01
B1249304408268N00307055EA0245802692
LXVVT+143H528I062W047018N+028D313-006+000G009X03
B1249314408270N00307048EA0245902693
LXVVT+143H527I069W052018N+025D312-007+004G010X01
B1249324408273N00307041EA0246002694
LXVVT+143H527I077W057019N+025D309-004+002G011X02
B1249334408276N00307034EA0246202696
LXVVT+143H526I083W062019N+032D312-001-002G011X01
B1249344408279N00307027EA0246502699
LXVVT+143H526I085W065019N+039D311+003-004G011X02
B1249354408282N00307020EA0246902703
LXVVT+143H526I078W067019N+039D315+005+000G010X01
B1249364408285N00307014EA0247202707
LXVVT+144H525I070W070020N+038D309+001+003G010X01
B1249374408287N00307008EA0247502709
LXVVT+144H525I069W072020N+033D311-003+003G009X01
B1249384408291N00307002EA0247602711
LXVVT+144H524I077W072020N+033D313-007-003G010X01
B1249394408294N00306996EA0247802712
LXVVT+144H523I081W070020N+032D322-003-004G010X01
B1249404408297N00306989EA0247902714
LXVVT+144H523I079W070020N+028D316+000+000G011X02
B1249414408300N00306982EA0248102716
LXVVT+144H524I080W071020N+027D326+002+000G010X03
B1249424408303N00306976EA0248302718
LXVVT+144H523I078W069021N+032D326+002+000G010X02
B1249434408306N00306970EA0248602721
LXVVT+145H522I076W067021N+033D324-001+000G010X01
B1249444408309N00306964EA0248802723
LXVVT+145H521I077W067021N+034D328-003+001G009X02
B1249454408313N00306958EA0248902725
LXVVT+145H520I076W070021N+033D328-003+002G010X01
B1249464408317N00306951EA0249102727
LXVVT+145H520I081W073021N+032D318-002-003G010X01
B1249474408320N00306945EA0249402729
LXVVT+145H520I084W074022N+033D323+003-006G011X02
B1249484408324N00306939EA0249602732
LXVVT+145H520I071W077023N+033D321+003-001G010X03
B1249494408327N00306932EA0249802735
LXVVT+145H520I068W082026N+031D315-001+000G010X02
B1249504408331N00306926EA0250002737
LXVVT+144H521I077W083026N+032D329-002-002G010X03
B1249514408335N00306919EA0250202739
LXVVT+143H520I076W085027N+035D320-002-002G011X02
B1249524408338N00306912EA0250502742
LXVVT+143H520I084W085027N+038D323+000-004G012X02
B1249534408341N00306904EA0250902746
LXVVT+143H521I081W084027N+043D325+003-001G011X02
B1249544408344N00306897EA0251302750
LXVVT+143H521I077W083027N+046D328+002+001G010X01
B1249554408348N00306890EA0251702755
LXVVT+143H521I071W083028N+045D328+001+004G010X01
B1249564408351N00306884EA0252002758
LXVVT+142H522I071W083029N+042D323-002+002G009X02
B1249574408354N00306877EA0252302761
LXVVT+143H522I073W083029N+043D342-002+001G011X01
B1249584408358N00306871EA0252602764
LXVVT+142H522I077W080031N+048D348-008+007G010X01
B1249594408363N00306866EA0252902767
LXVVT+143H522I088W081031N+051D002-008+013G011X01
B1250004408369N00306863EA0253202770
LXVVT+142H523I107W079033N+051D018-005+020G011X03
B1250014408375N00306864EA0253602774
LXVVT+141H523I114W077037N+050D032-001+031G012X01
B1250024408379N00306869EA0253902778
LXVVT+140H526I112W077037N+042D059+003+032G012X01
B1250034408380N00306876EA0254302782
LXVVT+139H527I101W075035N+029D086+004+032G010X01
B1250044408378N00306882EA0254502785
LXVVT+139H528I087W068032N+026D112+000+034G009X02
B1250054408373N00306886EA0254602785
LXVVT+138H530I093W062032N+019D142-006+034G011X02
B1250064408365N00306887EA0254502785
LXVVT+137H532I123W067030N+029D177-010+033G014X04
B1250074408357N00306882EA0254702786
LXVVT+136H533I134W070027N+039D205+000+040G015X01
B1250084408352N00306872EA0255002789
LXVVT+135H536I126W071026N+023D238+006+049G013X02
B1250094408350N00306860EA0255202792
LXVVT+134H538I114W072027N+003D266+006+037G012X01
B1250104408352N00306848EA0255402795
LXVVT+133H541I106W075029N+021D290+003+019G012X02
B1250114408355N00306838EA0255902799
LXVVT+133H542I093W080031N+042D298+003+003G013X01
B1250124408357N00306829EA0256402805
LXVVT+130H546I089W082032N+055D293-001-008G009X04
B1250134408359N00306820EA0257002811
LXVVT+132H547I086W081031N+059D298+005-003G011X03
B1250144408361N00306811EA0257502817
LXVVT+132H548I072W081031N+051D287+002+005G008X02
B1250154408363N00306804EA0257902821
LXVVT+132H548I069W082031N+043D303-005+013G009X02
B1250164408367N00306796EA0258102823
LXVVT+132H549I078W083031N+042D323-010+015G010X03
B1250174408372N00306791EA0258302825
LXVVT+133H549I096W082032N+048D349-009+017G012X01
B1250184408378N00306788EA0258502826
LXVVT+133H548I105W082031N+047D012-005+027G011X01
B1250194408385N00306790EA0258702828
LXVVT+133H547I109W084030N+035D045-002+039G013X01
B1250204408388N00306797EA0258902830
LXVVT+132H548I112W084028N+031D078-001+042G014X03
B1250214408388N00306805EA0259102833
LXVVT+132H549I125W086029N+031D112-002+041G015X02
B1250224408383N00306810EA0259402836
LXVVT+132H549I121W090031N+041D143-002+041G013X02
B1250234408375N00306811EA0259602839
LXVVT+130H552I122W092031N+035D174-001+041G013X02
B1250244408368N00306805EA0260002843
LXVVT+128H555I123W095030N+035D213+000+037G013X01
B1250254408364N00306795EA0260302847
LXVVT+127H557I115W096029N+040D240+001+037G012X03
B1250264408364N00306784EA0260702850
LXVVT+126H560I103W096029N+039D275+004+034G013X04
B1250274408367N00306774EA0261102854
LXVVT+126H561I099W096029N+036D303+005+030G011X02
B1250284408372N00306767EA0261402857
LXVVT+125H563I101W094029N+039D337-001+027G011X02
B1250294408379N00306764EA0261702860
LXVVT+126H564I095W097028N+043D002+000+025G012X04
B1250304408385N00306765EA0261902862
LXVVT+124H566I098W100028N+040D022+001+023G011X02
B1250314408390N00306769EA0262102865
LXVVT+124H567I101W099028N+039D048+001+024G011X01
B1250324408393N00306775EA0262402867
LXVVT+124H569I106W099029N+043D077-002+022G011X02
B1250334408394N00306782EA0262602870
LXVVT+124H570I108W099030N+044D093+003+027G012X01
B1250344408392N00306788EA0263002874
LXVVT+122H574I101W100031N+035D117+005+028G011X01
B1250354408389N00306792EA0263302878
LXVVT+123H573I095W100031N+035D146+000+024G011X01
B1250364408383N00306794EA0263702882
LXVVT+123H574I095W101031N+046D166-002+019G011X01
B1250374408378N00306792EA0264002885
LXVVT+124H573I092W101031N+048D187-001+020G011X02
B1250384408373N00306787EA0264402889
LXVVT+124H574I095W103031N+044D200-002+021G010X02
B1250394408369N00306780EA0264802893
LXVVT+124H573I096W105030N+045D229+000+022G011X01
B1250404408366N00306771EA0265102896
LXVVT+124H574I092W106029N+042D245+000+024G011X02
B1250414408366N00306761EA0265402900
LXVVT+123H574I096W106028N+043D270+001+020G011X02
B1250424408368N00306751EA0265802904
LXVVT+124H573I095W106027N+047D292+001+016G011X01
B1250434408371N00306742EA0266102907
LXVVT+123H574I094W105026N+045D309+002+018G012X01
B1250444408376N00306736EA0266402911
LXVVT+124H573I085W105026N+037D327+000+024G009X01
B1250454408382N00306731EA0266702914
LXVVT+126H572I079W110027N+039D342-003+018G011X02
B1250464408388N00306729EA0267002917
LXVVT+126H571I079W122028N+041D355-003+007G011X01
B1250474408395N00306726EA0267302921
LXVVT+124H572I086W128029N+040D345+000-008G011X04
B1250484408402N00306723EA0267602924
LXVVT+125H571I082W130030N+044D344+002-019G011X03
B1250494408408N00306717EA0268002928
LXVVT+124H571I079W130032N+041D325+000-013G010X01
B1250504408414N00306710EA0268302932
LXVVT+124H571I079W129034N+043D319-001-006G010X01
B1250514408419N00306702EA0268702936
LXVVT+124H571I081W129035N+051D320+002+000G011X01
B1250524408424N00306695EA0269102940
LXVVT+124H571I073W128036N+050D316+000+005G010X03
B1250534408429N00306688EA0269502944
LXVVT+124H571I082W128035N+054D332-002+008G010X02
B1250544408435N00306683EA0270002948
LXVVT+124H570I087W127035N+062D339-004+013G012X01
B1250554408442N00306679EA0270502953
LXVVT+124H570I093W124034N+064D000-006+023G009X02
B1250564408449N00306679EA0270802957
LXVVT+125H569I102W119035N+056D027-002+034G012X01
B1250574408454N00306683EA0271102960
LXVVT+123H570I108W116037N+043D054-006+038G011X03
B1250584408457N00306691EA0271202961
LXVVT+121H574I121W114041N+047D092-005+036G015X00
B1250594408455N00306697EA0271502965
LXVVT+122H572I123W116045N+045D126-002+043G013X01
B1251004408451N00306700EA0271802968
LXVVT+121H574I115W116045N+035D161-001+046G014X01
B1251014408445N00306696EA0272002971
LXVVT+119H578I117W118045N+024D190-001+044G013X02
B1251024408440N00306686EA0272402975
LXVVT+116H583I122W122044N+033D225+002+031G014X03
B1251034408439N00306675EA0272902980
LXVVT+117H582I113W122044N+051D259+004+025G012X02
B1251044408441N00306664EA0273502987
LXVVT+116H585I104W123042N+054D278+009+025G013X01
B1251054408445N00306655EA0274102993
LXVVT+115H587I096W123040N+058D307+004+024G010X02
B1251064408451N00306648EA0274602999
LXVVT+115H588I098W119037N+066D338+002+020G011X01
B1251074408457N00306645EA0275103004
LXVVT+115H590I095W115036N+063D355+002+017G010X01
B1251084408463N00306645EA0275603008
LXVVT+115H590I089W114036N+055D018-001+019G009X03
B1251094408469N00306646EA0275903011
LXVVT+115H592I089W117035N+046D039-004+019G009X01
B1251104408474N00306651EA0276003013
LXVVT+115H590I102W118035N+046D061-005+020G011X02
B1251114408477N00306658EA0276303016
LXVVT+115H591I115W117035N+053D091-001+025G013X02
B1251124408478N00306665EA0276603020
LXVVT+114H592I118W117038N+050D110+001+037G013X01
B1251134408475N00306670EA0276903023
LXVVT+113H594I118W119040N+037D141-002+048G012X01
B1251144408469N00306670EA0277103025
LXVVT+112H596I122W121041N+028D178-005+046G014X00
B1251154408463N00306663EA0277203028
LXVVT+110H600I126W120041N+029D207-002+038G015X00
B1251164408460N00306652EA0277703032
LXVVT+111H600I130W122040N+042D245+003+033G014X04
B1251174408460N00306640EA0278303038
LXVVT+110H601I115W123039N+046D272+006+036G011X01
B1251184408464N00306631EA0278803043
LXVVT+109H603I098W123039N+037D303+003+038G010X04
B1251194408471N00306624EA0279003046
LXVVT+109H604I108W122039N+044D338-001+027G013X02
B1251204408479N00306621EA0279403050
LXVVT+108H607I114W120038N+060D001-001+016G012X03
B1251214408486N00306621EA0280003056
LXVVT+108H608I109W119038N+067D029+006+018G012X02
B1251224408492N00306624EA0280503061
LXVVT+109H608I090W122037N+051D046+008+027G010X04
B1251234408495N00306628EA0280903065
LXVVT+109H610I083W124036N+038D074+001+027G008X02
B1251244408497N00306633EA0281103068
LXVVT+110H609I086W125034N+044D092-006+022G012X01
B1251254408496N00306639EA0281303070
LXVVT+109H610I101W126033N+052D118-006+017G012X02
B1251264408493N00306644EA0281703074
LXVVT+110H609I112W126035N+061D140+002+027G013X01
B1251274408488N00306645EA0282103079
LXVVT+109H610I107W126035N+045D165+004+037G011X02
B1251284408483N00306642EA0282403082
LXVVT+109H610I106W126035N+032D195+001+039G012X02
B1251294408478N00306635EA0282703086
LXVVT+107H612I106W125035N+042D221+001+028G013X00
B1251304408476N00306626EA0283103090
LXVVT+106H614I103W126034N+050D248+001+022G012X03
B1251314408476N00306616EA0283703095
LXVVT+107H615I093W125035N+050D272+002+024G010X01
B1251324408479N00306606EA0284103099
LXVVT+106H616I087W125035N+042D284+001+025G010X02
B1251334408483N00306598EA0284403103
LXVVT+106H615I091W125035N+042D317+000+018G011X01
B1251344408489N00306592EA0284703106
LXVVT+105H616I095W124034N+049D324-002+013G010X01
B1251354408495N00306587EA0285103110
LXVVT+106H617I099W123033N+058D345+002+013G012X01
B1251364408502N00306585EA0285503115
LXVVT+105H617I096W121033N+052D008+004+019G010X02
B1251374408508N00306585EA0285903120
LXVVT+105H618I095W120033N+049D027+000+021G010X01
B1251384408513N00306589EA0286203123
LXVVT+105H619I095W118034N+048D051-004+025G010X01
B1251394408517N00306594EA0286403125
LXVVT+104H621I101W121032N+045D074-005+027G011X02
B1251404408518N00306602EA0286703127
LXVVT+104H621I107W121031N+043D106-003+028G012X01
B1251414408516N00306608EA0287003130
LXVVT+106H619I114W122032N+045D128-002+035G013X02
B1251424408511N00306611EA0287303133
LXVVT+104H620I120W125034N+040D154-002+040G012X01
B1251434408505N00306609EA0287503136
LXVVT+103H623I125W128034N+041D192-002+041G014X01
B1251444408500N00306602EA0287803138
LXVVT+100H626I123W131034N+035D217+002+038G013X02
B1251454408498N00306590EA0288103143
LXVVT+099H629I118W129035N+036D252+003+034G013X01
B1251464408499N00306578EA0288603148
LXVVT+099H631I114W128037N+042D281+004+027G012X03
B1251474408503N00306568EA0289003153
LXVVT+098H633I101W128038N+045D303+005+027G011X02
B1251484408508N00306561EA0289403157
LXVVT+098H634I090W128039N+041D325+003+022G010X03
B1251494408515N00306556EA0289803160
LXVVT+097H637I088W129039N+043D344+000+012G011X01
B1251504408521N00306553EA0290003163
LXVVT+098H638I089W129039N+048D002-002+006G010X02
B1251514408528N00306552EA0290303166
LXVVT+099H638I090W128039N+048D013-001+010G011X02
B1251524408534N00306554EA0290603169
LXVVT+099H639I094W128039N+045D038-004+022G010X02
B1251534408540N00306558EA0290803171
LXVVT+098H639I097W131038N+039D052+000+023G013X01
B1251544408544N00306564EA0291103175
LXVVT+096H642I102W133037N+043D058+006+002G013X04
B1251554408548N00306569EA0291603181
LXVVT+097H642I090W135036N+051D055+007-018G010X02
B1251564408553N00306573EA0292103185
LXVVT+097H643I076W137036N+042D034+004-027G009X02
B1251574408559N00306573EA0292303188
LXVVT+098H643I071W138037N+034D021-001-018G010X01
B1251584408565N00306572EA0292603191
LXVVT+098H643I070W138038N+040D007-004-003G011X02
B1251594408571N00306571EA0292903194
LXVVT+097H644I077W139038N+046D000-001+001G011X03
B1252004408578N00306569EA0293203197
LXVVT+098H644I074W139040N+045D001+001-005G011X04
B1252014408584N00306566EA0293603202
LXVVT+098H644I083W139038N+050D352+003-006G010X05
B1252024408590N00306562EA0294103207
LXVVT+099H643I090W140034N+061D344+004-010G012X01
B1252034408595N00306558EA0294703213
LXVVT+099H642I085W143029N+067D338+004+002G010X02
B1252044408600N00306553EA0295403220
LXVVT+097H644I086W148025N+070D323+000+001G011X01
B1252054408605N00306548EA0296003227
LXVVT+098H643I080W151023N+073D338-002+001G009X01
B1252064408610N00306544EA0296703234
LXVVT+099H642I079W153022N+078D335+003+003G011X02
B1252074408615N00306540EA0297303241
LXVVT+099H642I072W153021N+065D329+003+009G009X02
B1252084408620N00306538EA0297903246
LXVVT+099H642I075W151019N+062D342-002+006G009X02
B1252094408625N00306535EA0298403252
LXVVT+099H642I075W148018N+064D347-003+000G010X02
B1252104408630N00306533EA0298903257
LXVVT+100H641I079W144017N+064D347-003-002G010X03
B1252114408636N00306531EA0299303261
LXVVT+099H641I080W141016N+061D345-002+001G012X04
B1252124408641N00306529EA0299803267
LXVVT+099H639I085W138015N+061D003-004+007G009X03
B1252134408647N00306530EA0300203272
LXVVT+099H639I086W131015N+058D007+004+017G011X02
B1252144408652N00306532EA0300703276
LXVVT+096H642I093W117017N+052D018+002+011G011X03
B1252154408657N00306536EA0301203282
LXVVT+096H642I093W109019N+064D051-003+007G011X01
B1252164408661N00306541EA0301703288
LXVVT+095H643I094W110019N+070D051+001+010G011X01
B1252174408664N00306548EA0302303294
LXVVT+092H648I110W108022N+063D072+005+011G011X04
B1252184408665N00306554EA0303003301
LXVVT+093H648I104W109027N+065D101+004+025G010X01
B1252194408664N00306560EA0303603307
LXVVT+091H651I102W113030N+063D122-002+030G010X01
B1252204408660N00306563EA0303903311
LXVVT+092H651I102W119032N+052D153-005+035G011X02
B1252214408655N00306563EA0304203314
LXVVT+092H651I103W122033N+048D178-008+030G011X02
B1252224408650N00306558EA0304503317
LXVVT+091H653I109W121033N+047D202-002+026G014X03
B1252234408646N00306550EA0305003323
LXVVT+090H655I108W119034N+050D228+005+025G013X03
B1252244408644N00306540EA0305603329
LXVVT+089H657I103W119034N+057D250+005+025G011X01
B1252254408644N00306530EA0306303337
LXVVT+089H659I100W120032N+068D277+004+018G011X02
B1252264408646N00306521EA0307003344
LXVVT+087H662I093W120029N+067D277+007+005G010X03
B1252274408648N00306514EA0307703351
LXVVT+088H663I076W119027N+066D283+005-011G009X04
B1252284408649N00306507EA0308203357
LXVVT+088H664I060W118027N+056D276-006-017G008X05
B1252294408649N00306500EA0308503360
LXVVT+089H665I069W116028N+052D257-013-004G010X04
B1252304408648N00306490EA0308703363
LXVVT+085H671I099W115028N+059D250-011+003G013X03
B1252314408647N00306479EA0309003367
LXVVT+086H671I102W114028N+057D256-002+002G011X01
B1252324408647N00306468EA0309503372
LXVVT+083H675I094W109031N+048D251+004+002G011X02
B1252334408646N00306457EA0310103377
LXVVT+081H679I097W107033N+046D254+006+001G010X02
B1252344408646N00306446EA0310503382
LXVVT+082H680I096W106034N+051D264+005+000G009X01
B1252354408645N00306436EA0310903387
LXVVT+083H681I087W105036N+048D269-001+004G008X04
B1252364408645N00306426EA0311103389
LXVVT+082H683I095W104037N+037D261-003+006G009X01
B1252374408645N00306415EA0311303391
LXVVT+081H686I108W105036N+038D259-004+002G009X02
B1252384408644N00306403EA0311403392
LXVVT+080H689I115W105034N+045D264-005-002G010X02
B1252394408644N00306391EA0311403393
LXVVT+080H690I116W105034N+031D269-002+002G010X01
B1252404408644N00306378EA0311503393
LXVVT+079H693I121W105035N+021D269+001+005G010X01
B1252414408644N00306364EA0311503394
LXVVT+078H696I124W105037N+024D273+002+009G011X02
B1252424408646N00306350EA0311703396
LXVVT+076H701I131W106039N+034D270+004+004G011X03
B1252434408647N00306336EA0312003399
LXVVT+077H701I121W106040N+036D274+005-005G010X03
B1252444408648N00306324EA0312303401
LXVVT+075H704I115W106042N+030D268+005-008G010X03
B1252454408648N00306311EA0312503403
LXVVT+073H708I120W107041N+037D260-005-009G009X03
B1252464408647N00306298EA0312603404
LXVVT+072H713I127W111040N+050D263-006-014G012X02
B1252474408645N00306285EA0312603405
LXVVT+072H715I118W108040N+031D260+002-003G012X01
B1252484408643N00306273EA0312903408
LXVVT+072H718I115W102042N+018D256+008+010G010X02
B1252494408643N00306260EA0313203411
LXVVT+071H721I115W101042N+021D266+007+010G010X01
B1252504408643N00306248EA0313403414
LXVVT+070H725I107W101043N+030D265+001+005G008X02
B1252514408643N00306236EA0313503414
LXVVT+069H726I110W101042N+031D266-005+000G009X03
B1252524408643N00306223EA0313403414
LXVVT+067H732I120W101041N+027D262-010-003G007X03
B1252534408643N00306210EA0313103410
LXVVT+067H734I115W100038N+015D258-007-007G016X00
B1252544408643N00306197EA0312803405
LXVVT+069H734I089W100038N-027D322+008+000G012X00
B1252554408641N00306185EA0312903402
LXVVT+069H734I013W100038N+004D339+011+012G011X00
B1252564408638N00306173EA0313003401
LXVVT+069H739I011W100038N+006D279+032+011G011X00
B1252574408636N00306161EA0312703399
LXVVT+071H740I053W089039N-004D251+025-009G011X00
B1252584408633N00306151EA0312303399
LXVVT+071H739I077W072046N-010D235+011-005G011X06
B1252594408630N00306142EA0312003400
LXVVT+071H739I080W070048N-006D240-001-002G011X05
B1253004408627N00306133EA0312003399
LXVVT+072H739I077W070048N-016D236-011+001G008X04
B1253014408625N00306123EA0311703397
LXVVT+072H737I083W069047N-010D251-014+001G008X04
B1253024408623N00306112EA0311303393
LXVVT+072H736I096W070048N-018D247-009-005G012X01
B1253034408621N00306099EA0311103390
LXVVT+072H737I112W070048N-007D254-004-012G012X02
B1253044408618N00306086EA0311003390
LXVVT+071H737I119W070050N+007D247+006-008G013X02
B1253054408614N00306074EA0311203391
LXVVT+070H740I114W070050N+007D248+012-003G010X03
B1253064408612N00306063EA0311303392
LXVVT+071H739I096W070050N+009D259+012+008G009X05
B1253074408610N00306052EA0311403392
LXVVT+070H740I089W069049N+008D255+004+007G009X03
B1253084408608N00306042EA0311403391
LXVVT+071H739I088W067047N+012D271-004+002G009X02
B1253094408606N00306032EA0311103389
LXVVT+072H737I097W065046N+012D266-009-003G010X01
B1253104408604N00306020EA0310803386
LXVVT+071H738I114W064045N+009D262-006-004G011X01
B1253114408602N00306006EA0310603385
LXVVT+073H735I117W064045N+004D265+002+000G012X01
B1253124408600N00305993EA0310603385
LXVVT+074H732I113W065047N-001D267+007+008G011X01
B1253134408599N00305981EA0310703385
LXVVT+073H733I110W067048N-001D263+007+009G009X01
B1253144408598N00305969EA0310803386
LXVVT+074H730I099W068049N+006D277+004+006G010X02
B1253154408597N00305957EA0310703385
LXVVT+075H728I091W070049N+004D274+001-006G009X03
B1253164408597N00305946EA0310603383
LXVVT+078H724I096W071050N+000D270-004-011G009X01
B1253174408595N00305934EA0310303380
LXVVT+077H722I100W071050N-003D270-004-006G010X01
B1253184408593N00305921EA0310003377
LXVVT+078H719I110W072051N-002D267-004+003G010X02
B1253194408592N00305907EA0309803375
LXVVT+079H716I112W072052N-002D276+000+008G011X01
B1253204408591N00305894EA0309703374
LXVVT+078H715I110W074053N-006D271+003+005G011X01
B1253214408591N00305880EA0309703373
LXVVT+078H714I111W075055N-001D275+002-001G010X01
B1253224408590N00305866EA0309603373
LXVVT+079H711I110W076056N+004D277+002-003G010X01
B1253234408589N00305853EA0309503372
LXVVT+079H709I109W077057N+003D277+002-004G010X02
B1253244408589N00305839EA0309503372
LXVVT+079H708I102W077058N-001D272+004+002G010X01
B1253254408587N00305827EA0309503371
LXVVT+079H708I097W077059N-004D261+002-003G009X01
B1253264408586N00305815EA0309303368
LXVVT+079H706I089W075061N-008D261-002-006G009X04
B1253274408584N00305802EA0308903365
LXVVT+080H705I106W076060N-007D256-008-008G010X04
B1253284408582N00305788EA0308503361
LXVVT+079H705I121W079058N+001D259-006+001G012X01
B1253294408580N00305774EA0308303360
LXVVT+079H703I124W079057N+001D265-002+010G012X01
B1253304408580N00305760EA0308303359
LXVVT+078H705I125W079056N-008D268+005+011G011X02
B1253314408581N00305746EA0308303359
LXVVT+079H704I114W079056N-009D276+010+008G011X01
B1253324408582N00305734EA0308403360
LXVVT+078H705I107W080053N-003D267+008-001G009X01
B1253334408584N00305723EA0308403360
LXVVT+078H705I099W083048N+005D268+003-005G009X02
B1253344408584N00305713EA0308303358
LXVVT+079H703I091W085045N+000D268-004-007G008X03
B1253354408585N00305703EA0307903355
LXVVT+079H703I094W084043N-011D266-007-005G009X02
B1253364408585N00305691EA0307503350
LXVVT+080H701I106W083041N-014D265-008-002G011X00
B1253374408585N00305679EA0307103346
LXVVT+080H701I114W082040N-015D270-005-002G011X01
B1253384408585N00305665EA0306803343
LXVVT+081H700I123W083041N-013D269-001+000G010X02
B1253394408585N00305651EA0306503340
LXVVT+081H698I127W084041N-014D267+002+000G011X01
B1253404408585N00305638EA0306303338
LXVVT+082H696I125W084042N-017D268+005+000G011X01
B1253414408585N00305624EA0306103336
LXVVT+083H693I117W084042N-015D272+004+002G010X01
B1253424408585N00305612EA0306003333
LXVVT+083H692I116W084043N-012D269+000+001G010X01
B1253434408585N00305599EA0305703330
LXVVT+082H692I114W085043N-011D270-003+001G010X01
B1253444408585N00305585EA0305403327
LXVVT+082H691I122W084043N-005D267-005-003G010X01
B1253454408585N00305571EA0305103324
LXVVT+082H691I131W084043N-003D272-004-003G012X01
B1253464408585N00305556EA0304903323
LXVVT+080H693I143W083042N+001D271+000+001G014X04
B1253474408584N00305541EA0305003325
LXVVT+081H693I145W085040N+013D266+007+000G013X04
B1253484408584N00305528EA0305403328
LXVVT+081H692I125W088039N+015D266+011+001G010X01
B1253494408584N00305516EA0305703331
LXVVT+081H692I104W088040N+011D262+008+003G008X01
B1253504408584N00305505EA0305903333
LXVVT+081H691I096W091039N+010D256+000-001G008X01
B1253514408583N00305494EA0305803332
LXVVT+081H692I092W092039N+012D261-009-004G008X03
B1253524408583N00305483EA0305503329
LXVVT+080H692I099W092040N+005D259-013+000G009X02
B1253534408583N00305470EA0305203326
LXVVT+081H692I122W091040N-003D256-010+002G011X01
B1253544408583N00305456EA0304803323
LXVVT+081H692I136W092038N-003D258-004-001G012X01
B1253554408583N00305441EA0304703322
LXVVT+080H693I136W092038N-004D260+004-004G012X01
B1253564408583N00305427EA0304703322
LXVVT+081H692I130W093039N-008D261+007-001G011X01
B1253574408583N00305414EA0304903323
LXVVT+081H692I124W093039N+005D258+006+004G010X02
B1253584408583N00305401EA0305003324
LXVVT+081H691I117W096039N+016D256+001+003G009X01
B1253594408584N00305389EA0305003324
LXVVT+082H691I110W100038N+011D260-002+003G008X04
B1254004408585N00305377EA0304903322
LXVVT+082H690I112W101037N+003D259-004+000G008X02
B1254014408586N00305365EA0304603319
LXVVT+082H690I112W101036N-005D261-006-004G011X02
B1254024408587N00305352EA0304203316
LXVVT+082H689I119W101035N-007D265-005-006G011X01
B1254034408587N00305339EA0303903313
LXVVT+082H688I126W102037N-013D261-001-003G011X01
B1254044408587N00305325EA0303703311
LXVVT+081H690I132W103036N-010D261+002-001G010X02
B1254054408587N00305312EA0303503309
LXVVT+082H687I121W104037N-012D267+005+004G011X01
B1254064408587N00305299EA0303503308
LXVVT+083H687I115W105038N-015D264+004+002G009X02
B1254074408587N00305287EA0303303306
LXVVT+083H685I111W105038N-011D265+001+001G009X01
B1254084408587N00305275EA0303103304
LXVVT+084H684I111W105038N-007D265-003-001G009X01
B1254094408586N00305263EA0302703301
LXVVT+084H683I117W105038N-007D264-005-001G010X01
B1254104408586N00305250EA0302403297
LXVVT+085H681I125W105037N-014D260-003+000G011X01
B1254114408586N00305237EA0302103295
LXVVT+085H680I125W107036N-014D262+001+000G011X01
B1254124408585N00305225EA0301903293
LXVVT+086H678I118W106036N-016D260+002-003G010X00
B1254134408584N00305212EA0301803291
LXVVT+087H676I118W104037N-014D255+001-004G010X02
B1254144408584N00305200EA0301603288
LXVVT+086H675I118W105037N-007D258-002-001G011X01
B1254154408583N00305187EA0301403287
LXVVT+085H676I116W103039N-006D256+000+004G011X01
B1254164408582N00305174EA0301303285
LXVVT+086H674I122W105039N-005D248+001-002G011X02
B1254174408581N00305162EA0301103284
LXVVT+086H673I116W107039N-007D254+001-003G010X01
B1254184408580N00305150EA0301003282
LXVVT+087H671I113W107039N-010D252-001+000G009X01
B1254194408578N00305138EA0300803279
LXVVT+088H670I119W110039N-005D250-002+002G009X01
B1254204408578N00305127EA0300503277
LXVVT+088H669I118W113038N-003D255-004+003G009X01
B1254214408577N00305115EA0300203273
LXVVT+088H667I118W113037N-011D256-004+001G010X01
B1254224408576N00305102EA0299803270
LXVVT+089H665I124W113036N-016D258-003+000G011X01
B1254234408576N00305089EA0299503267
LXVVT+088H666I120W113037N-018D262+000+002G011X01
B1254244408575N00305076EA0299303265
LXVVT+088H665I121W114040N-018D256+003+001G011X02
B1254254408575N00305063EA0299203263
LXVVT+089H662I122W114040N-011D252+002-002G010X01
B1254264408574N00305051EA0299103262
LXVVT+089H663I120W116040N-003D252+001-002G010X01
B1254274408573N00305039EA0298903260
LXVVT+090H661I115W115041N-003D256-003+001G010X01
B1254284408573N00305026EA0298703258
LXVVT+091H660I117W115042N-003D254-003+004G010X02
B1254294408573N00305013EA0298603256
LXVVT+091H659I123W115042N-001D253-003+002G011X00
B1254304408573N00304999EA0298403255
LXVVT+091H658I124W115042N-001D256-001-003G010X01
B1254314408573N00304986EA0298303254
LXVVT+092H657I121W115043N-005D254+003-005G010X01
B1254324408572N00304973EA0298303254
LXVVT+092H656I120W115043N-005D253+002-003G010X01
B1254334408571N00304961EA0298203253
LXVVT+092H656I114W114043N+000D249+002-001G009X01
B1254344408570N00304949EA0298103252
LXVVT+092H653I115W116044N+003D248-002+001G009X01
B1254354408570N00304937EA0298003250
LXVVT+094H651I114W118044N-001D252-004+003G010X02
B1254364408569N00304925EA0297703247
LXVVT+094H650I119W118043N-002D251-008+000G009X01
B1254374408569N00304912EA0297403244
LXVVT+094H649I130W121042N-002D258-005-001G011X01
B1254384408569N00304899EA0297103242
LXVVT+093H650I127W121042N-011D260+001+001G011X00
B1254394408568N00304885EA0297103241
LXVVT+094H648I128W121043N-013D253+005-002G011X01
B1254404408568N00304873EA0297003241
LXVVT+094H646I125W122043N-006D253+004-004G010X01
B1254414408567N00304860EA0297003240
LXVVT+096H643I118W122043N+001D248+002-003G010X01
B1254424408565N00304849EA0296903239
LXVVT+096H642I114W121043N+002D248-002+002G009X01
B1254434408564N00304837EA0296703237
LXVVT+096H640I114W120043N+001D251-005+004G009X00
B1254444408563N00304824EA0296503235
LXVVT+097H639I118W119044N-004D250-005+002G010X01
B1254454408562N00304811EA0296303232
LXVVT+097H638I125W119044N-004D250-004-003G010X01
B1254464408561N00304798EA0296003230
LXVVT+096H637I132W119044N-003D252-002-003G011X01
B1254474408560N00304784EA0295903229
LXVVT+096H636I128W118045N-005D253+002+001G011X01
B1254484408558N00304771EA0295803228
LXVVT+097H635I126W117046N-005D251+004+001G010X02
B1254494408557N00304758EA0295803228
LXVVT+097H635I121W116046N+000D251+003+001G010X01
B1254504408555N00304745EA0295803227
LXVVT+097H633I119W115046N+004D246+000-002G009X01
B1254514408554N00304733EA0295703226
LXVVT+097H632I120W116046N+004D249-003-001G010X02
B1254524408552N00304721EA0295403223
LXVVT+096H633I116W116046N-003D253-003+004G009X00
B1254534408551N00304709EA0295203220
LXVVT+098H630I121W117046N-012D245-005+004G010X01
B1254544408549N00304696EA0294903217
LXVVT+097H631I126W121048N-011D243-003+001G010X00
B1254554408548N00304683EA0294603214
LXVVT+097H630I129W124049N-010D243-002-005G010X01
B1254564408547N00304670EA0294303211
LXVVT+098H629I129W125049N-015D243+001-006G011X00
B1254574408545N00304658EA0294103209
LXVVT+098H627I133W126049N-012D243+002-003G011X01
B1254584408543N00304645EA0293903207
LXVVT+098H627I128W127048N-007D247+000+005G009X01
B1254594408542N00304633EA0293803205
LXVVT+099H625I122W127048N-006D252-001+008G010X01
B1255004408541N00304621EA0293603203
LXVVT+099H624I121W127048N-011D252-002+005G010X00
B1255014408540N00304608EA0293403201
LXVVT+099H623I124W127047N-007D251-001-003G010X00
B1255024408539N00304596EA0293103199
LXVVT+099H623I128W128046N-006D255-001-006G010X02
B1255034408538N00304583EA0292903197
LXVVT+099H622I130W128045N-006D252+000-003G011X02
B1255044408536N00304570EA0292803195
LXVVT+098H621I123W127046N-009D257+002+004G011X01
B1255054408534N00304558EA0292703194
LXVVT+099H620I124W127047N-008D255+001+005G010X01
B1255064408533N00304545EA0292603193
LXVVT+099H619I122W127047N-003D257+000+002G010X02
B1255074408532N00304533EA0292403192
LXVVT+100H617I122W127047N+000D253-001-003G010X01
B1255084408530N00304521EA0292303190
LXVVT+100H617I126W128047N+002D253-003-003G010X01
B1255094408529N00304508EA0292103188
LXVVT+099H617I129W129046N+001D256-001+001G011X01
B1255104408527N00304496EA0292003187
LXVVT+099H618I128W129046N+000D254+001+005G012X01
B1255114408527N00304484EA0292003187
LXVVT+101H616I127W130045N+006D252+001+002G010X01
B1255124408526N00304472EA0292103187
LXVVT+101H615I119W131045N+010D256+002-001G010X01
B1255134408525N00304460EA0292003187
LXVVT+101H615I112W130046N+004D257+000-001G010X01
B1255144408524N00304448EA0291903185
LXVVT+101H614I111W130046N+002D254-005+001G009X01
B1255154408524N00304436EA0291703184
LXVVT+102H614I121W130047N+006D252-006-001G010X01
B1255164408523N00304424EA0291503182
LXVVT+102H614I125W130047N+004D254-003-001G010X01
B1255174408522N00304411EA0291403180
LXVVT+102H613I130W130047N-002D252+000-002G011X00
B1255184408521N00304398EA0291303180
LXVVT+103H612I126W129047N-003D255+002+000G010X01
B1255194408520N00304385EA0291203179
LXVVT+102H611I117W128048N-003D259+001+002G009X00
B1255204408520N00304373EA0291103177
LXVVT+103H611I115W128050N-003D261-001+005G009X01
B1255214408519N00304360EA0290903175
LXVVT+104H609I119W128051N-001D258-004+002G010X00
B1255224408519N00304347EA0290703173
LXVVT+104H608I124W129051N+000D257-003-003G010X01
B1255234408519N00304334EA0290603171
LXVVT+105H607I129W130050N+002D256-002-006G010X01
B1255244408518N00304321EA0290403169
LXVVT+104H606I127W130050N-004D259+001-002G010X01
B1255254408518N00304308EA0290203168
LXVVT+105H605I126W129050N-005D259+001+002G011X02
B1255264408517N00304295EA0290103166
LXVVT+105H605I121W129050N-005D263+001+007G011X01
B1255274408517N00304283EA0290003165
LXVVT+106H603I123W129049N+001D262-002+003G010X01
B1255284408517N00304270EA0289903164
LXVVT+105H603I120W129049N+000D263-001-002G010X02
B1255294408517N00304257EA0289703162
LXVVT+105H603I121W130048N-004D260-001-005G010X01
B1255304408517N00304245EA0289503160
LXVVT+104H603I119W129049N-007D261+000-003G010X00
B1255314408516N00304232EA0289303158
LXVVT+103H604I115W128049N-010D262+000+001G010X01
B1255324408516N00304219EA0289103156
LXVVT+104H603I113W127052N-011D262-003+004G010X01
B1255334408516N00304206EA0288803153
LXVVT+104H603I122W127052N-004D260-005+000G009X02
B1255344408516N00304193EA0288603150
LXVVT+105H602I125W126052N-004D259-003-005G010X01
B1255354408516N00304179EA0288303148
LXVVT+105H602I131W126052N-010D256+000-006G011X01
B1255364408515N00304166EA0288103145
LXVVT+105H602I129W126052N-007D258+001-001G010X01
B1255374408514N00304152EA0287903143
LXVVT+105H602I125W124052N-010D255+000+003G010X01
B1255384408513N00304139EA0287703141
LXVVT+106H601I125W122052N-012D253+001+002G009X00
B1255394408513N00304125EA0287503139
LXVVT+106H600I123W123052N-011D256+000-001G010X01
B1255404408512N00304113EA0287203136
LXVVT+107H598I127W124052N-008D253-001-003G011X02
B1255414408511N00304100EA0287003134
LXVVT+107H598I129W126052N-003D252+000-001G010X00
B1255424408510N00304087EA0286903133
LXVVT+107H597I125W129052N-005D253+003+003G010X01
B1255434408509N00304076EA0286803132
LXVVT+108H595I117W130051N-012D252+001-001G009X00
B1255444408507N00304064EA0286603129
LXVVT+109H592I111W129051N-010D251-003-006G009X02
B1255454408506N00304053EA0286303126
LXVVT+109H589I106W128051N-013D261-004+002G009X01
B1255464408505N00304041EA0285903122
LXVVT+109H586I113W128053N-018D259-006+007G010X03
B1255474408504N00304028EA0285603118
LXVVT+110H583I122W128052N-018D262-003+005G011X02
B1255484408504N00304015EA0285203115
LXVVT+109H582I124W127049N-018D268-001+001G010X01
B1255494408504N00304002EA0284803112
LXVVT+109H582I120W127050N-027D268+003+001G011X01
B1255504408504N00303989EA0284703109
LXVVT+110H583I122W127050N-024D258+002-004G010X01
B1255514408503N00303976EA0284503107
LXVVT+110H583I124W127050N-008D258+000-004G010X01
B1255524408503N00303963EA0284303105
LXVVT+111H582I121W126050N-007D258+000-002G010X01
B1255534408502N00303951EA0284103102
LXVVT+112H582I120W125051N-010D257+000+001G010X01
B1255544408501N00303938EA0283803099
LXVVT+111H582I119W124051N-014D263-003+003G009X01
B1255554408501N00303925EA0283503096
LXVVT+111H582I119W124052N-014D267-004+003G009X01
B1255564408501N00303911EA0283103092
LXVVT+112H582I123W124052N-016D268-004+003G010X01
B1255574408501N00303897EA0282803089
LXVVT+112H581I126W124053N-017D270-001+000G011X02
B1255584408501N00303883EA0282503085
LXVVT+112H581I123W125056N-021D275+000-001G010X01
B1255594408501N00303868EA0282203083
LXVVT+112H581I118W126059N-022D278+001+002G010X01
B1256004408501N00303854EA0281903080
LXVVT+112H580I117W127063N-021D276+001+002G011X01
B1256014408502N00303839EA0281703077
LXVVT+113H577I124W127065N-013D272-002+001G009X01
B1256024408503N00303825EA0281403074
LXVVT+114H575I126W127065N-005D274+000+001G011X01
B1256034408503N00303811EA0281203072
LXVVT+114H573I123W127064N-013D270+001-004G010X01
B1256044408503N00303797EA0281003069
LXVVT+115H572I121W126064N-018D271+002-005G010X01
B1256054408503N00303783EA0280703066
LXVVT+114H571I112W125064N-021D275-001+003G010X01
B1256064408503N00303770EA0280403063
LXVVT+115H568I117W125065N-015D267-003+004G010X02
B1256074408503N00303756EA0280103060
LXVVT+116H567I121W125065N-011D271-002+002G010X01
B1256084408503N00303742EA0279803057
LXVVT+116H566I120W125064N-020D270+000-002G010X01
B1256094408504N00303728EA0279503054
LXVVT+117H566I123W125064N-021D268-001-003G010X01
B1256104408504N00303713EA0279103050
LXVVT+117H566I127W125064N-017D270-001-001G011X01
B1256114408504N00303699EA0278903048
LXVVT+117H566I133W125064N-010D267-002+000G011X01
B1256124408505N00303684EA0278703046
LXVVT+117H565I134W127063N-005D271+000+004G011X01
B1256134408506N00303670EA0278603044
LXVVT+118H565I128W127062N-009D269+003+002G010X01
B1256144408507N00303657EA0278503043
LXVVT+118H565I120W127061N-012D275+004+002G010X01
B1256154408508N00303644EA0278303041
LXVVT+118H566I115W126059N-011D274-001+001G009X02
B1256164408510N00303631EA0278003038
LXVVT+118H565I118W127058N-011D269-003-002G011X01
B1256174408511N00303618EA0277803035
LXVVT+118H565I122W129057N-008D267-005-007G010X02
B1256184408512N00303605EA0277503032
LXVVT+118H565I122W130057N-011D274-002-003G010X01
B1256194408513N00303591EA0277203029
LXVVT+118H564I120W129057N-020D269+001+001G011X01
B1256204408513N00303578EA0277003027
LXVVT+119H564I125W130057N-018D262-001-004G010X01
B1256214408514N00303564EA0276703024
LXVVT+119H564I126W130057N-011D267+000-005G010X01
B1256224408514N00303551EA0276503022
LXVVT+118H564I119W129058N-015D267+001-001G010X00
B1256234408514N00303537EA0276203019
LXVVT+119H563I122W128058N-015D261-001+002G010X00
B1256244408515N00303524EA0276003016
LXVVT+120H563I124W128058N-013D265-002+002G010X00
B1256254408515N00303510EA0275703013
LXVVT+120H562I123W128058N-015D263-002-003G010X01
B1256264408515N00303496EA0275403010
LXVVT+120H562I125W127058N-018D265-001-003G010X01
B1256274408516N00303482EA0275003007
LXVVT+119H562I121W127058N-019D269-001+004G010X02
B1256284408516N00303469EA0274803004
LXVVT+120H561I121W126060N-018D266-001+007G010X01
B1256294408518N00303455EA0274503001
LXVVT+121H560I120W126060N-015D269-002+005G010X00
B1256304408520N00303441EA0274002998
LXVVT+121H560I099W124063N-029D267-001-001G010X02
B1256314408521N00303427EA0273702995
LXVVT+122H558I106W119067N-032D266+000-007G010X04
B1256324408523N00303413EA0273502992
LXVVT+122H558I123W118066N-012D265-002-005G010X02
B1256334408524N00303398EA0273302989
LXVVT+123H556I127W119066N+005D259-003-002G011X01
B1256344408525N00303384EA0273202988
LXVVT+123H556I126W120065N-002D265+002+001G010X01
B1256354408525N00303370EA0273102986
LXVVT+123H554I120W121064N-009D265+003+002G010X01
B1256364408526N00303357EA0272902984
LXVVT+124H553I115W121064N-011D262-001+000G009X01
B1256374408527N00303343EA0272602981
LXVVT+124H552I116W122063N-010D262-004-002G009X01
B1256384408528N00303330EA0272302977
LXVVT+125H551I121W122063N-012D259-005-005G010X01
B1256394408528N00303315EA0271902974
LXVVT+125H550I126W123063N-014D260-004-004G011X01
B1256404408528N00303301EA0271602970
LXVVT+125H549I131W122063N-017D255-001-004G013X01
B1256414408527N00303286EA0271302969
LXVVT+125H548I134W121063N-015D261+001+000G011X03
B1256424408527N00303271EA0271202967
LXVVT+125H548I130W121063N-005D263+004+008G010X03
B1256434408527N00303257EA0271202967
LXVVT+126H547I121W120063N-007D260+005+005G010X01
B1256444408527N00303243EA0271202966
LXVVT+126H547I116W120063N-008D262+001-002G008X00
B1256454408527N00303230EA0271002965
LXVVT+126H546I113W119063N-011D255-001-009G010X02
B1256464408526N00303216EA0270602960
LXVVT+127H545I118W119063N-011D253-005-009G010X01
B1256474408524N00303203EA0270202956
LXVVT+127H544I123W118064N-008D255-006+001G011X02
B1256484408523N00303188EA0269902953
LXVVT+127H543I132W118064N-010D260-005+009G011X01
B1256494408523N00303173EA0269602950
LXVVT+127H542I133W118063N-020D263+000+011G013X01
B1256504408523N00303158EA0269402948
LXVVT+128H541I133W117061N-015D267+000+008G010X01
B1256514408525N00303144EA0269302946
LXVVT+127H540I130W116059N-007D274+002+004G011X01
B1256524408527N00303130EA0269202945
LXVVT+128H539I125W114056N-009D270+001+000G010X01
B1256534408528N00303117EA0269102944
LXVVT+128H539I124W115055N-003D265+000-006G010X00
B1256544408529N00303103EA0269002942
LXVVT+129H539I122W116054N-002D266+000-007G010X01
B1256554408529N00303089EA0268802940
LXVVT+129H538I121W116054N-001D265-003-004G009X01
B1256564408529N00303076EA0268502938
LXVVT+130H536I121W116055N-005D266-003+002G010X01
B1256574408529N00303062EA0268302936
LXVVT+130H536I120W116057N-009D270-002+004G010X02
B1256584408530N00303048EA0268202934
LXVVT+130H536I122W116057N-010D272-001+005G011X01
B1256594408531N00303034EA0268002931
LXVVT+130H534I122W116057N-008D276-003+004G010X01
B1257004408532N00303020EA0267702929
LXVVT+130H533I121W115057N-009D280-003+004G009X00
B1257014408534N00303006EA0267502926
LXVVT+131H532I131W115055N-008D275-003+001G011X00
B1257024408535N00302992EA0267302925
LXVVT+131H530I141W116052N+010D281+001-001G012X02
B1257034408537N00302978EA0267402925
LXVVT+131H527I135W112047N+023D277+006+000G012X02
B1257044408538N00302965EA0267502927
LXVVT+132H521I124W114045N+005D275+008+001G010X01
B1257054408539N00302953EA0267702928
LXVVT+132H517I121W119043N+008D270+004-003G009X01
B1257064408539N00302942EA0267702928
LXVVT+132H514I113W126042N+012D273-002-003G009X01
B1257074408539N00302931EA0267602926
LXVVT+133H511I105W126041N+006D270-007+000G009X03
B1257084408540N00302920EA0267302924
LXVVT+132H510I107W126041N-007D276-006+005G010X01
B1257094408541N00302908EA0267102921
LXVVT+133H509I120W126040N-009D272-005+001G011X02
B1257104408543N00302896EA0266802919
LXVVT+133H509I127W126038N-002D277-004-002G010X01
B1257114408544N00302883EA0266702917
LXVVT+133H509I129W126037N-003D276+001-005G011X02
B1257124408546N00302870EA0266602917
LXVVT+133H509I126W125038N-006D274+004-002G011X01
B1257134408547N00302857EA0266602917
LXVVT+133H509I121W124039N+003D276+002+003G010X02
B1257144408548N00302844EA0266602917
LXVVT+134H507I116W124040N+005D278+001+003G010X01
B1257154408549N00302832EA0266602916
LXVVT+134H507I111W124042N+002D281+000+001G009X01
B1257164408551N00302820EA0266502915
LXVVT+134H505I109W124043N+000D281-004+001G009X00
B1257174408552N00302808EA0266302913
LXVVT+134H502I116W124043N+000D277-005-004G009X00
B1257184408553N00302795EA0266002911
LXVVT+135H499I123W124043N+000D280-003-005G010X00
B1257194408554N00302782EA0265802909
LXVVT+135H496I124W124044N-005D277+000-002G011X01
B1257204408555N00302768EA0265702907
LXVVT+136H491I128W124044N-004D274+001+000G011X02
B1257214408556N00302755EA0265602906
LXVVT+135H489I124W123044N-001D277+002+003G010X01
B1257224408556N00302742EA0265602906
LXVVT+136H487I115W122044N-003D275+002+002G009X02
B1257234408557N00302730EA0265502904
LXVVT+136H485I114W121044N-004D272-001+000G009X01
B1257244408558N00302718EA0265202902
LXVVT+137H483I117W122044N-001D274-005+000G011X01
B1257254408559N00302705EA0265002899
LXVVT+137H482I123W122043N+004D274-007+001G010X01
B1257264408560N00302692EA0264802897
LXVVT+137H481I132W124043N+005D275-003+000G011X01
B1257274408562N00302678EA0264702896
LXVVT+137H480I131W123042N-002D280+001+002G011X01
B1257284408564N00302665EA0264702896
LXVVT+138H479I126W123042N-002D282+003+004G011X01
B1257294408566N00302653EA0264702896
LXVVT+138H479I122W122042N+002D284+002+003G010X01
B1257304408568N00302640EA0264702897
LXVVT+138H479I117W122041N+006D283+002+000G010X01
B1257314408570N00302628EA0264702897
LXVVT+139H478I111W122042N+005D281-001-003G009X02
B1257324408572N00302616EA0264602896
LXVVT+139H478I114W121042N+004D276-004-006G009X01
B1257334408573N00302604EA0264502894
LXVVT+139H478I121W120042N+007D270-005-006G010X01
B1257344408575N00302590EA0264302892
LXVVT+138H480I128W119043N+008D274-004-002G010X01
B1257354408577N00302577EA0264202891
LXVVT+138H481I126W120043N+001D281+000+008G013X02
B1257364408579N00302564EA0264202892
LXVVT+139H483I125W119042N+003D282+000+008G011X01
B1257374408582N00302552EA0264302892
LXVVT+138H485I122W113039N+007D290+003+007G010X03
B1257384408585N00302541EA0264402893
LXVVT+139H486I115W110037N+009D289+004+001G009X01
B1257394408588N00302531EA0264402894
LXVVT+139H487I110W111036N+005D281+000-008G010X04
B1257404408590N00302520EA0264402893
LXVVT+139H489I110W113035N+006D283-003-009G010X01
B1257414408592N00302508EA0264202892
LXVVT+138H490I102W113037N+000D281-001-002G010X02
B1257424408593N00302496EA0264102891
LXVVT+139H490I108W111039N-001D270-003-003G010X01
B1257434408595N00302484EA0264002889
LXVVT+139H491I112W109039N+001D274-001-004G010X01
B1257444408596N00302472EA0263902888
LXVVT+138H491I105W107042N-003D277+000+002G011X01
B1257454408597N00302459EA0263802887
LXVVT+139H490I107W106044N-003D270-002+002G009X01
B1257464408599N00302447EA0263702886
LXVVT+139H492I117W109043N+003D270+000-004G010X02
B1257474408600N00302435EA0263602885
LXVVT+139H493I115W110043N+005D270-001-005G010X00
B1257484408601N00302422EA0263502884
LXVVT+139H493I113W110043N+004D266-001-002G010X01
B1257494408601N00302410EA0263402883
LXVVT+139H494I111W108044N+001D266-002+002G010X01
B1257504408602N00302397EA0263302882
LXVVT+139H495I116W109044N+005D263-002+001G011X01
B1257514408603N00302384EA0263302881
LXVVT+139H495I116W109044N+007D264-001-002G010X01
B1257524408603N00302372EA0263202881
LXVVT+139H495I119W109043N+005D261-001-003G010X01
B1257534408603N00302359EA0263202881
LXVVT+140H496I117W110044N+004D251+002-006G010X02
B1257544408603N00302346EA0263202880
LXVVT+140H497I111W108044N+006D251+000-005G009X02
B1257554408602N00302334EA0263102879
LXVVT+139H499I110W104044N+002D249+000-003G010X00
B1257564408600N00302322EA0263002878
LXVVT+139H499I109W102045N+000D247-001+000G010X02
B1257574408598N00302310EA0262902877
LXVVT+140H499I108W100045N+001D243-002-001G010X02
B1257584408596N00302298EA0262702875
LXVVT+140H500I109W097045N-003D242-002-002G010X01
B1257594408594N00302286EA0262502873
LXVVT+140H501I110W096046N-006D244-002+001G010X01
B1258004408591N00302274EA0262302870
LXVVT+140H501I111W095046N-008D238-003-001G009X01
B1258014408588N00302262EA0262002868
LXVVT+140H500I117W093047N-006D238-001-003G011X01
B1258024408585N00302249EA0261802866
LXVVT+140H499I117W092047N-008D234+000-002G011X01
B1258034408581N00302237EA0261702865
LXVVT+141H499I121W093047N-002D236+001+002G011X03
B1258044408578N00302226EA0261602864
LXVVT+141H499I115W093047N-002D232+005+004G011X01
B1258054408575N00302215EA0261702864
LXVVT+141H499I117W098047N+003D230+001-004G009X03
B1258064408571N00302205EA0261602862
LXVVT+140H500I105W099048N-003D232+000-005G009X04
B1258074408567N00302195EA0261402860
LXVVT+140H499I108W098048N-007D224-004-007G010X02
B1258084408562N00302185EA0261102857
LXVVT+141H499I116W097048N-005D231-005-002G010X02
B1258094408556N00302175EA0260802855
LXVVT+140H499I118W096048N-009D232-001+008G011X00
B1258104408551N00302165EA0260602853
LXVVT+141H498I117W096047N-015D235+000+014G010X01
B1258114408548N00302155EA0260402851
LXVVT+141H497I115W097046N-014D238-001+009G010X00
B1258124408544N00302145EA0260202848
LXVVT+141H497I113W098043N-013D237-001-001G009X01
B1258134408540N00302134EA0259902845
LXVVT+142H497I114W099043N-015D235-001-007G010X01
B1258144408536N00302124EA0259602842
LXVVT+142H496I115W098042N-021D217-003-008G011X01
B1258154408531N00302114EA0259302839
LXVVT+143H495I116W095042N-010D219-005+001G011X00
B1258164408527N00302103EA0259002836
LXVVT+143H495I118W094043N-008D221-002+006G011X02
B1258174408523N00302093EA0258902834
LXVVT+142H495I116W094042N-013D225+002+003G011X01
B1258184408520N00302082EA0258802833
LXVVT+142H495I117W095039N-008D228-001-005G010X00
B1258194408516N00302073EA0258602831
LXVVT+142H494I116W097036N-007D235-002-005G009X01
B1258204408512N00302063EA0258402829
LXVVT+142H494I109W098036N-010D231-001-001G010X02
B1258214408508N00302054EA0258202827
LXVVT+142H494I108W098036N-015D226-002+000G010X01
B1258224408504N00302045EA0257902824
LXVVT+142H494I111W098036N-013D227-005+001G010X01
B1258234408500N00302035EA0257602821
LXVVT+143H493I118W099036N-008D232-003+002G011X01
B1258244408496N00302025EA0257402819
LXVVT+143H493I119W099035N-010D230-003+005G010X02
B1258254408492N00302014EA0257102816
LXVVT+143H493I122W099035N-013D233-003+003G010X01
B1258264408488N00302003EA0256802813
LXVVT+144H492I125W099035N-016D236-002-001G010X01
B1258274408484N00301992EA0256502810
LXVVT+144H493I126W099035N-014D234-002-002G010X01
B1258284408480N00301980EA0256302807
LXVVT+144H492I127W098036N-014D237+001+002G011X01
B1258294408477N00301969EA0256102805
LXVVT+145H491I126W098036N-012D236+001+003G010X01
B1258304408473N00301957EA0255902803
LXVVT+144H491I123W098037N-011D237+001+001G010X01
B1258314408470N00301946EA0255702801
LXVVT+145H491I123W098037N-010D238+001+000G010X00
B1258324408467N00301934EA0255502800
LXVVT+145H492I125W099036N-002D238-003+001G011X02
B1258334408463N00301922EA0255402798
LXVVT+145H492I129W099035N+006D239-004-001G010X01
B1258344408459N00301911EA0255402798
LXVVT+144H491I138W101034N+011D236+000-003G011X04
B1258354408456N00301899EA0255502799
LXVVT+144H491I133W102034N+009D225+000-004G011X02
B1258364408451N00301889EA0255602800
LXVVT+144H490I115W097034N+007D223+005-014G011X01
B1258374408446N00301880EA0255702801
LXVVT+145H490I093W079033N-003D228+006-002G009X02
B1258384408441N00301871EA0255702800
LXVVT+145H490I080W068036N-009D224+000+012G008X02
B1258394408437N00301863EA0255502798
LXVVT+145H490I093W067039N-010D225-008+009G009X01
B1258404408433N00301852EA0255002794
LXVVT+145H489I104W067039N-005D241-012+003G009X01
B1258414408429N00301841EA0254602790
LXVVT+145H490I116W068039N-009D238-006+001G011X02
B1258424408426N00301829EA0254402787
LXVVT+145H489I129W066038N-015D242+001-001G012X03
B1258434408422N00301817EA0254202786
LXVVT+145H489I125W066038N-014D249+006+001G011X02
B1258444408418N00301806EA0254302786
LXVVT+146H489I110W067039N-014D248+009+004G010X01
B1258454408415N00301796EA0254202785
LXVVT+146H488I102W068039N-013D251+003+005G009X02
B1258464408413N00301785EA0254002782
LXVVT+146H488I104W065038N-009D250-005+001G008X01
B1258474408410N00301775EA0253602778
LXVVT+146H487I109W062036N-005D250-007-004G010X01
B1258484408407N00301764EA0253202774
LXVVT+147H487I110W061036N-015D254-003-003G010X03
B1258494408404N00301753EA0252902770
LXVVT+147H486I115W061035N-026D250+002-001G011X02
B1258504408401N00301742EA0252602767
LXVVT+148H484I115W060034N-024D249+003+000G010X01
B1258514408398N00301732EA0252302764
LXVVT+148H484I111W061032N-020D251+001+001G010X00
B1258524408395N00301722EA0252002761
LXVVT+149H483I111W060032N-020D251-002+001G009X01
B1258534408392N00301711EA0251602757
LXVVT+149H483I122W058030N-017D252-005+000G009X01
B1258544408389N00301700EA0251102752
LXVVT+149H481I132W052028N-017D256-006+001G011X01
B1258554408386N00301687EA0250602747
LXVVT+150H480I132W051028N-023D260-002+004G012X02
B1258564408383N00301675EA0250402745
LXVVT+150H479I138W051028N-024D257+005+006G012X03
B1258574408382N00301663EA0250502745
LXVVT+150H479I129W051027N-012D253+009+001G010X02
B1258584408380N00301652EA0250502744
LXVVT+149H479I120W057023N-004D255+004-006G009X01
B1258594408378N00301642EA0250302742
LXVVT+150H479I100W062024N-012D263-002-004G009X06
B1259004408376N00301632EA0249902739
LXVVT+151H478I103W066026N-016D251-006-001G010X02
B1259014408373N00301621EA0249602735
LXVVT+150H478I118W065026N-013D242-008-003G012X00
B1259024408371N00301609EA0249302732
LXVVT+150H478I126W066026N-007D252+000+001G013X00
B1259034408368N00301597EA0249202732
LXVVT+151H477I121W070028N+008D247+005+005G009X03
B1259044408366N00301586EA0249302731
LXVVT+151H477I123W074027N+010D243+008-002G009X02
B1259054408363N00301575EA0249202731
LXVVT+151H476I106W081026N-012D250+007-004G009X04
B1259064408361N00301566EA0249102728
LXVVT+151H476I087W077029N-011D244+000-005G011X04
B1259074408358N00301556EA0248902727
LXVVT+152H476I091W075033N-005D241-008+003G010X04
B1259084408355N00301545EA0248602725
LXVVT+152H475I110W074032N+008D247-005+007G013X06
B1259094408354N00301533EA0248602725
LXVVT+152H474I114W079034N+004D248+000+008G009X03
B1259104408353N00301521EA0248702726
LXVVT+152H475I123W075033N+009D251+005-004G011X03
B1259114408351N00301510EA0248902727
LXVVT+152H475I108W075033N+008D260+004-009G010X04
B1259124408349N00301499EA0249002728
LXVVT+153H474I102W076034N+007D253-002-008G009X01
B1259134408347N00301488EA0248902728
LXVVT+152H473I111W076035N+013D249-005-005G010X01
B1259144408344N00301477EA0248802727
LXVVT+153H473I114W075035N+013D256-007+006G010X02
B1259154408341N00301464EA0248802727
LXVVT+153H472I116W076038N+006D250-002+013G010X02
B1259164408340N00301451EA0249002728
LXVVT+152H472I125W077039N+012D249+002+001G011X02
B1259174408337N00301438EA0249202730
LXVVT+152H472I118W077040N+017D261+005-009G010X02
B1259184408335N00301426EA0249402732
LXVVT+153H472I098W077043N+011D264+005-002G009X02
B1259194408333N00301415EA0249402732
LXVVT+153H471I090W076048N+002D257+003+006G010X01
B1259204408331N00301403EA0249402732
LXVVT+153H472I096W076051N+003D251-006+004G008X01
B1259214408329N00301391EA0249202730
LXVVT+153H471I107W077052N+014D249-010+000G009X01
B1259224408327N00301377EA0249002728
LXVVT+153H471I109W077054N+004D259-006-004G010X03
B1259234408325N00301364EA0248702726
LXVVT+153H470I115W077055N-010D259+001-003G010X03
B1259244408322N00301351EA0248602724
LXVVT+153H471I119W077055N-009D249+002-003G011X02
B1259254408319N00301338EA0248502724
LXVVT+154H470I114W077056N-002D257+002+002G011X02
B1259264408316N00301325EA0248502724
LXVVT+154H470I109W076057N+001D250+002+001G011X02
B1259274408313N00301312EA0248502723
LXVVT+154H470I115W076056N+001D250+000-003G010X02
B1259284408310N00301300EA0248402723
LXVVT+154H469I109W077055N+005D250+003+003G010X01
B1259294408308N00301289EA0248502723
LXVVT+154H469I109W084053N+007D239+004+003G010X01
B1259304408306N00301278EA0248502723
LXVVT+154H469I105W096052N+004D246+001+003G009X03
B1259314408305N00301268EA0248302721
LXVVT+154H469I102W102050N+001D246-002+000G008X01
B1259324408304N00301258EA0248102718
LXVVT+154H468I102W105046N-011D246-004-002G009X02
B1259334408302N00301249EA0247602714
LXVVT+154H468I110W111044N-014D243-007-006G010X01
B1259344408300N00301239EA0247202709
LXVVT+155H467I112W114040N-022D249-004-001G012X02
B1259354408298N00301228EA0246802705
LXVVT+154H468I119W115037N-024D245-003+004G011X02
B1259364408296N00301217EA0246502702
LXVVT+154H467I124W118036N-019D246+001+009G010X02
B1259374408295N00301206EA0246302700
LXVVT+154H467I125W123034N-014D253+005+005G010X01
B1259384408295N00301196EA0246202699
LXVVT+155H467I104W124032N-012D255+008-002G011X02
B1259394408294N00301187EA0246202698
LXVVT+155H466I093W124031N-014D254+003-003G008X02
B1259404408294N00301179EA0245902695
LXVVT+155H466I096W127030N-014D247-007-002G009X02
B1259414408293N00301170EA0245502690
LXVVT+155H466I105W133030N-012D248-008-004G010X01
B1259424408292N00301160EA0245002686
LXVVT+156H465I110W134029N-017D254-006+000G011X02
B1259434408290N00301150EA0244602682
LXVVT+156H464I118W135027N-024D259-003+005G011X02
B1259444408289N00301138EA0244302678
LXVVT+157H464I126W135027N-026D261+000+006G011X01
B1259454408288N00301127EA0244002675
LXVVT+156H464I134W136026N-016D259-002-001G011X02
B1259464408288N00301115EA0243702673
LXVVT+157H463I132W136025N-007D265+002+000G012X02
B1259474408287N00301103EA0243702672
LXVVT+157H463I127W136026N-008D261+003+000G011X02
B1259484408286N00301091EA0243702671
LXVVT+157H463I118W133027N-006D262+002+002G009X02
B1259494408286N00301080EA0243502670
LXVVT+157H463I113W130029N-010D262+002+002G011X01
B1259504408286N00301069EA0243402668
LXVVT+157H463I114W129030N-006D263-002-001G010X03
B1259514408286N00301058EA0243202666
LXVVT+157H462I117W127031N+003D262-006-004G010X02
B1259524408285N00301046EA0243002664
LXVVT+158H462I123W128031N+001D265-003-002G010X02
B1259534408283N00301034EA0242702661
LXVVT+158H461I119W126032N-016D259+001+002G010X02
B1259544408283N00301022EA0242502659
LXVVT+158H460I122W124032N-021D264+003+005G010X02
B1259554408283N00301011EA0242202657
LXVVT+159H460I120W125031N-018D269+000+007G010X02
B1259564408284N00300999EA0242002654
LXVVT+159H459I113W125032N-026D265+005+004G010X02
B1259574408284N00300989EA0241802651
LXVVT+159H459I113W124030N-017D267+002-006G010X02
B1259584408285N00300979EA0241602649
LXVVT+159H459I111W125028N-006D262-004-010G011X02
B1259594408285N00300968EA0241302646
LXVVT+159H459I119W130028N-006D257-006-008G010X01
B1300004408283N00300957EA0241102643
LXVVT+160H458I122W134028N-006D258-003-002G011X00
B1300014408282N00300946EA0240902642
LXVVT+159H458I124W133028N-012D253-001+001G011X01
B1300024408280N00300935EA0240802640
LXVVT+160H458I129W132028N-005D254+000-001G010X01
B1300034408278N00300923EA0240702640
LXVVT+160H457I126W130028N+001D256+002+002G011X01
B1300044408277N00300912EA0240702640
LXVVT+160H457I125W130028N+005D251+001+003G010X01
B1300054408275N00300901EA0240802641
LXVVT+160H457I122W129028N+010D251+001+001G010X01
B1300064408273N00300890EA0240902642
LXVVT+161H456I120W129028N+012D255+002+002G010X02
B1300074408272N00300880EA0240902642
LXVVT+161H455I108W128028N+008D254+003+004G010X01
B1300084408271N00300871EA0241002643
LXVVT+161H455I106W128028N+004D246+000+000G009X01
B1300094408270N00300861EA0240902642
LXVVT+161H455I105W130029N+003D246-005-003G009X01
B1300104408268N00300852EA0240702640
LXVVT+162H455I110W131028N+001D247-007-003G010X01
B1300114408266N00300842EA0240402637
LXVVT+161H455I129W139030N+004D241-006-002G011X04
B1300124408264N00300832EA0240302636
LXVVT+161H456I130W145032N+009D237-003-002G011X01
B1300134408262N00300822EA0240302636
LXVVT+161H455I123W146033N+002D246+003+000G011X02
B1300144408260N00300812EA0240302635
LXVVT+161H455I107W143034N-013D247+006+004G009X04
B1300154408258N00300803EA0240302635
LXVVT+161H455I107W142034N-008D247+003+004G010X01
B1300164408257N00300794EA0240202634
LXVVT+161H454I107W143033N+013D249-005+000G010X03
B1300174408255N00300785EA0240102634
LXVVT+162H454I115W146032N+022D244-005-001G011X02
B1300184408254N00300775EA0240202634
LXVVT+162H454I118W147032N+012D238-001+000G010X01
B1300194408253N00300766EA0240302635
LXVVT+162H454I111W149034N+006D246+002-002G010X01
B1300204408251N00300757EA0240302636
LXVVT+162H454I105W146034N+006D241+002-002G009X01
B1300214408250N00300748EA0240402636
LXVVT+162H453I106W146034N+012D240-002-002G010X01
B1300224408248N00300739EA0240402636
LXVVT+161H453I115W146034N+021D242-007-002G011X02
B1300234408245N00300729EA0240402637
LXVVT+161H453I128W149034N+031D239-005-001G013X01
B1300244408243N00300719EA0240602639
LXVVT+161H453I127W151035N+030D241+002+001G012X01
B1300254408241N00300710EA0240902643
LXVVT+161H453I124W153035N+026D239+005-002G009X03
B1300264408239N00300701EA0241302645
LXVVT+161H454I108W154036N+019D236+008+000G011X01
B1300274408238N00300694EA0241502648
LXVVT+161H454I094W155036N+021D237+003+003G009X02
B1300284408237N00300688EA0241602648
LXVVT+161H454I091W156037N+020D237-007+001G009X03
B1300294408235N00300680EA0241502647
LXVVT+161H454I091W156037N+016D245-012+000G011X03
B1300304408234N00300671EA0241302646
LXVVT+161H454I108W154039N+017D238-012+000G010X03
B1300314408232N00300662EA0241202645
LXVVT+161H454I129W154040N+016D232-002-002G013X02
B1300324408230N00300652EA0241402647
LXVVT+161H454I132W157040N+016D241+008+002G011X01
B1300334408228N00300642EA0241902651
LXVVT+160H454I113W156039N+027D229+008+000G012X05
B1300344408227N00300634EA0242302656
LXVVT+160H455I106W156041N+034D234+004-003G010X02
B1300354408226N00300626EA0242702660
LXVVT+161H454I091W155040N+039D228+001-002G009X01
B1300364408225N00300619EA0242902663
LXVVT+161H454I080W153039N+030D228-002-002G008X03
B1300374408224N00300612EA0243102664
LXVVT+161H454I085W153038N+026D232-006-001G010X01
B1300384408225N00300604EA0243302666
LXVVT+161H454I085W154038N+029D248-005+010G011X03
B1300394408226N00300596EA0243402666
LXVVT+161H454I086W153040N+024D279-006+022G010X01
B1300404408231N00300588EA0243402666
LXVVT+161H454I096W152044N+019D299-008+026G011X02
B1300414408239N00300581EA0243302665
LXVVT+161H453I114W153047N+018D335-004+027G014X01
B1300424408249N00300578EA0243302666
LXVVT+161H454I118W157049N+021D359+003+037G014X03
B1300434408259N00300582EA0243502668
LXVVT+160H454I116W166052N+013D030+008+041G013X02
B1300444408267N00300590EA0243702670
LXVVT+160H454I117W172052N+015D067+004+038G013X01
B1300454408270N00300600EA0243902673
LXVVT+160H454I112W176050N+027D090+004+031G012X01
B1300464408271N00300609EA0244202677
LXVVT+160H455I104W179048N+030D119+005+030G011X01
B1300474408269N00300615EA0244602680
LXVVT+159H455I095W179047N+026D142+002+031G010X01
B1300484408266N00300619EA0244702681
LXVVT+159H456I091W180046N+023D166-004+030G010X02
B1300494408262N00300618EA0244802681
LXVVT+159H456I099W180045N+020D197-006+029G011X02
B1300504408259N00300614EA0244802681
LXVVT+159H456I107W181047N+015D210-004+030G012X01
B1300514408257N00300605EA0244802681
LXVVT+159H456I115W181047N+018D244-001+033G014X02
B1300524408259N00300595EA0245002682
LXVVT+159H457I117W179047N+013D270+004+035G013X01
B1300534408264N00300585EA0245102684
LXVVT+159H457I116W179047N+021D304+004+036G014X01
B1300544408272N00300579EA0245402687
LXVVT+159H458I113W179046N+025D328+004+032G012X01
B1300554408281N00300577EA0245702691
LXVVT+158H458I105W179045N+026D355+002+029G011X01
B1300564408289N00300579EA0245902693
LXVVT+158H459I098W179044N+026D023-001+026G010X01
B1300574408297N00300583EA0246102696
LXVVT+158H458I096W179044N+029D042-003+026G010X01
B1300584408302N00300591EA0246302697
LXVVT+158H459I097W180044N+029D069-005+027G011X01
B1300594408305N00300600EA0246402698
LXVVT+158H459I100W182044N+024D096-004+031G012X01
B1301004408305N00300609EA0246502699
LXVVT+158H459I106W183044N+018D125-002+036G012X01
B1301014408302N00300614EA0246502699
LXVVT+157H459I108W183043N+013D153-002+041G013X01
B1301024408297N00300615EA0246502699
LXVVT+157H460I115W183043N+012D185-002+040G013X01
B1301034408293N00300610EA0246602700
LXVVT+157H460I119W183044N+015D217+002+038G014X01
B1301044408292N00300601EA0246702701
LXVVT+156H461I115W183044N+015D257+004+039G012X02
B1301054408294N00300592EA0246802702
LXVVT+156H462I104W183044N+008D278+001+037G011X04
B1301064408300N00300584EA0246802703
LXVVT+156H462I105W183044N+010D311-004+023G013X01
B1301074408307N00300578EA0247102705
LXVVT+156H462I104W183044N+029D334+001+017G014X04
B1301084408315N00300575EA0247502709
LXVVT+156H463I095W183044N+041D342+004+020G011X01
B1301094408323N00300575EA0247902714
LXVVT+156H463I091W182041N+041D017+002+028G010X01
B1301104408329N00300579EA0248302718
LXVVT+156H463I098W177037N+045D036-003+026G010X02
B1301114408334N00300585EA0248502720
LXVVT+156H463I112W162036N+040D070-002+033G011X04
B1301124408336N00300593EA0248602721
LXVVT+155H464I092W162036N+007D071+001+035G010X00
B1301134408335N00300601EA0248602721
LXVVT+155H464I097W166033N+015D123+006+016G013X00
B1301144408332N00300607EA0248702722
LXVVT+156H465I106W167033N+031D134+007+010G012X04
B1301154408328N00300613EA0249002725
LXVVT+155H465I096W167031N+036D147+004+016G009X01
B1301164408324N00300615EA0249202727
LXVVT+155H465I081W166028N+020D170+008+030G011X03
B1301174408320N00300614EA0249302729
LXVVT+155H465I086W166027N+006D178+003+016G011X02
B1301184408316N00300612EA0249402730
LXVVT+155H464I087W170029N+023D206+002+009G011X03
B1301194408313N00300607EA0249602732
LXVVT+155H464I083W172029N+027D207+002+008G010X01
B1301204408312N00300602EA0249802733
LXVVT+155H465I080W172029N+015D231+003+017G010X03
B1301214408311N00300595EA0249802733
LXVVT+155H465I082W172029N+010D235+000+017G010X02
B1301224408311N00300586EA0249802733
LXVVT+155H465I087W170030N+017D266-002+005G011X01
B1301234408313N00300577EA0249902734
LXVVT+155H465I089W166031N+026D273+000-001G012X02
B1301244408314N00300567EA0250002736
LXVVT+155H465I082W160034N+021D265+006+001G011X01
B1301254408316N00300558EA0250202738
LXVVT+155H465I074W156037N+019D271+007+005G010X02
B1301264408319N00300550EA0250402740
LXVVT+155H465I066W153041N+023D285+001+004G009X02
B1301274408322N00300542EA0250502742
LXVVT+155H465I071W152043N+027D292-004+004G010X01
B1301284408327N00300533EA0250602743
LXVVT+155H465I079W152045N+032D302-008+006G011X02
B1301294408333N00300526EA0250802744
LXVVT+155H465I090W152045N+034D327-004+016G011X01
B1301304408340N00300520EA0250902745
LXVVT+155H465I096W152045N+027D340-001+024G011X00
B1301314408349N00300518EA0251002746
LXVVT+154H465I100W153045N+019D013-001+029G013X02
B1301324408357N00300521EA0251202748
LXVVT+155H465I102W154046N+025D042-004+033G010X02
B1301334408363N00300528EA0251302750
LXVVT+154H466I109W154046N+025D066-002+033G014X02
B1301344408367N00300536EA0251502751
LXVVT+154H466I108W156045N+022D097+001+028G012X01
B1301354408366N00300544EA0251802754
LXVVT+153H467I112W155046N+025D120+007+031G014X03
B1301364408363N00300548EA0252002757
LXVVT+152H468I110W155050N+027D150+002+030G010X02
B1301374408359N00300547EA0252202759
LXVVT+152H468I102W156052N+022D179+001+028G012X03
B1301384408356N00300542EA0252402761
LXVVT+152H468I099W157052N+020D207+001+020G010X01
B1301394408354N00300535EA0252502762
LXVVT+152H469I092W156052N+024D228+002+016G013X01
B1301404408354N00300527EA0252702763
LXVVT+152H469I093W157052N+028D252+000+020G011X02
B1301414408356N00300516EA0252902765
LXVVT+152H470I100W158052N+030D277-002+025G011X00
B1301424408362N00300506EA0253002766
LXVVT+152H470I104W158052N+028D305-003+031G012X01
B1301434408370N00300499EA0253102767
LXVVT+152H470I110W158052N+027D342-004+030G013X01
B1301444408380N00300496EA0253202769
LXVVT+151H471I113W157051N+028D001+000+032G014X01
B1301454408389N00300499EA0253502772
LXVVT+151H472I116W156051N+030D042-003+035G012X01
B1301464408395N00300506EA0253702775
LXVVT+151H472I117W154051N+031D068-003+039G012X03
B1301474408397N00300513EA0254002778
LXVVT+150H473I119W151053N+025D107+000+036G013X02
B1301484408395N00300518EA0254202780
LXVVT+150H474I121W150057N+029D138-001+037G013X01
B1301494408391N00300519EA0254402783
LXVVT+149H475I118W151060N+023D168+000+034G012X02
B1301504408388N00300514EA0254602784
LXVVT+149H476I109W152061N+019D207+002+031G013X02
B1301514408386N00300504EA0254802787
LXVVT+148H476I104W151061N+024D231+000+023G012X01
B1301524408387N00300493EA0255002789
LXVVT+149H476I107W151061N+029D267+003+022G012X02
B1301534408391N00300483EA0255302792
LXVVT+149H477I096W151061N+030D280+004+021G011X03
B1301544408397N00300473EA0255502794
LXVVT+149H477I092W151062N+030D315+003+020G013X01
B1301554408405N00300467EA0255702797
LXVVT+148H477I101W150061N+040D332-002+018G011X03
B1301564408414N00300464EA0256102801
LXVVT+148H478I111W148058N+055D004+000+022G013X02
B1301574408422N00300465EA0256502806
LXVVT+149H478I111W144056N+056D036+005+032G013X02
B1301584408428N00300470EA0256902810
LXVVT+148H478I102W143056N+038D062+002+041G010X02
B1301594408430N00300477EA0257002812
LXVVT+148H479I103W146053N+027D106-006+039G011X02
B1302004408429N00300484EA0257102812
LXVVT+148H478I117W147052N+029D138-009+035G015X00
B1302014408424N00300486EA0257302815
LXVVT+147H480I124W147052N+029D167-002+035G016X00
B1302024408419N00300482EA0257702819
LXVVT+147H480I135W151055N+035D208+004+042G014X06
B1302034408417N00300472EA0258002822
LXVVT+146H481I121W153055N+023D237+001+048G011X04
B1302044408419N00300460EA0258102823
LXVVT+145H482I116W153055N+010D277-002+044G013X02
B1302054408426N00300449EA0258002823
LXVVT+145H484I127W152056N+010D319-003+027G016X00
B1302064408436N00300443EA0258302826
LXVVT+144H484I135W152055N+033D347+002+026G015X00
B1302074408445N00300442EA0258902831
LXVVT+145H485I124W149053N+062D022+006+041G013X01
B1302084408452N00300448EA0259202834
LXVVT+144H486I114W147052N+039D056+003+047G011X02
B1302094408455N00300456EA0259302835
LXVVT+143H487I115W149051N+021D093-004+040G013X02
B1302104408453N00300464EA0259302836
LXVVT+143H488I124W151048N+023D129-003+030G015X00
B1302114408449N00300469EA0259602839
LXVVT+142H489I124W150045N+041D160+004+033G014X01
B1302124408443N00300468EA0260002842
LXVVT+143H489I110W148043N+028D192+004+038G011X01
B1302134408439N00300462EA0260102845
LXVVT+143H490I110W148042N+021D215-001+034G012X01
B1302144408438N00300452EA0260402847
LXVVT+142H490I112W148042N+036D253-001+025G013X03
B1302154408439N00300441EA0260702851
LXVVT+143H491I106W146043N+042D274-001+025G011X01
B1302164408443N00300431EA0261102855
LXVVT+143H490I109W147042N+032D307+003+033G011X02
B1302174408449N00300424EA0261302857
LXVVT+142H491I100W147039N+016D319+002+032G011X03
B1302184408457N00300421EA0261402858
LXVVT+142H492I106W144037N+028D000-001+020G013X03
B1302194408465N00300421EA0261702861
LXVVT+142H492I105W142036N+039D011+002+014G013X01
B1302204408471N00300424EA0262102865
LXVVT+142H493I098W143036N+039D039+006+017G011X02
B1302214408476N00300429EA0262402869
LXVVT+142H494I086W146036N+032D056+005+023G010X02
B1302224408479N00300436EA0262602871
LXVVT+142H494I084W150034N+025D084-001+023G010X03
B1302234408480N00300442EA0262702872
LXVVT+142H494I096W151034N+036D116-006+020G012X01
B1302244408477N00300449EA0262802874
LXVVT+142H494I105W151033N+041D133-002+021G012X01
B1302254408473N00300452EA0263102876
LXVVT+141H495I111W151034N+035D165+002+029G012X01
B1302264408468N00300451EA0263302879
LXVVT+141H495I108W152035N+028D188+004+031G012X01
B1302274408464N00300445EA0263502882
LXVVT+141H496I111W153035N+028D222+000+034G012X02
B1302284408462N00300436EA0263702883
LXVVT+141H495I107W152035N+032D247-004+032G013X02
B1302294408463N00300424EA0263902885
LXVVT+141H495I106W148037N+029D273-002+029G012X02
B1302304408467N00300414EA0264102888
LXVVT+141H496I110W147038N+029D307+001+025G012X02
B1302314408474N00300406EA0264502891
LXVVT+140H496I104W147039N+036D326+004+026G012X01
B1302324408482N00300402EA0264802895
LXVVT+140H497I100W146038N+035D351+003+024G011X01
B1302334408489N00300402EA0265102898
LXVVT+139H498I100W143037N+037D021+001+022G011X01
B1302344408495N00300405EA0265402900
LXVVT+139H498I092W142036N+036D044-001+022G010X03
B1302354408499N00300411EA0265502902
LXVVT+139H498I089W144036N+028D068-002+025G010X03
B1302364408501N00300418EA0265502902
LXVVT+139H499I095W147034N+025D104-005+026G012X01
B1302374408499N00300426EA0265502902
LXVVT+139H499I109W148032N+030D132-007+032G013X02
B1302384408494N00300430EA0265502902
LXVVT+138H500I127W148034N+033D163-006+041G014X01
B1302394408488N00300427EA0265502903
LXVVT+137H502I133W149035N+032D199-003+047G015X01
B1302404408484N00300418EA0265602904
LXVVT+137H503I128W149035N+013D235-002+043G014X01
B1302414408484N00300406EA0265702906
LXVVT+137H502I125W149035N+010D275-004+039G014X01
B1302424408488N00300395EA0265902908
LXVVT+136H504I116W148036N+012D297+000+033G013X01
B1302434408496N00300387EA0266202910
LXVVT+136H504I115W148038N+017D330+003+021G014X02
B1302444408504N00300383EA0266702915
LXVVT+135H505I111W147036N+038D348+008+015G012X01
B1302454408511N00300383EA0267202920
LXVVT+135H506I102W140034N+051D014+009+015G010X02
B1302464408517N00300384EA0267702925
LXVVT+135H507I082W135033N+046D033+002+013G008X03
B1302474408521N00300387EA0267902927
LXVVT+136H507I073W137033N+034D052-003+004G009X03
B1302484408525N00300392EA0267902927
LXVVT+136H508I075W139033N+021D048-005+001G009X01
B1302494408529N00300397EA0267902927
LXVVT+136H508I081W141032N+021D053-006-003G011X01
B1302504408533N00300403EA0267902928
LXVVT+136H509I084W144031N+022D060-002-009G012X01
B1302514408538N00300409EA0268002930
LXVVT+135H509I088W146031N+025D050+003-019G011X03
B1302524408543N00300412EA0268202931
LXVVT+135H509I083W147031N+022D031+000-029G010X01
B1302534408550N00300413EA0268302932
LXVVT+135H509I089W147030N+019D011-003-028G011X01
B1302544408557N00300410EA0268402932
LXVVT+134H510I101W148026N+026D346-006-024G011X01
B1302554408563N00300405EA0268402933
LXVVT+134H511I095W149024N+026D324-002-024G011X02
B1302564408568N00300397EA0268502934
LXVVT+134H511I089W146026N+012D307+005-021G011X01
B1302574408571N00300389EA0268502935
LXVVT+134H512I088W145026N+007D287+003-018G010X01
B1302584408573N00300380EA0268602936
LXVVT+134H512I087W147026N+014D283-002-008G009X01
B1302594408575N00300371EA0268502935
LXVVT+134H512I086W146026N+012D284-008+006G009X01
B1303004408578N00300362EA0268402934
LXVVT+134H513I097W146026N+010D281-004+008G012X02
B1303014408581N00300352EA0268402934
LXVVT+133H514I107W146026N+017D283+001-005G011X02
B1303024408583N00300341EA0268502935
LXVVT+132H516I112W147025N+021D280+002-017G010X01
B1303034408584N00300330EA0268502935
LXVVT+132H516I107W145025N+007D269+004-020G011X01
B1303044408584N00300319EA0268402935
LXVVT+133H516I106W141025N+004D258+004-010G010X01
B1303054408582N00300309EA0268402934
LXVVT+133H516I106W136024N+014D254+001+000G010X01
B1303064408581N00300298EA0268402934
LXVVT+133H516I111W133024N+016D249+000+006G011X01
B1303074408580N00300287EA0268402934
LXVVT+132H517I115W134024N+021D254+000+002G010X01
B1303084408580N00300276EA0268502934
LXVVT+132H518I113W133024N+018D258+002-002G011X01
B1303094408579N00300264EA0268502935
LXVVT+131H518I116W134024N+017D259+001-002G010X01
B1303104408578N00300253EA0268502935
LXVVT+132H518I111W131025N+018D259+001-003G010X01
B1303114408578N00300241EA0268602935
LXVVT+133H518I105W127026N+015D258+001-003G010X01
B1303124408577N00300229EA0268702936
LXVVT+132H518I106W119028N+013D247+004+000G010X02
B1303134408576N00300218EA0268802937
LXVVT+131H520I105W116028N+014D248+001-003G010X02
B1303144408575N00300206EA0268902938
LXVVT+131H521I107W115028N+023D249-002-003G010X01
B1303154408574N00300195EA0268802938
LXVVT+131H521I105W114028N+018D255-001+003G010X01
B1303164408574N00300183EA0268702937
LXVVT+131H522I105W113030N+003D255-001+006G009X01
B1303174408574N00300171EA0268702936
LXVVT+130H523I111W112031N+002D254-001+003G009X01
B1303184408573N00300159EA0268502934
LXVVT+129H524I110W112032N+004D257-003-001G009X02
B1303194408573N00300146EA0268302932
LXVVT+129H525I109W111034N-001D260+000-002G011X01
B1303204408573N00300133EA0268102930
LXVVT+129H525I109W110038N-008D259-001-001G010X01
B1303214408573N00300119EA0267902928
LXVVT+129H526I113W109040N-004D258-002-003G010X01
B1303224408572N00300105EA0267602925
LXVVT+129H526I113W107044N-004D261-001-002G011X01
B1303234408571N00300091EA0267502924
LXVVT+130H527I118W105047N-002D257+001-001G011X02
B1303244408570N00300076EA0267302922
LXVVT+130H526I118W104049N-001D260+002+004G010X03
B1303254408570N00300062EA0267202921
LXVVT+130H526I100W104054N-011D261+005+009G010X03
B1303264408570N00300048EA0267202920
LXVVT+130H526I105W102057N-008D253+003-001G010X01
B1303274408570N00300034EA0267002919
LXVVT+129H527I108W102057N-004D246-006-012G011X00
B1303284408569N00300020EA0266702916
LXVVT+129H527I099W101059N-017D252-001-014G011X01
B1303294408567N00300007EA0266502914
LXVVT+129H528I101W099059N-014D247+000-008G010X03
B1303304408565N00259995EA0266202911
LXVVT+129H528I096W097060N-018D251+002+000G010X01
B1303314408563N00259982EA0265902908
LXVVT+130H528I093W095061N-024D260+000+010G009X01
B1303324408562N00259968EA0265502904
LXVVT+130H527I101W095062N-024D262-005+014G009X03
B1303334408562N00259954EA0265002899
LXVVT+130H528I116W094061N-020D258-005+004G012X02
B1303344408561N00259939EA0264802896
LXVVT+130H528I128W091057N+000D267+000-005G011X03
B1303354408561N00259925EA0264702895
LXVVT+129H529I117W090056N-005D264+007-006G011X02
B1303364408560N00259911EA0264602893
LXVVT+129H529I105W090056N-026D261+008-003G008X01
B1303374408559N00259898EA0264302890
LXVVT+129H530I095W090057N-024D265+004+003G009X03
B1303384408558N00259886EA0264002887
LXVVT+129H530I103W090055N-010D263-002+002G011X03
B1303394408558N00259873EA0263702884
LXVVT+129H530I099W089053N-004D274-006+000G009X03
B1303404408558N00259861EA0263402880
LXVVT+130H530I101W089053N-018D274-004+001G010X02
B1303414408557N00259847EA0263002876
LXVVT+130H530I113W089053N-026D266-003-001G010X01
B1303424408557N00259832EA0262602873
LXVVT+131H528I123W089052N-016D266-002-003G011X01
B1303434408556N00259818EA0262302870
LXVVT+130H529I115W088053N-019D264+003-003G011X02
B1303444408555N00259804EA0262102867
LXVVT+131H528I107W088055N-025D262+006+005G010X03
B1303454408554N00259790EA0262002865
LXVVT+131H528I105W088055N-017D257+003+003G010X02
B1303464408554N00259777EA0261802863
LXVVT+131H527I104W088055N-009D266-004-003G009X01
B1303474408553N00259763EA0261402860
LXVVT+132H527I109W089056N-007D263-005-005G010X01
B1303484408552N00259749EA0261202857
LXVVT+132H526I119W089056N-010D258-002-005G011X01
B1303494408550N00259734EA0261002855
LXVVT+133H525I117W089057N-012D262+002+001G010X01
B1303504408549N00259720EA0260902854
LXVVT+132H525I119W089057N-011D250+002+000G011X03
B1303514408547N00259706EA0260802853
LXVVT+132H525I111W092056N-008D257+003-003G011X01
B1303524408546N00259693EA0260702851
LXVVT+133H524I094W092057N-014D263+006+003G009X02
B1303534408545N00259681EA0260402849
LXVVT+133H523I092W092057N-022D260+002+003G009X01
B1303544408543N00259670EA0260102846
LXVVT+134H523I097W092054N-017D264-004-001G009X02
B1303554408542N00259658EA0259702841
LXVVT+134H522I105W089051N-010D265-008-004G010X01
B1303564408541N00259645EA0259202836
LXVVT+134H521I121W084046N-017D266-007-001G010X01
B1303574408539N00259631EA0258702831
LXVVT+134H520I130W077042N-021D270-002+003G011X01
B1303584408538N00259617EA0258302827
LXVVT+134H520I131W072041N-023D274+000+006G011X01
B1303594408537N00259603EA0258002824
LXVVT+135H519I132W069040N-024D275+003+005G011X01
B1304004408536N00259589EA0257702821
LXVVT+135H519I126W067039N-022D275+004+001G010X01
B1304014408535N00259576EA0257502818
LXVVT+135H518I121W067039N-019D274+002-002G010X00
B1304024408534N00259563EA0257202815
LXVVT+136H517I117W067040N-020D271+001-004G010X01
B1304034408532N00259550EA0256902812
LXVVT+137H516I122W067039N-014D267-003-004G008X01
B1304044408531N00259536EA0256502808
LXVVT+137H515I120W067039N-018D268-001+000G011X01
B1304054408529N00259523EA0256102804
LXVVT+138H514I122W067038N-025D269-001+003G009X02
B1304064408527N00259510EA0255702800
LXVVT+138H513I119W067039N-032D265+001+002G010X02
B1304074408525N00259497EA0255402795
LXVVT+138H512I122W068038N-029D261+001-004G010X02
B1304084408523N00259484EA0255002791
LXVVT+139H511I114W068038N-026D268+000-002G010X01
B1304094408521N00259471EA0254502787
LXVVT+139H510I115W068038N-032D263+000+004G010X01
B1304104408519N00259458EA0254102783
LXVVT+139H509I122W068038N-025D267-003+005G010X02
B1304114408517N00259445EA0253802779
LXVVT+140H508I124W068038N-016D269-005+004G011X01
B1304124408516N00259430EA0253502776
LXVVT+139H507I132W068038N-011D265+000+000G011X03
B1304134408515N00259416EA0253402775
LXVVT+140H506I126W068039N-012D266+003-003G010X01
B1304144408513N00259402EA0253302774
LXVVT+140H506I119W068040N-013D262+004-004G010X02
B1304154408511N00259389EA0253202773
LXVVT+140H505I114W067042N-008D261+001-006G010X01
B1304164408509N00259376EA0253102772
LXVVT+141H504I121W067042N+003D265-001-003G009X01
B1304174408506N00259364EA0252802770
LXVVT+142H502I119W067040N-002D263+001+002G013X01
B1304184408504N00259351EA0252802769
LXVVT+142H502I114W067040N-006D258+003+008G010X02
B1304194408502N00259339EA0252902770
LXVVT+142H502I111W069038N+002D260+003+009G010X01
B1304204408502N00259328EA0252902770
LXVVT+142H500I103W069035N+004D264+001+005G009X01
B1304214408502N00259317EA0252902769
LXVVT+142H500I106W068033N+005D257-003-006G008X01
B1304224408501N00259306EA0252702767
LXVVT+142H500I109W070030N+005D257-009-014G010X05
B1304234408500N00259294EA0252302764
LXVVT+143H499I111W070029N-010D261-007-007G011X01
B1304244408497N00259282EA0252002761
LXVVT+143H499I128W070029N-013D255-005+001G011X03
B1304254408495N00259269EA0251902760
LXVVT+143H498I136W074026N-006D262+003+006G011X02
B1304264408494N00259256EA0251902759
LXVVT+143H498I134W067023N+001D267+004+007G011X01
B1304274408493N00259245EA0251902760
LXVVT+143H498I123W058022N+000D275+005+008G010X01
B1304284408493N00259234EA0251902759
LXVVT+143H497I108W056022N-004D271+004+003G010X01
B1304294408492N00259224EA0251902759
LXVVT+143H497I109W051021N+005D269-004-004G008X01
B1304304408491N00259213EA0251602756
LXVVT+144H496I110W049019N+006D268-007-007G010X02
B1304314408490N00259202EA0251302753
LXVVT+145H495I114W046019N-005D266-005-003G010X01
B1304324408488N00259191EA0251102751
LXVVT+145H495I125W045018N-004D259-003+000G011X02
B1304334408487N00259179EA0251002749
LXVVT+145H494I135W046015N+003D262+000+002G010X02
B1304344408485N00259167EA0250802748
LXVVT+145H494I125W043014N-010D270+006+007G011X02
B1304354408485N00259157EA0250702746
LXVVT+145H493I117W044014N-019D264+004+004G010X02
B1304364408485N00259146EA0250602745
LXVVT+145H493I119W045010N-002D264+000-003G009X02
B1304374408484N00259136EA0250402743
LXVVT+145H492I120W037008N+005D262-005-007G010X03
B1304384408483N00259126EA0250002739
LXVVT+146H490I123W029004N-003D263-004-007G012X01
B1304394408482N00259115EA0249802737
LXVVT+147H489I119W026004N-011D260+000+000G011X02
B1304404408481N00259105EA0249602736
LXVVT+147H488I122W020004N-009D265+002+004G011X01
B1304414408480N00259094EA0249602735
LXVVT+148H487I118W022004N-010D266+003+004G011X01
B1304424408479N00259084EA0249502734
LXVVT+148H486I116W015004N-002D264+000+002G009X02
B1304434408479N00259074EA0249402732
LXVVT+148H485I110W024003N-001D267-002-002G010X05
B1304444408478N00259064EA0249202730
LXVVT+148H485I116W019004N+002D265-007-007G010X03
B1304454408477N00259052EA0249002728
LXVVT+149H485I126W032004N+012D262-009-002G013X01
B1304464408476N00259040EA0249002728
LXVVT+148H486I138W037005N+020D263+001+004G013X03
B1304474408475N00259028EA0249302731
LXVVT+148H486I131W041005N+022D267+008+004G013X02
B1304484408475N00259017EA0249602735
LXVVT+148H485I114W066006N+022D266+005+002G008X02
B1304494408474N00259007EA0250002737
LXVVT+148H486I100W054009N+023D263+005-003G012X03
B1304504408473N00258997EA0250202741
LXVVT+148H486I088W062013N+028D259-002-003G009X01
B1304514408473N00258987EA0250402743
LXVVT+148H485I091W053017N+031D254-007+000G009X01
B1304524408472N00258977EA0250502744
LXVVT+147H486I092W052020N+025D251-009+004G010X01
B1304534408472N00258965EA0250702745
LXVVT+147H486I106W046023N+033D253-010+000G010X03
B1304544408471N00258953EA0250902747
LXVVT+147H486I105W047025N+027D254-003-007G010X02
B1304554408470N00258942EA0251002749
LXVVT+147H486I098W048028N+017D252+005-007G011X02
B1304564408469N00258932EA0251202751
LXVVT+147H486I089W050030N+016D250+002+000G009X01
B1304574408468N00258921EA0251402753
LXVVT+147H486I095W056028N+021D240-001+005G010X01
B1304584408467N00258911EA0251502754
LXVVT+147H486I099W067023N+021D249-005+003G008X02
B1304594408467N00258901EA0251402753
LXVVT+148H486I091W072022N+008D263-002+003G010X02
B1305004408467N00258891EA0251202752
LXVVT+148H486I093W082024N-005D265-004+006G009X01
B1305014408467N00258880EA0251002749
LXVVT+148H486I103W084025N-010D264-005+003G010X01
B1305024408468N00258869EA0250802746
LXVVT+148H486I113W083024N-001D261-003-004G011X01
B1305034408467N00258857EA0250602745
LXVVT+148H485I117W079021N+005D268+003-006G012X02
B1305044408467N00258846EA0250602746
LXVVT+148H485I102W080022N-001D268+007+002G010X01
B1305054408467N00258836EA0250602746
LXVVT+148H485I104W082021N-004D260+007+007G010X03
B1305064408467N00258826EA0250702746
LXVVT+148H485I104W095018N+008D263+000+004G008X02
B1305074408467N00258817EA0250602745
LXVVT+148H484I093W098017N+009D269-005-001G008X04
B1305084408468N00258807EA0250302742
LXVVT+149H482I100W098017N-005D270-008-005G009X03
B1305094408468N00258796EA0249902738
LXVVT+149H482I117W090014N-003D274-006-003G011X02
B1305104408468N00258785EA0249602735
LXVVT+149H481I123W084013N-006D270+000+002G012X03
B1305114408468N00258774EA0249602734
LXVVT+150H480I120W082011N-002D273+006+003G011X03
B1305124408469N00258764EA0249602735
LXVVT+150H479I107W085011N+000D271+008+006G010X02
B1305134408470N00258755EA0249902736
LXVVT+150H479I105W105010N+012D264+006-002G010X02
B1305144408471N00258746EA0250102738
LXVVT+150H478I094W140010N+029D265+001-003G010X02
B1305154408472N00258738EA0250302741
LXVVT+150H478I086W138011N+033D261-007-001G010X02
B1305164408473N00258728EA0250502743
LXVVT+149H478I096W133010N+033D259-009-002G010X01
B1305174408474N00258718EA0250602745
LXVVT+149H478I105W131010N+031D266-001+001G012X03
B1305184408475N00258708EA0251002749
LXVVT+149H478I099W131011N+037D267+002+005G011X02
B1305194408476N00258700EA0251302753
LXVVT+148H478I089W132012N+033D271+003+002G009X03
B1305204408478N00258692EA0251702757
LXVVT+148H479I094W137010N+040D269-001-007G011X01
B1305214408479N00258684EA0252202761
LXVVT+148H479I087W155010N+057D272-003-007G011X04
B1305224408481N00258677EA0252702767
LXVVT+149H478I083W162007N+057D279+000+004G010X01
B1305234408484N00258672EA0253202771
LXVVT+149H479I075W165007N+045D304-003+017G009X03
B1305244408488N00258667EA0253402774
LXVVT+149H478I085W164007N+040D330-010+022G010X01
B1305254408495N00258665EA0253502775
LXVVT+149H478I108W158006N+046D356-010+025G013X02
B1305264408503N00258668EA0253702776
LXVVT+149H478I131W115005N+051D033-003+032G014X05
B1305274408509N00258677EA0254002779
LXVVT+149H478I125W153003N+037D054+004+040G013X02
B1305284408511N00258688EA0254302782
LXVVT+149H478I121W210003N+022D092+007+045G013X02
B1305294408508N00258698EA0254402785
LXVVT+149H478I118W255003N+017D125+000+050G012X02
B1305304408503N00258704EA0254502786
LXVVT+148H479I117W240003N+008D150-002+043G013X01
B1305314408496N00258706EA0254602787
LXVVT+148H480I115W218005N+016D186-003+032G013X01
B1305324408490N00258703EA0254802790
LXVVT+147H480I115W215008N+024D203+000+025G013X01
B1305334408485N00258697EA0255202793
LXVVT+147H481I109W219010N+026D231+005+022G012X03
B1305344408483N00258689EA0255602797
LXVVT+147H481I099W219010N+029D239+003+019G010X03
B1305354408483N00258682EA0256002800
LXVVT+146H481I093W215009N+033D270+006+007G012X02
B1305364408483N00258674EA0256402805
LXVVT+147H481I089W214009N+041D275+003+006G011X01
B1305374408485N00258667EA0256802809
LXVVT+146H482I090W221010N+051D283-002+009G009X03
B1305384408488N00258660EA0257102813
LXVVT+147H482I094W220010N+048D303-001+009G011X01
B1305394408493N00258655EA0257402816
LXVVT+147H482I096W224009N+042D324+001+012G011X01
B1305404408499N00258651EA0257802820
LXVVT+146H482I095W221010N+043D337+000+015G010X02
B1305414408505N00258649EA0258102823
LXVVT+146H482I096W220010N+042D351+002+011G012X01
B1305424408512N00258649EA0258502828
LXVVT+147H482I098W220010N+049D001+003+012G011X04
B1305434408518N00258651EA0259002833
LXVVT+146H483I097W220009N+058D020+004+016G012X02
B1305444408523N00258656EA0259502839
LXVVT+146H482I096W212007N+059D043+000+026G010X01
B1305454408526N00258664EA0259902842
LXVVT+146H482I108W169006N+051D069-005+031G009X01
B1305464408526N00258672EA0259902843
LXVVT+147H482I104W155007N+029D100-003+040G011X04
B1305474408523N00258680EA0259902843
LXVVT+146H482I107W156006N+015D128-004+037G011X02
B1305484408517N00258685EA0259902843
LXVVT+145H482I110W154005N+011D160-002+034G014X02
B1305494408511N00258686EA0260102845
LXVVT+145H483I110W140004N+014D173+004+025G014X03
B1305504408504N00258684EA0260502850
LXVVT+144H484I110W158004N+028D206+011+015G013X05
B1305514408500N00258680EA0261102856
LXVVT+144H485I089W182006N+036D207+012+014G009X01
B1305524408498N00258676EA0261502861
LXVVT+144H486I071W194007N+037D236+005+010G008X03
B1305534408496N00258671EA0261902865
LXVVT+144H486I066W203007N+040D243-008+001G009X02
B1305544408495N00258665EA0262102866
LXVVT+144H486I080W208008N+045D250-014-003G010X02
B1305554408493N00258658EA0262202868
LXVVT+144H486I097W220009N+044D256-010+003G011X01
B1305564408493N00258650EA0262502870
LXVVT+144H486I103W222009N+041D280-001+017G012X00
B1305574408495N00258642EA0262702873
LXVVT+145H486I100W215009N+030D302-002+032G011X02
B1305584408501N00258636EA0262802874
LXVVT+145H486I106W212009N+025D335-006+038G012X02
B1305594408508N00258635EA0262802874
LXVVT+144H486I121W218008N+025D007-006+038G015X00
B1306004408515N00258641EA0262902875
LXVVT+143H487I132W218008N+025D043-002+037G016X00
B1306014408519N00258652EA0263202878
LXVVT+142H489I133W211007N+033D082+001+041G014X01
B1306024408517N00258662EA0263602882
LXVVT+141H491I123W207007N+028D115+002+045G013X02
B1306034408512N00258669EA0263802884
LXVVT+140H492I107W234006N+018D151-001+041G012X03
B1306044408505N00258671EA0264002886
LXVVT+140H492I112W251006N+025D185-003+036G012X02
B1306054408499N00258666EA0264202889
LXVVT+140H494I125W248006N+028D213+002+031G015X00
B1306064408495N00258658EA0264602893
LXVVT+139H495I119W246008N+046D246+007+024G013X02
B1306074408495N00258649EA0265102897
LXVVT+139H496I105W239007N+043D274+008+024G011X01
B1306084408497N00258641EA0265502901
LXVVT+139H496I096W222006N+037D301+004+024G010X02
B1306094408502N00258635EA0265802904
LXVVT+139H497I095W219006N+039D323-002+023G011X01
B1306104408508N00258632EA0266002907
LXVVT+138H497I096W217006N+043D342-004+019G011X01
B1306114408514N00258632EA0266202909
LXVVT+138H497I103W219006N+043D007-001+018G011X01
B1306124408521N00258635EA0266402911
LXVVT+138H498I102W219006N+039D029+001+023G012X02
B1306134408526N00258641EA0266702914
LXVVT+138H499I100W223007N+034D053+000+030G011X01
B1306144408529N00258650EA0266902916
LXVVT+137H499I106W225008N+033D081-002+032G012X01
B1306154408528N00258660EA0267002918
LXVVT+137H500I109W222007N+031D109-003+036G012X01
B1306164408524N00258668EA0267102919
LXVVT+137H501I110W217007N+023D136-005+039G011X02
B1306174408518N00258671EA0267102919
LXVVT+136H502I114W217007N+020D175-004+034G014X01
B1306184408511N00258669EA0267202920
LXVVT+137H502I114W217007N+020D206-001+037G013X00
B1306194408506N00258662EA0267402923
LXVVT+136H503I116W217007N+013D225+006+036G014X01
B1306204408505N00258652EA0267702926
LXVVT+135H505I114W202006N+021D260+009+022G013X01
B1306214408508N00258642EA0268202930
LXVVT+135H505I103W178006N+038D286+010+017G012X02
B1306224408511N00258635EA0268602935
LXVVT+134H506I093W169008N+045D306+004+012G009X02
B1306234408516N00258630EA0269002938
LXVVT+134H507I090W169007N+047D325+003+011G012X01
B1306244408521N00258626EA0269302942
LXVVT+134H508I087W169007N+047D334-003+004G009X01
B1306254408527N00258624EA0269602945
LXVVT+134H509I090W167007N+046D351-001+006G011X01
B1306264408533N00258623EA0269902948
LXVVT+134H509I087W171007N+043D010-001+013G011X02
B1306274408539N00258626EA0270102950
LXVVT+134H509I097W170007N+037D027-004+025G010X03
B1306284408544N00258632EA0270202951
LXVVT+134H509I108W164007N+030D052-003+032G012X02
B1306294408547N00258641EA0270202951
LXVVT+134H510I116W158007N+026D093-008+039G012X02
B1306304408545N00258651EA0270102951
LXVVT+134H510I121W154008N+020D117-009+044G014X01
B1306314408539N00258657EA0270002950
LXVVT+134H511I125W154008N+020D164-005+047G016X00
B1306324408532N00258655EA0269902950
LXVVT+133H511I125W154008N+020D190+002+044G016X00
B1306334408527N00258647EA0270102953
LXVVT+132H513I129W158008N+020D222+008+030G015X00
B1306344408526N00258638EA0270602958
LXVVT+131H514I113W161008N+031D245+013+014G012X02
B1306354408526N00258630EA0271202964
LXVVT+131H515I086W157009N+041D262+011+000G009X02
B1306364408527N00258624EA0271702968
LXVVT+131H516I061W152009N+040D278+004-012G008X02
B1306374408528N00258618EA0271902970
LXVVT+132H516I054W152009N+034D268-011-012G008X02
B1306384408528N00258611EA0271902970
LXVVT+132H516I070W146010N+038D267-020-007G011X01
B1306394408527N00258602EA0271902971
LXVVT+131H517I098W136010N+043D264-012-002G013X03
B1306404408526N00258591EA0272102973
LXVVT+131H517I111W131011N+037D264+002+003G012X04
B1306414408526N00258581EA0272502977
LXVVT+130H518I103W123012N+028D255+007+004G011X00
B1306424408526N00258572EA0272902981
LXVVT+130H519I092W121014N+029D263+008-003G009X01
B1306434408525N00258563EA0273202984
LXVVT+130H520I080W116016N+030D263+000-010G007X04
B1306444408525N00258554EA0273102984
LXVVT+130H521I081W111017N+017D266-007-010G008X03
B1306454408524N00258545EA0273002982
LXVVT+130H520I094W107018N+008D253-004+000G011X01
B1306464408522N00258534EA0272802981
LXVVT+129H522I120W115017N+022D251-007+000G011X03
B1306474408520N00258523EA0272802980
LXVVT+129H522I119W117016N+021D263+000+002G011X01
B1306484408518N00258511EA0272802981
LXVVT+128H523I117W112018N+004D253+006+005G011X01
B1306494408517N00258500EA0272902981
LXVVT+128H524I112W108020N+004D261+006+002G010X01
B1306504408516N00258488EA0273002982
LXVVT+128H524I101W106023N+009D261+006+003G010X02
B1306514408515N00258478EA0273102982
LXVVT+127H525I102W106025N+019D262+002-001G010X02
B1306524408515N00258467EA0273102983
LXVVT+128H525I098W106026N+020D267-002+000G009X02
B1306534408515N00258456EA0273002982
LXVVT+128H525I103W106026N+013D261-002+000G010X01
B1306544408515N00258445EA0273002981
LXVVT+127H526I110W106026N+014D262-004-002G010X01
B1306554408514N00258433EA0272902980
LXVVT+126H527I116W106026N+017D263-005-006G010X00
B1306564408513N00258420EA0272702979
LXVVT+127H526I118W105027N+010D261+000-005G011X01
B1306574408511N00258408EA0272802980
LXVVT+126H527I126W105027N+013D255+002-006G011X02
B1306584408509N00258395EA0272802981
LXVVT+126H527I126W106027N+017D259+007-001G013X02
B1306594408508N00258384EA0273102984
LXVVT+126H529I126W113025N+027D255+007+003G010X03
B1307004408507N00258374EA0273402987
LXVVT+125H530I104W122025N+026D258+008+005G010X02
B1307014408507N00258365EA0273702990
LXVVT+125H530I091W125024N+020D256+003+001G009X03
B1307024408507N00258356EA0273802991
LXVVT+125H531I097W134023N+025D252-005-004G010X02
B1307034408507N00258347EA0273802991
LXVVT+125H531I100W142023N+030D255-009-006G009X02
B1307044408506N00258338EA0273802991
LXVVT+125H531I105W144022N+023D256-007-004G010X03
B1307054408505N00258327EA0273702990
LXVVT+125H532I119W147021N+017D255-004+000G010X03
B1307064408504N00258316EA0273802991
LXVVT+124H532I129W152021N+020D254+002+003G012X04
B1307074408503N00258305EA0274002993
LXVVT+124H533I119W155021N+023D259+005+000G011X02
B1307084408503N00258295EA0274202995
LXVVT+124H533I109W152022N+022D261+008+000G010X01
B1307094408502N00258286EA0274502997
LXVVT+123H534I102W154023N+018D251+004-004G009X02
B1307104408502N00258278EA0274602998
LXVVT+124H534I095W160025N+019D254-003-005G008X02
B1307114408501N00258270EA0274502997
LXVVT+124H534I090W160025N+015D257-008-003G010X02
B1307124408500N00258261EA0274302996
LXVVT+124H533I096W158026N+004D260-008+005G009X01
B1307134408499N00258251EA0274202993
LXVVT+124H534I109W157026N+000D253-005+004G010X01
B1307144408498N00258240EA0274002991
LXVVT+124H533I114W156026N-004D258-002-003G011X02
B1307154408497N00258229EA0273902990
LXVVT+124H533I113W152028N-003D254+000-007G011X02
B1307164408495N00258218EA0273802990
LXVVT+123H534I121W147027N+004D256+003-003G012X03
B1307174408493N00258207EA0273802990
LXVVT+123H534I116W144027N+005D250+007+001G011X01
B1307184408492N00258197EA0273902991
LXVVT+123H535I110W145027N+019D253+004+004G010X00
B1307194408491N00258187EA0273902992
LXVVT+122H535I099W142027N+008D247-002+002G009X02
B1307204408490N00258178EA0273902991
LXVVT+122H536I100W143027N+002D255-005-003G009X02
B1307214408488N00258168EA0273702989
LXVVT+123H536I096W139028N-001D254-005-003G010X03
B1307224408487N00258158EA0273502987
LXVVT+123H536I096W135029N+001D253-002+001G012X01
B1307234408486N00258147EA0273502988
LXVVT+123H536I110W133029N+012D256+004+006G012X07
B1307244408485N00258137EA0273602989
LXVVT+123H536I106W134028N+006D248+006+004G010X01
B1307254408485N00258127EA0273802990
LXVVT+123H537I098W135028N+010D254+000-008G009X03
B1307264408484N00258118EA0273702990
LXVVT+123H537I095W135028N+006D258+000-009G010X02
B1307274408482N00258108EA0273702990
LXVVT+123H536I099W136028N+008D251-002-001G010X01
B1307284408481N00258099EA0273602989
LXVVT+123H536I105W138028N+010D250-004+005G010X01
B1307294408480N00258088EA0273502988
LXVVT+123H536I109W139027N+010D254-004+007G010X01
B1307304408480N00258077EA0273502987
LXVVT+122H537I119W141026N+011D253-004+001G011X01
B1307314408479N00258066EA0273502987
LXVVT+122H538I123W143025N+015D256+000-005G011X01
B1307324408478N00258055EA0273502988
LXVVT+122H538I118W141025N+012D253+003-006G011X02
B1307334408476N00258044EA0273602989
LXVVT+122H537I113W137025N+008D253+004-004G010X01
B1307344408474N00258033EA0273702990
LXVVT+122H537I107W130024N+011D250+002+000G010X01
B1307354408472N00258022EA0273702990
LXVVT+123H537I106W125025N+014D251-001+002G009X00
B1307364408470N00258012EA0273702990
LXVVT+122H536I108W123025N+015D249-002+001G010X01
B1307374408469N00258001EA0273702990
LXVVT+122H536I119W126025N+022D245-005-004G010X01
B1307384408466N00257990EA0273702990
LXVVT+124H535I119W130025N+021D253-001+000G011X01
B1307394408465N00257980EA0273802991
LXVVT+124H535I119W130025N+013D245+005+003G012X02
B1307404408463N00257969EA0274102994
LXVVT+123H535I124W142028N+020D244+004+000G011X03
B1307414408462N00257960EA0274302997
LXVVT+123H535I116W150031N+037D243+001-002G011X02
B1307424408460N00257950EA0274703000
LXVVT+122H536I110W154035N+041D239+000-005G010X01
B1307434408458N00257942EA0275003003
LXVVT+123H537I103W155035N+037D240-002-005G009X01
B1307444408457N00257933EA0275203005
LXVVT+122H537I098W153034N+031D233-002-001G010X03
B1307454408455N00257924EA0275403007
LXVVT+123H538I097W152034N+027D239-004+000G009X01
B1307464408453N00257916EA0275503008
LXVVT+123H538I095W149033N+021D238-003+003G010X01
B1307474408451N00257906EA0275603009
LXVVT+122H539I101W146034N+024D239-004+004G010X01
B1307484408449N00257896EA0275703010
LXVVT+121H540I116W147035N+029D236-004-002G011X01
B1307494408447N00257886EA0275803012
LXVVT+121H541I111W147035N+025D242+002-002G011X02
B1307504408445N00257876EA0276003014
LXVVT+121H542I109W146036N+023D240+003+001G010X01
B1307514408443N00257866EA0276203016
LXVVT+122H542I099W143037N+017D252+002+003G009X01
B1307524408442N00257856EA0276303017
LXVVT+123H541I090W140044N+016D252-002+004G010X03
B1307534408440N00257846EA0276303018
LXVVT+123H541I097W138049N+016D249-006+004G009X02
B1307544408439N00257834EA0276303018
LXVVT+122H542I117W137049N+029D241-008-004G010X02
B1307554408437N00257822EA0276403018
LXVVT+122H542I124W137049N+030D248-002-006G011X02
B1307564408434N00257810EA0276403018
LXVVT+121H542I123W136051N+020D247+002-004G012X02
B1307574408432N00257797EA0276503020
LXVVT+122H542I122W135052N+010D248+005+004G011X02
B1307584408430N00257785EA0276703022
LXVVT+121H542I123W134052N+020D251+002+006G011X01
B1307594408428N00257773EA0276903024
LXVVT+121H543I124W134052N+032D251+001+001G011X00
B1308004408426N00257761EA0277103026
LXVVT+120H544I123W135051N+034D246-001-006G010X01
B1308014408424N00257749EA0277403028
LXVVT+120H545I113W133050N+034D245-001-007G009X02
B1308024408421N00257737EA0277503029
LXVVT+120H545I111W128048N+023D240+001-005G010X01
B1308034408417N00257726EA0277603030
LXVVT+119H546I113W122046N+022D238-001-002G009X01
B1308044408414N00257714EA0277603030
LXVVT+119H547I113W117046N+023D238-004+002G010X03
B1308054408410N00257702EA0277603030
LXVVT+119H547I124W115046N+021D242-004+006G010X00
B1308064408407N00257689EA0277503030
LXVVT+119H548I131W116045N+025D248-001+007G011X01
B1308074408404N00257677EA0277603030
LXVVT+118H549I129W116044N+017D246+002+004G011X01
B1308084408402N00257664EA0277703031
LXVVT+118H549I131W119043N+016D246+003-002G011X01
B1308094408399N00257652EA0277703032
LXVVT+118H549I124W120041N+019D248+002-004G010X01
B1308104408396N00257641EA0277803032
LXVVT+118H550I121W120040N+020D247-001-002G010X02
B1308114408393N00257630EA0277703032
LXVVT+118H549I123W122040N+018D248-001+000G010X04
B1308124408389N00257619EA0277703032
LXVVT+118H549I117W121039N+011D248+001+005G010X02
B1308134408386N00257607EA0277703031
LXVVT+117H549I120W122038N+009D247-001+005G009X01
B1308144408383N00257596EA0277603031
LXVVT+118H549I119W123038N+009D249+000+002G010X02
B1308154408381N00257585EA0277503030
LXVVT+118H549I124W123036N+011D248-005-001G010X01
B1308164408378N00257573EA0277403029
LXVVT+118H548I128W124036N+019D249+000+001G011X01
B1308174408375N00257561EA0277403030
LXVVT+119H547I129W124034N+013D250+000+003G011X01
B1308184408373N00257549EA0277503030
LXVVT+118H547I130W125033N+011D248+003+001G011X02
B1308194408370N00257537EA0277703032
LXVVT+119H546I127W128032N+020D249+002+000G010X01
B1308204408368N00257526EA0277803034
LXVVT+118H546I118W127032N+022D246+003-003G010X02
B1308214408366N00257515EA0278003035
LXVVT+119H546I113W129032N+018D245+001-002G009X01
B1308224408364N00257505EA0278103035
LXVVT+118H546I107W127032N+019D237-002-002G009X03
B1308234408361N00257495EA0278103035
LXVVT+118H546I113W128032N+020D242-006-004G009X01
B1308244408358N00257484EA0277903034
LXVVT+119H545I113W127033N+013D245-005+000G010X01
B1308254408355N00257473EA0277803033
LXVVT+119H545I120W127034N+007D243-005+003G010X02
B1308264408351N00257461EA0277603031
LXVVT+119H544I122W126036N+004D250-003+004G011X01
B1308274408348N00257448EA0277503030
LXVVT+119H543I127W125039N+006D249-003+001G011X01
B1308284408345N00257435EA0277503030
LXVVT+119H543I131W124041N+010D253-001+001G011X01
B1308294408343N00257421EA0277503030
LXVVT+119H543I127W123044N+011D252+003+001G011X01
B1308304408340N00257408EA0277603031
LXVVT+118H543I125W121046N+012D254+003+000G010X01
B1308314408337N00257395EA0277603032
LXVVT+118H543I124W120047N+017D253+002-003G010X00
B1308324408334N00257382EA0277703033
LXVVT+119H543I115W118048N+019D254+002-001G011X01
B1308334408331N00257370EA0277803034
LXVVT+119H542I112W116049N+023D249+000+000G011X03
B1308344408329N00257358EA0277903035
LXVVT+119H542I117W117049N+025D246+000+003G010X02
B1308354408326N00257347EA0278103036
LXVVT+119H543I117W119049N+026D245-001+001G010X01
B1308364408324N00257336EA0278103037
LXVVT+119H543I110W119048N+018D248-002+001G009X01
B1308374408321N00257324EA0278103036
LXVVT+119H544I109W119048N+012D246-003-003G010X02
B1308384408319N00257312EA0278003035
LXVVT+119H543I114W119049N+009D248-003+000G010X02
B1308394408316N00257300EA0278003036
LXVVT+118H544I130W122048N+024D239-004+000G009X02
B1308404408314N00257287EA0278103036
LXVVT+117H545I132W126050N+028D237+001-009G013X01
B1308414408311N00257276EA0278303038
LXVVT+117H546I115W128051N+017D241+007-008G010X03
B1308424408308N00257266EA0278503040
LXVVT+117H546I105W126049N+009D237+004-003G008X03
B1308434408305N00257257EA0278403040
LXVVT+118H546I100W125049N+004D234+000+003G008X02
B1308444408302N00257247EA0278303039
LXVVT+119H546I099W124048N+007D236-008+004G008X02
B1308454408300N00257237EA0278003036
LXVVT+119H545I108W125048N+005D239-010+008G009X02
B1308464408298N00257225EA0277703033
LXVVT+118H545I121W126046N-001D237-005+002G010X01
B1308474408296N00257213EA0277503030
LXVVT+118H544I122W126045N-010D246+000-001G011X04
B1308484408294N00257200EA0277203029
LXVVT+119H543I117W125048N-012D242+004+004G010X00
B1308494408293N00257188EA0277103028
LXVVT+118H544I134W127045N+013D240+006+003G010X00
B1308504408291N00257176EA0277203028
LXVVT+118H543I126W130035N+021D248+007-001G011X03
B1308514408290N00257167EA0277303029
LXVVT+119H542I101W132033N+027D251+005+000G008X03
B1308524408289N00257158EA0277403029
LXVVT+119H541I089W133033N-002D239+004+001G009X02
B1308534408288N00257149EA0277303028
LXVVT+120H538I089W134033N-005D237-005-003G008X03
B1308544408287N00257140EA0277003025
LXVVT+120H537I105W140035N+006D237-011-006G009X02
B1308554408285N00257130EA0276603021
LXVVT+121H535I102W140036N-012D241-004+000G011X02
B1308564408283N00257119EA0276403019
LXVVT+120H534I119W140036N+000D232-007+001G012X00
B1308574408282N00257107EA0276303018
LXVVT+120H534I124W140037N+013D246-001+001G012X01
B1308584408280N00257094EA0276403019
LXVVT+120H534I124W139038N+029D248+004+004G011X03
B1308594408280N00257082EA0276603021
LXVVT+119H534I115W137040N+019D249+008+001G011X03
B1309004408279N00257072EA0276703023
LXVVT+120H534I108W138039N+011D250+007-002G009X02
B1309014408278N00257062EA0276803024
LXVVT+120H532I101W139039N+014D245+001-006G009X00
B1309024408277N00257052EA0276803023
LXVVT+120H531I098W139039N+012D242-006-003G008X03
B1309034408276N00257042EA0276603021
LXVVT+119H531I110W141039N+015D241-012-001G009X01
B1309044408274N00257031EA0276303018
LXVVT+120H529I124W143039N+011D243-010-001G011X01
B1309054408272N00257018EA0276103015
LXVVT+119H529I137W144039N+006D239-004-004G011X01
B1309064408270N00257006EA0275903014
LXVVT+119H529I143W144039N+002D240+002-005G012X01
B1309074408267N00256993EA0276003014
LXVVT+119H528I138W144039N+004D242+006+000G011X01
B1309084408264N00256981EA0276103016
LXVVT+119H527I128W142039N+007D244+006+007G010X00
B1309094408263N00256969EA0276203017
LXVVT+119H526I120W140039N+009D243+003+007G009X00
B1309104408261N00256958EA0276203017
LXVVT+119H525I117W140040N+015D244-001+001G010X02
B1309114408260N00256947EA0276203016
LXVVT+119H524I122W142039N+021D244-004-004G010X01
B1309124408259N00256935EA0276003016
LXVVT+120H523I126W143038N+019D242-006-004G010X01
B1309134408257N00256923EA0276003015
LXVVT+119H523I127W143038N+013D241-003-002G010X02
B1309144408255N00256911EA0275903014
LXVVT+119H523I134W144038N+015D243+000+001G011X01
B1309154408253N00256899EA0276003015
LXVVT+120H522I130W145038N+014D246+003+005G010X01
B1309164408252N00256888EA0276103016
LXVVT+120H522I127W147038N+013D244+003+001G010X01
B1309174408251N00256877EA0276103016
LXVVT+121H521I115W146038N+009D250+002+001G009X01
B1309184408250N00256866EA0276103016
LXVVT+121H521I111W144039N+007D243-001-003G010X01
B1309194408248N00256855EA0276003015
LXVVT+121H521I116W143039N+008D244-005-003G009X02
B1309204408246N00256843EA0275903014
LXVVT+120H522I129W145039N+020D242-006-003G010X02
B1309214408243N00256832EA0275803013
LXVVT+121H521I131W146040N+022D243-003+002G012X01
B1309224408241N00256819EA0275803013
LXVVT+120H521I131W145040N+012D242+002+006G011X02
B1309234408240N00256808EA0276003015
LXVVT+120H521I128W145040N+013D246+005+004G010X01
B1309244408238N00256796EA0276103017
LXVVT+120H521I118W144040N+015D247+004+006G009X01
B1309254408238N00256785EA0276303018
LXVVT+120H521I115W145040N+016D243+002+002G011X00
B1309264408237N00256774EA0276303019
LXVVT+120H521I112W147041N+026D243-007-004G008X02
B1309274408236N00256763EA0276303018
LXVVT+119H521I122W149042N+029D241-005-008G012X02
B1309284408234N00256752EA0276303019
LXVVT+119H522I125W150042N+020D234-004-006G010X01
B1309294408233N00256741EA0276303019
LXVVT+119H522I120W149042N+009D239+002+002G010X02
B1309304408231N00256730EA0276403019
LXVVT+119H522I122W148042N+008D238+000+003G009X02
B1309314408229N00256719EA0276303018
LXVVT+119H523I117W148042N+008D245+000+002G010X01
B1309324408228N00256707EA0276203018
LXVVT+119H524I119W147044N+007D247-003+002G010X02
B1309334408227N00256696EA0276203017
LXVVT+119H525I129W149043N+014D250-001+001G011X02
B1309344408226N00256684EA0276203017
LXVVT+119H525I126W150041N+015D253+001+000G010X01
B1309354408224N00256673EA0276203018
LXVVT+119H525I127W151039N+013D252+003+002G011X01
B1309364408223N00256662EA0276303019
LXVVT+119H525I118W151039N+009D248+003+000G009X02
B1309374408222N00256651EA0276303019
LXVVT+119H525I114W150039N+010D250-001+000G010X02
B1309384408220N00256640EA0276303018
LXVVT+119H525I120W150039N+019D249-004-001G010X01
B1309394408219N00256629EA0276203018
LXVVT+120H524I124W152039N+019D249-003+001G009X01
B1309404408217N00256618EA0276103017
LXVVT+120H525I119W153039N+004D251+003+000G012X01
B1309414408216N00256608EA0276103017
LXVVT+121H524I110W152039N-003D249+001+004G009X01
B1309424408215N00256598EA0276103016
LXVVT+120H525I114W153039N+006D248-001+003G010X02
B1309434408215N00256587EA0276003015
LXVVT+120H525I115W154039N+007D249-003+000G010X03
B1309444408214N00256576EA0275903014
LXVVT+120H524I123W156037N+012D255-005+000G010X02
B1309454408213N00256565EA0275803013
LXVVT+120H523I125W156037N+013D250-003-002G011X02
B1309464408213N00256553EA0275803013
LXVVT+120H523I138W158038N+016D248-001-005G011X02
B1309474408212N00256541EA0275803013
LXVVT+120H522I135W160038N+018D255+003-001G011X01
B1309484408211N00256529EA0275903015
LXVVT+121H522I124W160038N+013D254+006+004G010X01
B1309494408210N00256519EA0276103016
LXVVT+121H522I114W160038N+008D252+005+004G010X01
B1309504408210N00256509EA0276203017
LXVVT+121H522I106W159038N+013D253-001+001G009X01
B1309514408210N00256499EA0276203017
LXVVT+121H521I110W158038N+024D253-008-003G010X03
B1309524408209N00256487EA0276103016
LXVVT+122H520I119W158038N+023D258-009-001G011X01
B1309534408209N00256475EA0276003015
LXVVT+122H521I125W156043N+013D257-004+001G010X01
B1309544408208N00256462EA0276003015
LXVVT+121H522I133W154043N+010D254+000-006G011X03
B1309554408206N00256449EA0276103016
LXVVT+122H521I117W147045N+003D262+009-004G013X03
B1309564408204N00256437EA0276303018
LXVVT+122H521I112W144050N+007D248+007-001G008X04
B1309574408202N00256425EA0276403019
LXVVT+121H523I112W136043N+018D248+002-001G010X01
B1309584408200N00256415EA0276503020
LXVVT+122H523I098W132042N+019D256-001+007G009X04
B1309594408199N00256405EA0276503020
LXVVT+121H523I100W132043N+010D253-004+006G009X01
B1310004408198N00256394EA0276303017
LXVVT+121H524I111W134041N+007D252-010+001G008X01
B1310014408197N00256382EA0276003014
LXVVT+121H524I120W136041N+009D255-010-006G010X01
B1310024408196N00256369EA0275703011
LXVVT+121H524I124W136041N-001D254-003-005G011X01
B1310034408195N00256356EA0275503009
LXVVT+121H523I128W135043N-013D255-001-003G011X01
B1310044408193N00256342EA0275303007
LXVVT+121H522I133W132044N-012D255+003+000G011X02
B1310054408191N00256328EA0275203006
LXVVT+121H523I126W129045N-004D258+005+005G011X01
B1310064408190N00256315EA0275303006
LXVVT+121H523I122W126046N-001D246+005-004G010X01
B1310074408188N00256302EA0275203006
LXVVT+121H524I116W122045N+002D248+001-010G009X01
B1310084408185N00256290EA0275003004
LXVVT+122H524I108W116045N-002D248+000-005G009X02
B1310094408182N00256278EA0274803002
LXVVT+122H523I111W110045N-007D243-003+000G009X01
B1310104408179N00256265EA0274502998
LXVVT+122H523I119W107045N-006D244-005+005G009X01
B1310114408176N00256252EA0274102995
LXVVT+122H522I129W108045N-004D247-002+006G012X02
B1310124408174N00256239EA0273902992
LXVVT+122H522I139W110043N-001D249-001+000G012X03
B1310134408171N00256226EA0273802991
LXVVT+122H521I132W113040N+001D252+006-001G011X01
B1310144408169N00256214EA0273702991
LXVVT+123H520I114W112039N-012D251+007+000G010X01
B1310154408166N00256203EA0273602989
LXVVT+123H519I105W111040N-017D245+003+000G008X01
B1310164408163N00256192EA0273402987
LXVVT+123H519I114W113040N-002D241-006-003G009X03
B1310174408160N00256181EA0273002983
LXVVT+125H517I115W113040N+003D246-008-001G011X04
B1310184408156N00256169EA0272602979
LXVVT+125H515I122W113041N-014D248-005+002G011X01
B1310194408153N00256156EA0272302976
LXVVT+124H515I136W113040N-016D245-002+003G011X02
B1310204408150N00256143EA0272002973
LXVVT+125H513I133W114040N-011D251+004+004G012X02
B1310214408148N00256130EA0271902972
LXVVT+125H512I126W114040N-013D246+005+002G010X01
B1310224408145N00256118EA0271802970
LXVVT+125H512I126W119040N-011D247+004-001G010X01
B1310234408143N00256107EA0271502968
LXVVT+126H511I114W120039N-010D250+001-001G009X01
B1310244408141N00256096EA0271202964
LXVVT+126H510I109W120038N-018D246-002+002G009X01
B1310254408138N00256085EA0270802960
LXVVT+126H511I115W121038N-018D243-006+001G010X02
B1310264408136N00256073EA0270402955
LXVVT+126H511I128W125038N-012D246-007+000G011X02
B1310274408134N00256060EA0270002951
LXVVT+126H512I137W128036N-009D250-003+000G011X02
B1310284408132N00256048EA0269702948
LXVVT+126H512I132W129035N-019D248+005+001G012X02
B1310294408131N00256036EA0269602947
LXVVT+126H513I126W129035N-019D245+004-001G009X01
B1310304408129N00256024EA0269502945
LXVVT+126H513I121W131036N-009D246+002-001G010X01
B1310314408127N00256013EA0269302944
LXVVT+127H513I117W131035N-006D246+000+000G010X02
B1310324408125N00256002EA0269102942
LXVVT+126H514I118W133035N-007D242-002+000G009X01
B1310334408123N00255990EA0268802939
LXVVT+127H514I119W135036N-008D242-004-002G010X01
B1310344408121N00255979EA0268502936
LXVVT+127H515I120W135036N-011D240-004-002G010X01
B1310354408119N00255968EA0268302933
LXVVT+127H515I120W134036N-013D240-001-001G010X01
B1310364408117N00255956EA0268002929
LXVVT+127H515I119W133036N-019D244+001+000G010X01
B1310374408115N00255945EA0267702927
LXVVT+128H514I120W132036N-017D243+000+001G010X01
B1310384408113N00255933EA0267402924
LXVVT+129H513I119W131036N-014D244-002+002G010X01
B1310394408111N00255922EA0267102920
LXVVT+129H513I119W130037N-016D244-002+002G010X00
B1310404408109N00255910EA0266702917
LXVVT+129H513I123W130037N-018D243-003-001G010X01
B1310414408106N00255898EA0266402913
LXVVT+130H512I126W130037N-015D243-002-003G010X01
B1310424408104N00255885EA0266002909
LXVVT+130H510I128W129037N-016D238-003-004G011X01
B1310434408101N00255873EA0265802906
LXVVT+130H511I127W126036N-020D236+001-005G010X01
B1310444408097N00255861EA0265402903
LXVVT+130H510I113W121039N-029D245+002+005G010X02
B1310454408094N00255849EA0265102899
LXVVT+130H510I120W120042N-032D240+001+006G010X02
B1310464408092N00255837EA0264702896
LXVVT+131H511I127W120042N-015D247-002+003G011X01
B1310474408089N00255824EA0264502893
LXVVT+131H510I124W119043N-008D244-001+000G011X01
B1310484408087N00255811EA0264302891
LXVVT+131H510I124W118044N-012D237+000-005G010X01
B1310494408083N00255799EA0264102888
LXVVT+131H509I123W115043N-013D239+001-007G011X01
B1310504408080N00255786EA0263902886
LXVVT+131H508I119W112043N-014D244+004+000G011X00
B1310514408077N00255775EA0263702885
LXVVT+132H508I112W111045N-013D239+000+007G009X01
B1310524408074N00255763EA0263502883
LXVVT+132H507I116W110045N-009D239-002+007G010X01
B1310534408072N00255750EA0263302880
LXVVT+132H507I120W111045N-005D238-004+001G011X01
B1310544408069N00255737EA0263202879
LXVVT+131H507I128W113044N+006D238-005-004G010X02
B1310554408067N00255725EA0263102878
LXVVT+132H507I126W115044N+002D243+003-003G011X02
B1310564408064N00255712EA0263102878
LXVVT+132H507I124W115044N-002D236+004-001G010X01
B1310574408061N00255700EA0263102878
LXVVT+132H507I118W117045N+002D239+002+003G009X02
B1310584408059N00255689EA0263002877
LXVVT+133H506I111W116045N-004D238-002+006G010X01
B1310594408058N00255677EA0262902875
LXVVT+132H506I122W122048N+007D229-009-001G009X03
B1311004408056N00255664EA0262602872
LXVVT+132H506I125W126050N+008D239-005-004G012X02
B1311014408053N00255652EA0262402870
LXVVT+132H507I129W126050N-001D235-003-007G011X01
B1311024408050N00255639EA0262302869
LXVVT+132H506I127W126050N-011D244+003-002G011X01
B1311034408048N00255626EA0262202869
LXVVT+133H504I116W125056N-015D245+004+006G010X02
B1311044408045N00255613EA0262102868
LXVVT+134H503I119W124058N-008D241+001+006G009X02
B1311054408044N00255601EA0262002867
LXVVT+133H503I119W124058N+005D245-004+000G009X02
B1311064408042N00255588EA0261902865
LXVVT+134H502I120W123059N+008D250-004-006G009X02
B1311074408039N00255574EA0261702863
LXVVT+135H502I121W123061N-004D245+000-004G011X01
B1311084408036N00255561EA0261502861
LXVVT+135H501I121W122062N-010D246+002+002G010X01
B1311094408034N00255548EA0261402859
LXVVT+135H501I113W120064N-010D246+003+005G010X03
B1311104408032N00255536EA0261302858
LXVVT+135H500I108W119065N-007D245-001+004G010X02
B1311114408030N00255523EA0261002855
LXVVT+136H500I114W120065N-004D246-005+000G009X01
B1311124408028N00255509EA0260702852
LXVVT+136H499I116W120065N-010D245-003-001G010X01
B1311134408027N00255496EA0260302848
LXVVT+136H498I115W120065N-014D245-004-004G010X01
B1311144408025N00255482EA0259902844
LXVVT+136H497I119W119066N-022D245-002-005G010X01
B1311154408023N00255468EA0259502840
LXVVT+137H497I124W119066N-020D246-001-002G011X01
B1311164408020N00255454EA0259202836
LXVVT+137H495I122W117067N-019D244+001+000G011X00
B1311174408017N00255441EA0258902834
LXVVT+137H495I123W116067N-017D240+002-001G010X02
B1311184408014N00255427EA0258702831
LXVVT+138H495I116W113066N-016D240+002-001G010X01
B1311194408011N00255414EA0258502828
LXVVT+138H493I112W112066N-018D241+001+000G009X00
B1311204408009N00255401EA0258102825
LXVVT+138H493I112W110066N-016D238-003+001G010X01
B1311214408006N00255388EA0257802821
LXVVT+138H493I118W110066N-014D239-007+001G009X00
B1311224408003N00255374EA0257302816
LXVVT+138H493I126W110066N-013D243-005+003G011X01
B1311234408000N00255359EA0257002812
LXVVT+138H492I131W110066N-017D246-002+002G010X00
B1311244407998N00255344EA0256602809
LXVVT+139H491I131W110066N-024D250+004+004G011X02
B1311254407996N00255329EA0256402807
LXVVT+139H491I127W110067N-022D245+003-001G011X01
B1311264407993N00255315EA0256302805
LXVVT+139H491I125W110067N-013D245+001-004G010X01
B1311274407990N00255301EA0256102803
LXVVT+140H491I121W109067N-010D246+001-003G010X01
B1311284407988N00255287EA0255802801
LXVVT+140H490I115W108067N-014D244+001+001G011X01
B1311294407984N00255274EA0255602798
LXVVT+140H491I118W108068N-014D238-003+000G009X01
B1311304407981N00255260EA0255402795
LXVVT+140H491I121W108068N-008D240-002-003G010X02
B1311314407977N00255247EA0255102792
LXVVT+140H492I124W108068N-010D240-002-004G011X02
B1311324407973N00255234EA0254802791
LXVVT+140H492I131W109067N-008D243+000+002G011X01
B1311334407970N00255221EA0254702789
LXVVT+141H493I123W109065N-008D245+005+008G010X01
B1311344407966N00255208EA0254602788
LXVVT+141H492I119W109064N-015D241+005+004G010X01
B1311354407963N00255197EA0254502787
LXVVT+141H493I116W111063N-011D238+001-004G009X01
B1311364407960N00255185EA0254302785
LXVVT+141H493I113W113063N-005D241-004-006G009X02
B1311374407956N00255173EA0254002782
LXVVT+142H492I117W113063N-005D240-006-002G011X01
B1311384407951N00255161EA0253602779
LXVVT+143H492I118W113063N-009D244-005+005G010X01
B1311394407948N00255148EA0253402776
LXVVT+143H492I128W113064N-008D241-001+005G011X03
B1311404407944N00255134EA0253302774
LXVVT+143H491I131W113064N-007D241+001-001G011X01
B1311414407940N00255121EA0253202773
LXVVT+143H491I126W113063N-003D241+003-004G010X01
B1311424407936N00255109EA0253102772
LXVVT+143H490I119W112063N-005D242+003+000G010X00
B1311434407932N00255097EA0253002771
LXVVT+144H490I110W110063N-007D244+001+005G010X01
B1311444407928N00255085EA0252802769
LXVVT+144H490I112W110064N-002D242-004+005G009X01
B1311454407925N00255073EA0252702767
LXVVT+144H489I132W115066N+012D235-005+001G012X03
B1311464407921N00255060EA0252602767
LXVVT+145H487I129W119066N+013D241+001+000G011X02
B1311474407918N00255049EA0252702767
LXVVT+145H485I120W121066N+000D234+007-001G010X01
B1311484407916N00255039EA0252802767
LXVVT+145H483I110W124069N-003D232+005-003G009X01
B1311494407913N00255029EA0252702766
LXVVT+145H481I097W125069N-002D234-002+000G008X02
B1311504407911N00255019EA0252402764
LXVVT+145H480I100W126069N-003D234-008+000G010X01
B1311514407908N00255009EA0252102760
LXVVT+145H479I110W128069N+000D237-012+002G011X02
B1311524407906N00254998EA0251802757
LXVVT+145H478I116W129068N-005D241-006+002G012X02
B1311534407904N00254986EA0251702755
LXVVT+145H475I113W130067N-014D233+001+001G012X02
B1311544407902N00254975EA0251602755
LXVVT+145H474I109W131068N-007D234+002-003G011X05
B1311554407900N00254964EA0251602755
LXVVT+146H473I090W129068N-007D238+004-006G009X03
B1311564407898N00254954EA0251602754
LXVVT+146H472I089W127069N-004D226-007-008G009X01
B1311574407895N00254945EA0251502753
LXVVT+146H471I102W123065N+011D215-006-009G011X01
B1311584407890N00254936EA0251502752
LXVVT+146H472I102W120058N+012D199-006-020G010X01
B1311594407885N00254929EA0251302750
LXVVT+147H470I096W109044N-003D179-007-027G011X02
B1312004407878N00254927EA0251102747
LXVVT+147H470I114W101036N-005D146-012-026G012X02
B1312014407871N00254929EA0250702743
LXVVT+148H467I110W091028N-006D138-003-029G013X02
B1312024407866N00254936EA0250502741
LXVVT+148H466I114W081021N-015D109+001-026G013X01
B1312034407863N00254944EA0250302740
LXVVT+148H465I110W079018N-015D095+005-022G012X01
B1312044407863N00254951EA0250202739
LXVVT+148H464I106W078020N-011D085+007-016G010X04
B1312054407863N00254958EA0250102738
LXVVT+148H464I087W079019N-014D078+004-004G010X04
B1312064407864N00254964EA0249902736
LXVVT+149H463I078W080018N-021D093-003+015G008X01
B1312074407863N00254971EA0249402732
LXVVT+149H462I089W079017N-024D092-006+019G010X01
B1312084407862N00254978EA0249002727
LXVVT+149H462I105W081017N-018D102-006+008G011X01
B1312094407860N00254987EA0248702724
LXVVT+150H461I112W082017N-008D104-001-006G011X02
B1312104407858N00254995EA0248602722
LXVVT+150H461I106W080016N-016D098+005-014G012X01
B1312114407858N00255003EA0248502721
LXVVT+150H460I101W080017N-017D085+008-011G011X03
B1312124407859N00255009EA0248402720
LXVVT+151H460I093W079017N-013D088+008+002G009X01
B1312134407859N00255016EA0248202718
LXVVT+151H457I093W078019N-010D087+000+010G008X01
B1312144407859N00255023EA0247902715
LXVVT+151H454I098W078020N-008D093-008+009G009X02
B1312154407858N00255031EA0247402710
LXVVT+152H453I109W078020N-010D096-009+004G010X01
B1312164407858N00255041EA0247002706
LXVVT+152H451I123W078020N-012D092-004-001G012X02
B1312174407857N00255051EA0246702702
LXVVT+152H452I127W076018N-016D098+004-001G012X02
B1312184407857N00255062EA0246602701
LXVVT+152H452I125W075016N-018D094+010+003G012X02
B1312194407856N00255071EA0246502701
LXVVT+153H452I111W070014N-015D099+008+009G010X01
B1312204407855N00255080EA0246402700
LXVVT+153H453I105W061013N-010D096+004+007G009X00
B1312214407853N00255089EA0246302698
LXVVT+153H454I105W057012N-003D100-002+000G009X02
B1312224407851N00255097EA0246002696
LXVVT+153H454I108W057012N-001D101-003-006G010X01
B1312234407850N00255106EA0245702693
LXVVT+154H453I116W060013N-003D096-004-008G010X02
B1312244407849N00255116EA0245502690
LXVVT+154H454I116W062014N-009D100+002-001G011X03
B1312254407848N00255125EA0245402689
LXVVT+154H454I118W066014N-004D102+004+004G009X01
B1312264407846N00255133EA0245402689
LXVVT+155H455I113W073015N-004D104+006+007G011X01
B1312274407844N00255141EA0245302688
LXVVT+155H456I104W074015N-007D103+003+002G008X02
B1312284407842N00255148EA0245202686
LXVVT+154H456I105W077016N-006D100-001-007G009X01
B1312294407840N00255155EA0244902682
LXVVT+155H456I105W080018N-007D105-005-009G009X01
B1312304407838N00255163EA0244402678
LXVVT+156H456I105W083020N-018D106-005-003G010X03
B1312314407837N00255170EA0244002674
LXVVT+155H456I118W085023N-020D101-003+001G010X03
B1312324407836N00255179EA0243702670
LXVVT+156H455I117W085025N-020D106+000+003G011X01
B1312334407834N00255186EA0243302666
LXVVT+156H455I110W084025N-029D106+002+002G010X01
B1312344407833N00255194EA0242902662
LXVVT+156H454I104W083024N-035D108+002+000G010X01
B1312354407831N00255202EA0242502658
LXVVT+157H453I109W082023N-031D104-001-002G010X02
B1312364407830N00255210EA0242102654
LXVVT+157H452I112W082023N-024D105-005+001G010X01
B1312374407828N00255219EA0241602649
LXVVT+158H451I125W082024N-018D100-006-001G011X02
B1312384407827N00255229EA0241302645
LXVVT+158H450I144W081027N-007D102-001-004G012X04
B1312394407826N00255238EA0241102643
LXVVT+158H449I132W084028N-011D107+006+003G011X01
B1312404407825N00255247EA0241102642
LXVVT+158H449I122W084029N-020D100+009-001G010X02
B1312414407824N00255255EA0241002641
LXVVT+158H448I113W085029N-017D100+006-005G009X01
B1312424407823N00255262EA0240702638
LXVVT+159H448I109W086030N-005D105-003-004G009X01
B1312434407822N00255269EA0240502636
LXVVT+159H447I103W087030N-003D104-003+008G012X02
B1312444407821N00255277EA0240402635
LXVVT+159H447I119W087030N+003D089-003+003G011X05
B1312454407820N00255285EA0240402635
LXVVT+160H446I114W087030N+007D108+003-007G010X02
B1312464407819N00255292EA0240402635
LXVVT+160H446I101W088028N-004D100+004-003G009X01
B1312474407818N00255299EA0240302635
LXVVT+160H445I105W089028N-011D100+001+001G009X00
B1312484407817N00255307EA0240202633
LXVVT+160H444I109W089028N+000D103-005+005G009X01
B1312494407816N00255315EA0240002630
LXVVT+160H443I115W089028N+005D099-006+004G010X00
B1312504407814N00255323EA0239702628
LXVVT+161H443I124W089028N+002D099-004-001G011X00
B1312514407813N00255332EA0239602626
LXVVT+161H441I127W089028N-002D101-001-004G011X01
B1312524407812N00255341EA0239402624
LXVVT+161H441I126W089028N-005D102+003-001G011X01
B1312534407811N00255350EA0239302623
LXVVT+161H440I124W089027N-004D098+004+001G010X01
B1312544407809N00255359EA0239302623
LXVVT+162H440I119W089027N+002D099+002+002G009X01
B1312554407808N00255367EA0239202622
LXVVT+162H439I117W089026N+007D100-002-001G009X01
B1312564407807N00255376EA0239102620
LXVVT+162H438I119W089026N+006D103-004-002G010X01
B1312574407805N00255385EA0238802618
LXVVT+163H438I119W088025N+000D105-004+003G010X01
B1312584407804N00255394EA0238702617
LXVVT+163H438I120W083023N-003D104+000+005G011X01
B1312594407802N00255403EA0238702616
LXVVT+163H438I125W083022N+002D101+001+000G011X02
B1313004407800N00255413EA0238602616
LXVVT+163H438I123W079021N+008D110+003+002G011X01
B1313014407798N00255422EA0238702616
LXVVT+163H439I123W078021N+013D106+001-001G010X02
B1313024407797N00255431EA0238702617
LXVVT+164H438I117W075021N+008D111+003+002G010X02
B1313034407795N00255440EA0238702618
LXVVT+163H439I119W078021N+007D106+002+000G011X02
B1313044407793N00255448EA0238802618
LXVVT+163H441I116W086022N+016D112+000-002G009X01
B1313054407792N00255455EA0238802618
LXVVT+163H442I103W092022N+014D111+000+000G010X01
B1313064407791N00255463EA0238802618
LXVVT+163H443I106W091022N+008D104-002-002G009X01
B1313074407790N00255471EA0238702617
LXVVT+164H444I112W091023N+007D109-003+000G010X01
B1313084407788N00255479EA0238502615
LXVVT+164H445I116W091023N+007D105-004-001G010X01
B1313094407787N00255488EA0238402613
LXVVT+164H445I127W089025N+005D103-003-003G011X01
B1313104407787N00255497EA0238302613
LXVVT+164H445I127W089027N+007D106+001-001G011X01
B1313114407786N00255505EA0238302613
LXVVT+165H447I121W090028N+006D103+002+002G009X01
B1313124407785N00255514EA0238302612
LXVVT+164H448I119W090028N+004D103+003+001G010X01
B1313134407784N00255522EA0238202612
LXVVT+164H449I118W090029N+009D103-002-001G010X00
B1313144407783N00255530EA0238202611
LXVVT+164H450I120W090030N+013D102-004-002G009X01
B1313154407782N00255538EA0238102610
LXVVT+165H451I123W090031N+012D102-002-002G011X01
B1313164407782N00255546EA0238002609
LXVVT+164H451I121W090031N+005D100-001-001G010X01
B1313174407781N00255555EA0237902608
LXVVT+165H450I117W091030N+000D101+000+000G009X00
B1313184407780N00255563EA0237702606
LXVVT+165H449I114W092029N-009D097+001+001G010X02
B1313194407779N00255571EA0237502604
LXVVT+165H448I117W092029N-006D097-001+000G010X01
B1313204407779N00255579EA0237302601
LXVVT+165H447I123W091031N+007D099-005-001G008X01
B1313214407778N00255587EA0237002598
LXVVT+165H446I123W090031N+003D095-004-003G010X01
B1313224407777N00255596EA0236802595
LXVVT+165H445I127W089033N-004D097+000-005G010X01
B1313234407777N00255604EA0236502593
LXVVT+165H447I117W089032N-018D105+004+002G011X02
B1313244407777N00255613EA0236302591
LXVVT+166H448I113W086031N-021D099+002+006G010X02
B1313254407776N00255621EA0236102589
LXVVT+166H449I119W086031N-008D102+000+002G011X02
B1313264407776N00255629EA0236002588
LXVVT+166H449I122W087031N+004D100-003-004G010X01
B1313274407775N00255638EA0235902587
LXVVT+166H450I120W088031N+007D098-002-006G010X01
B1313284407776N00255646EA0235802586
LXVVT+166H451I120W089030N+003D095+001-004G010X01
B1313294407776N00255655EA0235702585
LXVVT+167H453I117W090029N-004D100+002+002G011X00
B1313304407776N00255664EA0235602584
LXVVT+167H454I112W090028N-004D101-001+006G009X00
B1313314407777N00255672EA0235402582
LXVVT+167H454I115W089027N+001D100-003+003G009X00
B1313324407777N00255681EA0235202580
LXVVT+167H455I117W088026N+004D103-004+000G010X01
B1313334407777N00255690EA0235002578
LXVVT+167H456I121W087025N-003D103-004-001G011X01
B1313344407777N00255700EA0234802576
LXVVT+168H455I126W086023N-001D100-003+000G011X01
B1313354407777N00255711EA0234702574
LXVVT+168H455I128W086021N+002D098+000+001G011X01
B1313364407777N00255722EA0234602574
LXVVT+168H455I126W089018N+006D097+001+000G010X01
B1313374407777N00255732EA0234602574
LXVVT+167H455I123W091016N+006D097+002-001G010X00
B1313384407778N00255743EA0234602574
LXVVT+168H454I120W091013N+008D099+001+000G009X01
B1313394407778N00255753EA0234602573
LXVVT+168H453I116W090011N+005D100+000+002G010X01
B1313404407778N00255764EA0234502573
LXVVT+168H452I118W087008N+006D098-002+003G010X01
B1313414407778N00255774EA0234502572
LXVVT+168H452I126W083007N+015D098-003-001G010X01
B1313424407778N00255786EA0234402571
LXVVT+168H450I127W082007N+014D102-001-002G011X01
B1313434407778N00255797EA0234502572
LXVVT+168H451I125W079006N+011D096+003-002G012X02
B1313444407778N00255807EA0234702574
LXVVT+168H456I122W105004N+018D094+003-004G011X03
B1313454407779N00255818EA0234902576
LXVVT+167H460I122W112006N+031D097+001-003G010X02
B1313464407780N00255827EA0235202579
LXVVT+167H464I115W121008N+033D096+002+000G010X00
B1313474407781N00255836EA0235502582
LXVVT+167H468I104W131009N+031D105+000+006G010X01
B1313484407782N00255845EA0235702584
LXVVT+167H471I101W137011N+029D102-002+006G010X01
B1313494407782N00255854EA0235902586
LXVVT+166H474I105W136011N+030D098-007+002G011X01
B1313504407781N00255862EA0236102589
LXVVT+166H477I107W137012N+035D103-006-006G009X01
B1313514407782N00255871EA0236302590
LXVVT+166H477I097W144014N+021D109-002-010G010X02
B1313524407782N00255879EA0236302592
LXVVT+166H479I092W148014N+010D106+000-005G010X02
B1313534407783N00255887EA0236402593
LXVVT+167H479I098W142014N+016D103-001+002G012X02
B1313544407784N00255895EA0236602595
LXVVT+166H479I100W136014N+029D102-003+008G009X01
B1313554407784N00255902EA0236802597
LXVVT+166H478I095W136016N+029D110-001+006G010X01
B1313564407783N00255909EA0237002598
LXVVT+166H478I084W137015N+018D110-001-001G010X04
B1313574407782N00255916EA0237102599
LXVVT+166H478I086W138016N+019D109-004-005G009X01
B1313584407782N00255923EA0237102600
LXVVT+166H476I091W136016N+019D104-004-004G010X00
B1313594407782N00255930EA0237102599
LXVVT+167H475I093W134016N+011D106-004-001G009X01
B1314004407782N00255939EA0236902598
LXVVT+167H474I104W137016N+007D096-005+001G010X01
B1314014407782N00255948EA0236802597
LXVVT+166H474I123W120015N+014D092-004+002G011X03
B1314024407782N00255958EA0236802597
LXVVT+167H473I124W111016N+019D096+002+003G011X00
B1314034407782N00255967EA0237002598
LXVVT+166H474I121W110016N+014D094+006+001G011X01
B1314044407782N00255975EA0237202601
LXVVT+166H475I118W102019N+019D092+005-003G011X02
B1314054407782N00255983EA0237402603
LXVVT+166H476I112W103021N+031D095+002-002G010X01
B1314064407782N00255990EA0237702606
LXVVT+166H475I110W105024N+034D098+001+004G010X02
B1314074407781N00255997EA0237802608
LXVVT+166H475I107W106027N+025D101-002+006G008X01
B1314084407780N00256003EA0237802608
LXVVT+166H474I095W107027N+008D109+000+004G009X05
B1314094407779N00256009EA0237702606
LXVVT+166H472I095W107027N+002D108-004-002G010X01
B1314104407778N00256017EA0237602604
LXVVT+165H470I110W106027N+012D091-010-006G010X01
B1314114407778N00256025EA0237402602
LXVVT+165H470I130W095029N+021D085-009-012G015X00
B1314124407779N00256035EA0237302602
LXVVT+165H467I130W093030N+016D087+003-009G012X01
B1314134407780N00256043EA0237502604
LXVVT+165H464I122W095029N+007D084+010+002G010X01
B1314144407781N00256051EA0237702607
LXVVT+165H461I108W095029N+003D086+012+006G010X01
B1314154407781N00256057EA0237902608
LXVVT+165H458I098W095029N+012D089+000+004G008X02
B1314164407781N00256064EA0237802607
LXVVT+165H456I099W095030N+019D094-009-001G008X02
B1314174407781N00256071EA0237602605
LXVVT+165H455I104W095029N+012D090-009-004G010X01
B1314184407782N00256079EA0237402603
LXVVT+165H454I118W095030N+006D083-005-005G011X01
B1314194407783N00256087EA0237302601
LXVVT+165H454I118W095030N+004D081+001-004G011X01
B1314204407784N00256095EA0237202601
LXVVT+165H453I113W098028N-002D081+003+000G010X00
B1314214407785N00256104EA0237202600
LXVVT+165H453I109W101027N+002D087+003+003G010X01
B1314224407785N00256111EA0237102600
LXVVT+165H452I105W102025N+002D086+002+004G010X01
B1314234407786N00256119EA0237002599
LXVVT+165H451I102W103023N+002D084-001+000G010X01
B1314244407786N00256127EA0236902597
LXVVT+165H451I107W105022N+004D088-005-003G010X01
B1314254407787N00256136EA0236702596
LXVVT+165H449I113W104022N+007D091-005-001G010X02
B1314264407787N00256145EA0236502594
LXVVT+166H449I117W104021N+003D086+000+003G012X01
B1314274407788N00256154EA0236502593
LXVVT+165H450I114W109020N-001D085+000+002G010X05
B1314284407788N00256163EA0236402592
LXVVT+165H453I112W107018N+003D092+002+000G011X01
B1314294407788N00256172EA0236402592
LXVVT+166H453I106W102014N+002D088+001-001G009X02
B1314304407789N00256182EA0236402592
LXVVT+165H454I109W106013N+005D082+001-003G010X01
B1314314407789N00256190EA0236302591
LXVVT+166H453I106W109012N+005D089+000-001G010X01
B1314324407790N00256199EA0236202590
LXVVT+166H451I104W109010N+003D088-002+003G010X01
B1314334407790N00256208EA0236102589
LXVVT+166H449I109W111010N+005D086-004+003G010X01
B1314344407790N00256218EA0235902587
LXVVT+166H449I112W112009N+007D088-005+001G009X01
B1314354407790N00256227EA0235802585
LXVVT+166H447I114W113009N+004D089-001-001G011X01
B1314364407791N00256237EA0235702584
LXVVT+166H446I104W115005N-007D092+001+001G011X00
B1314374407791N00256248EA0235702583
LXVVT+166H447I101W190001N-001D079-003+000G008X04
B1314384407791N00256258EA0235602582
LXVVT+166H451I104W208008N+005D084-001-006G011X01
B1314394407792N00256269EA0235502583
LXVVT+166H453I102W239009N-001D094+004+001G009X01
B1314404407792N00256280EA0235502583
LXVVT+167H455I102W265012N-001D094+006+012G011X02
B1314414407791N00256290EA0235602584
LXVVT+166H457I104W271012N-003D088+006+002G009X02
B1314424407790N00256299EA0235602584
LXVVT+166H460I095W272013N+007D098+000-011G009X03
B1314434407790N00256308EA0235502582
LXVVT+167H460I083W272013N-002D097+001-006G010X03
B1314444407790N00256317EA0235302580
LXVVT+167H458I089W272014N-009D085-005+000G009X01
B1314454407790N00256327EA0235002576
LXVVT+167H455I100W273013N-008D088-008+001G010X01
B1314464407790N00256337EA0234602572
LXVVT+167H453I111W274013N-008D084-005-002G011X01
B1314474407791N00256349EA0234402569
LXVVT+166H451I121W278012N-003D082-002-009G011X01
B1314484407792N00256360EA0234202567
LXVVT+167H449I117W273012N-008D081+005-007G011X01
B1314494407794N00256371EA0234102566
LXVVT+167H448I111W267013N-013D076+007-001G011X01
B1314504407796N00256381EA0234002566
LXVVT+167H448I110W272012N-005D076+004+005G009X02
B1314514407797N00256390EA0233902565
LXVVT+167H448I102W274012N-002D076+001+004G010X03
B1314524407798N00256400EA0233702562
LXVVT+167H447I101W277011N-003D078-006-001G009X01
B1314534407799N00256409EA0233402559
LXVVT+167H447I102W277011N-006D077-008-005G010X01
B1314544407801N00256420EA0233002555
LXVVT+167H445I111W272011N-011D073-007-004G010X01
B1314554407804N00256431EA0232702551
LXVVT+167H444I119W263012N-010D070-003-003G012X01
B1314564407807N00256443EA0232502549
LXVVT+167H443I120W249015N-010D070+002+000G012X02
B1314574407810N00256454EA0232402548
LXVVT+167H444I118W240018N-007D070+005+006G012X00
B1314584407813N00256466EA0232402548
LXVVT+167H447I123W238019N+003D074+003+007G011X02
B1314594407815N00256477EA0232502549
LXVVT+167H451I121W234017N+023D077+000+001G010X01
B1315004407817N00256488EA0232502549
LXVVT+167H455I109W237017N+015D078-001-006G011X02
B1315014407819N00256499EA0232502550
LXVVT+166H458I109W240018N+007D082-001-006G009X02
B1315024407822N00256509EA0232502550
LXVVT+166H461I112W226018N+014D085+002+003G012X02
B1315034407824N00256519EA0232502550
LXVVT+166H464I107W223018N+002D077+003+002G009X01
B1315044407827N00256528EA0232602551
LXVVT+166H466I104W221016N+006D082+004-001G009X01
B1315054407829N00256536EA0232502550
LXVVT+167H469I089W218016N-003D080+002-001G010X02
B1315064407832N00256544EA0232402549
LXVVT+166H472I091W217016N-002D076-004-001G008X02
B1315074407835N00256553EA0232202546
LXVVT+166H473I096W217015N+002D074-006+000G010X02
B1315084407838N00256561EA0231902543
LXVVT+166H474I106W219012N+000D074-008-003G010X01
B1315094407842N00256571EA0231602540
LXVVT+167H473I111W216011N-004D084-005+002G011X02
B1315104407845N00256581EA0231402538
LXVVT+167H472I116W215012N-011D080-002+007G011X01
B1315114407849N00256592EA0231202536
LXVVT+167H472I121W219012N-011D079+002+005G011X02
B1315124407852N00256603EA0231102535
LXVVT+167H470I116W222013N-009D088+005+003G010X02
B1315134407855N00256613EA0231002534
LXVVT+167H469I100W235013N-008D093+004+003G010X01
B1315144407858N00256624EA0230902533
LXVVT+168H470I098W233017N-009D087-001+006G008X01
B1315154407860N00256634EA0230702531
LXVVT+168H470I112W228019N+002D079-003+006G011X01
B1315164407861N00256645EA0230502529
LXVVT+167H471I125W239014N+013D075-004+003G011X01
B1315174407863N00256656EA0230402527
LXVVT+168H471I123W254010N+007D071+001-001G011X02
B1315184407864N00256666EA0230302526
LXVVT+168H470I111W267009N-005D072+003-004G009X01
B1315194407866N00256676EA0230202525
LXVVT+168H470I102W268010N-006D075+003-001G009X00
B1315204407867N00256687EA0229902523
LXVVT+168H470I107W267011N-010D073-001+001G009X01
B1315214407868N00256697EA0229802521
LXVVT+168H468I114W268010N-006D075-003+002G011X01
B1315224407870N00256708EA0229602519
LXVVT+168H465I118W266009N-001D080-002+003G011X01
B1315234407871N00256718EA0229502517
LXVVT+168H462I115W263008N-005D076+001+002G010X01
B1315244407872N00256728EA0229302516
LXVVT+168H459I114W266007N-007D074+003-003G010X00
B1315254407873N00256738EA0229202515
LXVVT+169H456I112W268006N-006D076+002-003G010X01
B1315264407874N00256748EA0229102514
LXVVT+169H454I109W268005N-005D078+000+003G009X01
B1315274407876N00256757EA0228902512
LXVVT+169H452I105W265004N-009D078+000+003G010X00
B1315284407876N00256766EA0228702509
LXVVT+169H450I103W266004N-010D079-004+001G009X01
B1315294407877N00256776EA0228402506
LXVVT+169H449I110W259003N-005D076-004-002G010X02
B1315304407878N00256786EA0228202504
LXVVT+170H449I111W273002N-006D077-002-004G010X01
B1315314407879N00256796EA0228002502
LXVVT+170H448I115W272002N-006D076+001-002G011X01
B1315324407880N00256806EA0227802501
LXVVT+170H447I115W308002N-008D075+003+002G011X01
B1315334407881N00256816EA0227802500
LXVVT+170H447I109W331001N-004D081+002+006G010X01
B1315344407881N00256825EA0227602499
LXVVT+170H447I111W115002N-002D084-001+005G010X01
B1315354407881N00256834EA0227402497
LXVVT+170H446I111W128006N-002D087-001+001G011X01
B1315364407881N00256843EA0227302496
LXVVT+171H444I115W121008N-001D081-002-002G010X02
B1315374407880N00256852EA0227202494
LXVVT+171H444I130W101012N+009D077-004-003G010X03
B1315384407880N00256861EA0227102493
LXVVT+171H443I129W089016N+013D078-002-004G010X01
B1315394407880N00256870EA0227002492
LXVVT+171H443I125W084019N+004D080+000-002G010X01
B1315404407880N00256880EA0226902491
LXVVT+171H443I120W083019N-008D086+002+001G010X01
B1315414407880N00256888EA0226802490
LXVVT+171H442I117W085020N-008D085+004+003G010X01
B1315424407880N00256896EA0226602488
LXVVT+171H442I112W084021N-005D084+000-001G010X01
B1315434407880N00256904EA0226402486
LXVVT+172H440I108W084021N-007D087-004-001G009X02
B1315444407880N00256913EA0226002482
LXVVT+172H440I115W084021N-009D084-006+000G010X01
B1315454407880N00256922EA0225702478
LXVVT+173H439I124W082023N-008D083-005+001G011X04
B1315464407880N00256931EA0225302475
LXVVT+173H439I135W082025N-009D083-002+003G011X04
B1315474407879N00256941EA0225202473
LXVVT+172H440I134W081026N-007D082+001-002G010X03
B1315484407879N00256950EA0225102472
LXVVT+173H441I130W087029N-005D089+006-001G011X03
B1315494407878N00256957EA0225102472
LXVVT+172H443I120W090031N+001D090+008+002G011X01
B1315504407878N00256964EA0225202473
LXVVT+172H445I113W093033N+003D089+004-002G009X01
B1315514407878N00256970EA0225202473
LXVVT+173H444I100W098035N+008D099+002+001G008X01
B1315524407878N00256976EA0225202473
LXVVT+173H446I100W101036N+007D093-002+000G010X01
B1315534407877N00256981EA0225102472
LXVVT+174H448I093W102038N+000D099-002+003G010X04
B1315544407877N00256987EA0224902470
LXVVT+173H450I099W102038N-004D093-007-002G008X01
B1315554407877N00256993EA0224702468
LXVVT+174H453I107W102040N-010D096-001-005G011X01
B1315564407877N00256999EA0224402465
LXVVT+173H457I109W101041N-011D088-003-008G010X02
B1315574407877N00257006EA0224202462
LXVVT+173H460I117W099042N-008D080-003-007G010X01
B1315584407879N00257013EA0223902459
LXVVT+173H462I122W094043N-005D078-002-003G010X01
B1315594407880N00257020EA0223702457
LXVVT+174H463I117W096042N-010D080+000+002G010X02
B1316004407882N00257028EA0223402454
LXVVT+174H462I119W098042N-015D073+001+003G010X00
B1316014407883N00257035EA0223302452
LXVVT+174H462I123W095042N-009D067-001-002G010X01
B1316024407885N00257042EA0223002449
LXVVT+174H462I119W094042N-004D071-001-007G010X01
B1316034407887N00257050EA0222802447
LXVVT+174H464I116W096041N-013D071+001-003G011X01
B1316044407890N00257057EA0222602444
LXVVT+175H464I118W098040N-013D066+000+002G011X02
B1316054407892N00257065EA0222502443
LXVVT+174H464I127W097041N+003D066+000+002G011X03
B1316064407894N00257072EA0222402442
LXVVT+175H464I126W096042N+008D068+000+001G010X01
B1316074407896N00257079EA0222402441
LXVVT+174H464I120W095042N+002D068+002-002G011X01
B1316084407898N00257086EA0222402441
LXVVT+175H465I120W094042N+006D070-001-002G010X01
B1316094407901N00257093EA0222302441
LXVVT+175H465I121W094042N+014D069-003-002G010X00
B1316104407904N00257100EA0222202440
LXVVT+175H463I123W094042N+009D071-002+002G011X00
B1316114407906N00257107EA0222202440
LXVVT+175H461I127W094043N+009D069-001+005G011X01
B1316124407908N00257115EA0222302440
LXVVT+175H462I131W093044N+015D069+000+004G010X02
B1316134407909N00257122EA0222402441
LXVVT+175H464I127W093045N+018D077+003+003G011X02
B1316144407911N00257129EA0222502442
LXVVT+174H468I120W093046N+018D073+001-002G010X01
B1316154407912N00257135EA0222702444
LXVVT+175H470I116W093047N+019D080+001-003G011X01
B1316164407914N00257142EA0222902446
LXVVT+175H472I110W093045N+025D075-001-002G011X02
B1316174407917N00257149EA0223102449
LXVVT+174H472I113W093044N+030D075+000+000G010X03
B1316184407919N00257155EA0223302453
LXVVT+175H471I122W093044N+032D075+002-001G010X03
B1316194407921N00257160EA0223602457
LXVVT+175H469I100W094045N+026D082+008+008G010X04
B1316204407922N00257164EA0224002460
LXVVT+175H465I092W093045N+016D074+005+006G008X01
B1316214407923N00257167EA0224202461
LXVVT+175H459I081W094047N+015D085+000+004G009X03
B1316224407924N00257170EA0224202461
LXVVT+176H453I080W096050N+017D083-008-004G009X01
B1316234407925N00257174EA0224102460
LXVVT+176H448I091W095051N+017D078-013-007G009X01
B1316244407926N00257179EA0223802458
LXVVT+176H443I101W094052N+005D074-007-006G011X01
B1316254407928N00257184EA0223702456
LXVVT+176H440I109W095052N-002D065-004-005G012X01
B1316264407930N00257191EA0223602455
LXVVT+176H437I123W095052N+007D062-002-004G011X04
B1316274407933N00257197EA0223602455
LXVVT+176H435I122W094053N+011D064+006+002G012X01
B1316284407935N00257203EA0223802456
LXVVT+176H434I113W093053N+011D066+008+005G010X01
B1316294407936N00257207EA0223902457
LXVVT+176H432I102W092054N+010D068+004+004G008X02
B1316304407937N00257211EA0223902457
LXVVT+176H431I093W092054N+011D072-004-001G009X02
B1316314407939N00257215EA0223802455
LXVVT+177H429I101W092056N+014D076-008-002G009X02
B1316324407940N00257221EA0223602454
LXVVT+177H427I106W092055N+004D076-006-001G010X01
B1316334407942N00257227EA0223402452
LXVVT+177H425I116W092054N-005D064-001-002G011X02
B1316344407944N00257234EA0223302450
LXVVT+178H424I121W091054N+000D066+002+000G011X00
B1316354407946N00257240EA0223302451
LXVVT+177H423I122W091054N+007D066+003+000G011X03
B1316364407947N00257247EA0223402452
LXVVT+178H422I117W091053N+012D069+003+004G010X01
B1316374407949N00257253EA0223402452
LXVVT+178H422I112W091053N+010D071+000+004G009X01
B1316384407950N00257259EA0223402452
LXVVT+178H422I110W090052N+010D077-004+003G009X01
B1316394407951N00257265EA0223202450
LXVVT+179H422I112W088049N+007D078-004+003G010X01
B1316404407952N00257272EA0223002448
LXVVT+178H423I122W088049N+004D073-004+002G011X01
B1316414407953N00257280EA0222902447
LXVVT+178H423I129W089050N+009D074-003+000G011X02
B1316424407954N00257288EA0222902446
LXVVT+178H422I133W088050N+010D073+003-002G011X01
B1316434407955N00257295EA0222902447
LXVVT+177H423I130W088051N+010D074+004-002G010X01
B1316444407956N00257302EA0223002447
LXVVT+177H424I116W086050N+008D079+004+002G010X02
B1316454407957N00257308EA0223002447
LXVVT+177H426I113W085048N+006D076-001-002G009X02
B1316464407958N00257315EA0222802446
LXVVT+177H426I112W084047N+005D084-004-002G009X02
B1316474407960N00257322EA0222602444
LXVVT+178H426I107W080044N-001D091-004+006G011X03
B1316484407961N00257329EA0222402441
LXVVT+178H426I121W077043N-010D076-003+006G011X03
B1316494407961N00257337EA0222302439
LXVVT+177H427I138W073046N+006D071-006-002G011X02
B1316504407962N00257346EA0222202439
LXVVT+178H426I118W071044N+002D090+004+005G013X00
B1316514407962N00257355EA0222302441
LXVVT+178H426I116W064040N+028D081+010+013G011X00
B1316524407961N00257362EA0222502444
LXVVT+177H427I114W065040N+026D093+010+010G010X04
B1316534407959N00257368EA0222702446
LXVVT+177H428I102W065040N+023D095+003-001G009X00
B1316544407958N00257374EA0222902447
LXVVT+177H428I090W065040N+017D091-004-010G009X02
B1316554407958N00257379EA0222902447
LXVVT+177H428I082W064038N+006D092-008-007G008X02
B1316564407957N00257385EA0222802446
LXVVT+178H427I085W065035N-006D086-006+001G008X01
B1316574407957N00257391EA0222502444
LXVVT+178H425I101W065034N-006D086-005+005G010X00
B1316584407956N00257398EA0222402442
LXVVT+178H424I117W067036N+010D083-008+001G010X02
B1316594407955N00257406EA0222302441
LXVVT+178H423I127W070037N+020D086+000-006G013X02
B1317004407955N00257414EA0222402442
LXVVT+178H422I116W070038N+007D089+005-005G011X01
B1317014407955N00257421EA0222402442
LXVVT+179H422I106W071037N-001D085+005+001G008X01
B1317024407955N00257428EA0222302442
LXVVT+179H421I099W071035N-004D087+002+003G009X01
B1317034407955N00257434EA0222102440
LXVVT+179H420I097W071034N-004D083-005+002G009X01
B1317044407955N00257441EA0221802437
LXVVT+179H420I101W069033N-004D084-009+000G009X01
B1317054407954N00257449EA0221502433
LXVVT+179H419I115W069033N-005D085-007-002G011X01
B1317064407953N00257457EA0221102429
LXVVT+179H420I126W069033N-008D086-003-003G012X01
B1317074407953N00257466EA0221002427
LXVVT+179H421I132W070034N-003D090+002-001G012X01
B1317084407952N00257475EA0220902426
LXVVT+179H422I128W070034N-004D085+005-003G010X01
B1317094407952N00257483EA0220902426
LXVVT+179H423I126W071036N+000D085+006-005G010X01
B1317104407953N00257490EA0220902427
LXVVT+179H423I113W074037N+007D094+004-004G010X01
B1317114407954N00257497EA0220902427
LXVVT+179H423I100W076037N+000D095+001+003G009X02
B1317124407954N00257503EA0220802425
LXVVT+179H423I099W075036N-002D094-004+007G009X04
B1317134407954N00257510EA0220502423
LXVVT+180H422I111W076037N+004D097-010+000G008X02
B1317144407954N00257517EA0220102419
LXVVT+180H423I122W078038N-001D099-006+000G011X01
B1317154407954N00257525EA0219802416
LXVVT+180H423I129W079040N-009D094-001+001G011X01
B1317164407953N00257533EA0219602414
LXVVT+180H423I135W078042N-009D095+002-002G011X01
B1317174407953N00257541EA0219602412
LXVVT+180H423I129W081043N-005D101+004+000G010X01
B1317184407953N00257549EA0219402412
LXVVT+180H422I119W083043N-008D101+004+002G011X01
B1317194407953N00257556EA0219402411
LXVVT+180H423I114W084043N-004D095+002+001G010X01
B1317204407952N00257562EA0219302410
LXVVT+180H422I115W084044N+008D099-001+003G010X02
B1317214407952N00257569EA0219202410
LXVVT+181H422I112W087045N+004D100-001+004G009X01
B1317224407951N00257575EA0219102408
LXVVT+180H423I108W087045N-005D096-002-002G009X01
B1317234407951N00257581EA0218802405
LXVVT+181H422I109W087046N-009D097-003-005G009X01
B1317244407950N00257587EA0218502401
LXVVT+181H422I110W087046N-011D102-005-005G009X01
B1317254407950N00257594EA0218102397
LXVVT+181H421I111W086045N-019D102-004+001G010X01
B1317264407950N00257602EA0217702393
LXVVT+181H420I116W088042N-025D092-001+004G011X01
B1317274407949N00257610EA0217402390
LXVVT+181H419I119W091040N-015D093-001+001G011X01
B1317284407949N00257618EA0217202387
LXVVT+182H419I119W092037N-011D094+000-004G010X01
B1317294407948N00257626EA0216902384
LXVVT+182H420I118W094035N-016D091+001-005G010X01
B1317304407948N00257635EA0216702381
LXVVT+182H420I116W098033N-018D088+002-005G010X01
B1317314407949N00257643EA0216402378
LXVVT+182H419I111W108030N-016D084-001-005G010X02
B1317324407950N00257652EA0216202375
LXVVT+182H419I115W116029N-010D088-004-001G010X02
B1317334407951N00257662EA0215902373
LXVVT+182H418I115W120027N-005D088-001+002G012X03
B1317344407953N00257671EA0215802372
LXVVT+183H417I122W126026N-001D087-002+002G010X01
B1317354407954N00257681EA0215702371
LXVVT+183H416I122W130024N+002D093+001+006G011X00
B1317364407955N00257691EA0215602370
LXVVT+183H416I119W130021N-005D097+002+008G010X01
B1317374407955N00257701EA0215502370
LXVVT+183H415I119W130020N-005D095+002+003G010X01
B1317384407955N00257710EA0215502369
LXVVT+183H415I117W130020N+001D094+001-003G010X01
B1317394407956N00257718EA0215302367
LXVVT+183H417I119W127021N+004D094-002-006G009X01
B1317404407956N00257727EA0215102365
LXVVT+184H419I114W127022N-006D098-003+003G009X01
B1317414407957N00257736EA0214802362
LXVVT+183H421I119W127022N-006D090-005+003G010X01
B1317424407957N00257746EA0214602358
LXVVT+183H423I124W127022N-004D094-004+001G010X01
B1317434407957N00257755EA0214302355
LXVVT+183H424I128W127022N-016D097+003-002G012X00
B1317444407958N00257765EA0214102353
LXVVT+183H423I131W127023N-013D096+003-004G010X01
B1317454407959N00257774EA0213902351
LXVVT+183H423I117W129024N-015D098+005+004G010X02
B1317464407959N00257783EA0213702350
LXVVT+183H422I116W128025N-012D092+002+002G009X01
B1317474407960N00257791EA0213402347
LXVVT+184H421I119W123026N-009D093-001+000G010X02
B1317484407961N00257799EA0213102343
LXVVT+184H420I105W123026N-019D100-003+003G010X01
B1317494407961N00257807EA0212702339
LXVVT+184H420I104W124022N-026D097-006+002G009X02
B1317504407961N00257817EA0212302334
LXVVT+185H419I123W125021N-021D099-005+002G010X01
B1317514407960N00257827EA0211802330
LXVVT+185H417I128W124021N-019D105-001+006G012X01
B1317524407958N00257836EA0211602327
LXVVT+185H419I143W124023N-014D098+005+001G012X05
B1317534407957N00257845EA0211502326
LXVVT+185H420I132W123026N-007D098+006-007G010X01
B1317544407956N00257853EA0211502325
LXVVT+185H421I114W123027N-015D103+006-009G009X02
B1317554407956N00257861EA0211202323
LXVVT+185H421I102W124027N-024D101+003-004G008X01
B1317564407957N00257868EA0210902319
LXVVT+185H420I103W125027N-022D095-002+000G009X01
B1317574407957N00257876EA0210402314
LXVVT+185H420I104W124027N-017D096-007-001G009X02
B1317584407958N00257884EA0209902308
LXVVT+186H419I112W124027N-026D093-007+000G010X01
B1317594407958N00257893EA0209302303
LXVVT+187H417I123W122027N-031D093-004+001G010X02
B1318004407958N00257902EA0208902298
LXVVT+187H417I132W121027N-025D087-001-002G012X01
B1318014407958N00257912EA0208602294
LXVVT+187H420I133W118027N-022D089+003-003G011X00
B1318024407958N00257922EA0208302292
LXVVT+187H423I128W118026N-023D092+004+001G011X01
B1318034407958N00257931EA0208102290
LXVVT+187H426I118W118025N-022D094+004+002G010X00
B1318044407958N00257940EA0207902287
LXVVT+188H430I110W118022N-018D095+001+000G009X01
B1318054407958N00257949EA0207602283
LXVVT+188H430I112W120021N-016D094-004-004G010X01
B1318064407958N00257958EA0207202280
LXVVT+188H428I121W122020N-006D090-009-002G010X01
B1318074407959N00257969EA0206902276
LXVVT+188H425I129W127019N-005D093-005+000G012X02
B1318084407960N00257980EA0206702274
LXVVT+188H423I131W130017N-012D097+003+002G012X02
B1318094407960N00257991EA0206602274
LXVVT+189H422I123W131014N-015D100+007+009G010X01
B1318104407960N00258001EA0206502273
LXVVT+189H422I118W128012N-010D099+006+006G009X02
B1318114407960N00258010EA0206502273
LXVVT+189H421I109W130010N-006D094+001-004G010X03
B1318124407961N00258019EA0206402271
LXVVT+189H420I104W138011N+001D090-004-015G010X01
B1318134407962N00258028EA0206302270
LXVVT+190H419I097W163015N-001D093+000-006G011X02
B1318144407964N00258037EA0206202269
LXVVT+190H418I105W171018N-009D076-003+004G010X03
B1318154407966N00258046EA0206002266
LXVVT+190H418I112W168017N-006D085-005+008G010X01
B1318164407968N00258055EA0205702264
LXVVT+190H417I116W164017N-002D085-005+002G011X02
B1318174407969N00258065EA0205502261
LXVVT+191H417I125W155018N-002D088-003-003G011X01
B1318184407970N00258075EA0205302259
LXVVT+191H418I129W150019N+000D089-002-003G011X01
B1318194407972N00258085EA0205202258
LXVVT+191H418I134W143019N+002D085+002+001G011X01
B1318204407974N00258095EA0205202259
LXVVT+191H418I131W137020N+005D088+004+005G011X01
B1318214407975N00258104EA0205302259
LXVVT+191H419I121W135021N+007D089+003+005G010X01
B1318224407976N00258112EA0205302259
LXVVT+191H420I114W134022N+004D089+001+001G009X01
B1318234407977N00258121EA0205202257
LXVVT+192H420I110W134022N+004D087-005-004G009X01
B1318244407978N00258130EA0205002255
LXVVT+192H420I117W135022N+005D088-007-004G010X01
B1318254407979N00258140EA0204702253
LXVVT+192H421I129W137021N+010D088-007-003G012X01
B1318264407981N00258152EA0204702253
LXVVT+192H421I151W134023N+019D093+000+004G014X00
B1318274407981N00258162EA0205002256
LXVVT+192H421I142W133025N+021D094+008+013G012X03
B1318284407981N00258170EA0205402260
LXVVT+192H421I116W135028N+015D097+014+009G011X04
B1318294407981N00258177EA0205802264
LXVVT+192H420I104W140035N+025D096+006-005G008X00
B1318304407981N00258182EA0206002267
LXVVT+192H419I086W142038N+022D102-004-009G008X01
B1318314407982N00258187EA0206102268
LXVVT+192H418I081W142037N+020D096-009-003G009X02
B1318324407982N00258193EA0206102268
LXVVT+192H418I094W141038N+002D096-010+002G010X01
B1318334407983N00258199EA0206102267
LXVVT+193H416I103W140040N+011D103-004+002G011X02
B1318344407983N00258206EA0206102267
LXVVT+193H415I115W140044N+016D102-004+000G012X04
B1318354407983N00258213EA0206102268
LXVVT+193H415I117W140046N+016D102-001-001G011X00
B1318364407983N00258221EA0206302269
LXVVT+193H414I115W140046N+023D099+001-009G010X00
B1318374407984N00258228EA0206402270
LXVVT+193H413I102W143046N+022D103+003-011G009X01
B1318384407986N00258236EA0206402271
LXVVT+193H413I097W152048N+013D096+001-004G010X01
B1318394407988N00258244EA0206402272
LXVVT+193H412I110W156050N+017D091-003+005G010X04
B1318404407990N00258253EA0206502273
LXVVT+193H412I119W154049N+033D086+000+006G012X03
B1318414407991N00258260EA0206802276
LXVVT+193H412I119W148048N+036D095+002+009G010X01
B1318424407992N00258267EA0207202279
LXVVT+193H412I105W147050N+027D096+005+006G010X02
B1318434407992N00258273EA0207502282
LXVVT+193H412I102W145051N+027D097+001+001G009X01
B1318444407992N00258278EA0207702284
LXVVT+193H412I098W144052N+034D091-008-006G008X03
B1318454407993N00258285EA0207702284
LXVVT+193H412I106W143053N+031D096-009-013G010X01
B1318464407995N00258293EA0207602284
LXVVT+193H411I100W144050N+015D095-002-003G011X01
B1318474407996N00258301EA0207702285
LXVVT+193H411I112W150053N+008D083+001+006G012X03
B1318484407997N00258310EA0207802286
LXVVT+193H411I123W148052N+017D088+001+007G011X02
B1318494407998N00258318EA0207902288
LXVVT+193H412I119W147052N+028D092+001+001G010X00
B1318504407998N00258326EA0208102289
LXVVT+192H412I107W147050N+014D091+005-006G010X01
B1318514408000N00258333EA0208202290
LXVVT+193H412I093W149047N+007D093+003-003G009X02
B1318524408001N00258340EA0208202290
LXVVT+193H412I095W152046N+011D088-003+002G010X03
B1318534408003N00258348EA0208202290
LXVVT+193H412I109W151046N+023D085-007+003G009X03
B1318544408003N00258356EA0208202290
LXVVT+193H411I114W149046N+029D093-005+005G011X02
B1318554408003N00258364EA0208202290
LXVVT+193H410I120W149047N+019D093+000+004G010X01
B1318564408003N00258373EA0208302291
LXVVT+193H411I118W148047N+012D092+003-001G011X01
B1318574408003N00258381EA0208402292
LXVVT+193H409I115W148046N+015D093+002-004G011X00
B1318584408003N00258390EA0208502294
LXVVT+193H408I117W149045N+028D093-002-004G010X01
B1318594408003N00258398EA0208702296
LXVVT+193H408I118W150044N+036D091-001+000G011X02
B1319004408003N00258407EA0209002299
LXVVT+193H407I111W150041N+033D097+001+005G010X03
B1319014408003N00258415EA0209202301
LXVVT+193H408I114W150040N+031D097+001+007G010X02
B1319024408002N00258423EA0209402304
LXVVT+192H408I110W150040N+028D102+000+006G010X01
B1319034408000N00258430EA0209602305
LXVVT+192H407I107W149039N+030D105+000-001G010X01
B1319044407999N00258437EA0209802307
LXVVT+192H407I105W149038N+032D098-002-010G010X01
B1319054407999N00258445EA0210002309
LXVVT+193H406I106W150037N+030D098-002-008G010X01
B1319064407999N00258454EA0210202311
LXVVT+193H407I107W153037N+029D091-002-002G011X01
B1319074407999N00258462EA0210402314
LXVVT+192H408I105W156037N+032D087+003+002G011X01
B1319084407999N00258469EA0210802318
LXVVT+192H407I097W156036N+034D096+004+002G009X02
B1319094408000N00258476EA0211102321
LXVVT+192H407I086W156035N+029D095+000-001G009X02
B1319104408000N00258482EA0211202322
LXVVT+192H407I085W155035N+026D108-004-002G010X02
B1319114408000N00258488EA0211402324
LXVVT+192H406I095W156039N+034D108-007-001G010X01
B1319124407999N00258493EA0211602326
LXVVT+192H406I092W158042N+034D128-002+011G010X01
B1319134407998N00258497EA0211802327
LXVVT+192H406I085W158043N+020D147-002+022G009X02
B1319144407995N00258499EA0211802327
LXVVT+192H406I092W161046N+011D166-004+023G011X02
B1319154407991N00258497EA0211702327
LXVVT+192H405I105W166051N+020D192-004+019G012X02
B1319164407988N00258491EA0211902328
LXVVT+192H405I105W167051N+031D215+001+020G013X01
B1319174407987N00258483EA0212002330
LXVVT+192H406I102W166051N+021D236+006+025G011X01
B1319184407988N00258474EA0212202332
LXVVT+191H405I096W167051N+013D262+005+030G010X01
B1319194407992N00258466EA0212202333
LXVVT+191H405I094W167050N+016D286+001+026G011X01
B1319204407998N00258459EA0212302333
LXVVT+191H404I094W168049N+021D313-001+020G011X01
B1319214408005N00258453EA0212402335
LXVVT+191H404I095W168048N+022D329+000+018G011X01
B1319224408013N00258450EA0212602336
LXVVT+191H404I093W167047N+021D346+001+021G010X00
B1319234408021N00258449EA0212702338
LXVVT+190H405I091W167047N+018D006+000+024G010X01
B1319244408028N00258451EA0212702338
LXVVT+190H405I094W166046N+018D030-002+022G011X01
B1319254408035N00258456EA0212802339
LXVVT+190H406I100W165046N+024D050-003+021G012X02
B1319264408040N00258463EA0213002341
LXVVT+190H407I104W164046N+028D069+000+023G012X02
B1319274408043N00258471EA0213202343
LXVVT+190H408I104W163046N+027D097+002+028G011X01
B1319284408043N00258478EA0213402345
LXVVT+189H408I100W163046N+023D118+000+027G010X01
B1319294408041N00258483EA0213502347
LXVVT+189H408I104W163047N+025D145+001+023G011X01
B1319304408038N00258485EA0213702349
LXVVT+189H409I100W163048N+026D165+001+021G011X01
B1319314408035N00258485EA0213902351
LXVVT+189H409I090W163048N+025D183+001+022G011X01
B1319324408032N00258481EA0214002352
LXVVT+189H410I088W162048N+023D207-002+023G010X00
B1319334408030N00258475EA0214102353
LXVVT+189H410I091W162048N+021D228-003+023G010X01
B1319344408030N00258467EA0214202354
LXVVT+189H410I098W164047N+023D250-001+023G012X01
B1319354408032N00258458EA0214202355
LXVVT+189H411I099W165047N+019D274-001+026G011X00
B1319364408037N00258450EA0214302355
LXVVT+188H410I101W167045N+017D298-001+028G011X01
B1319374408044N00258443EA0214302355
LXVVT+188H409I103W167044N+016D325-001+027G012X01
B1319384408052N00258440EA0214402356
LXVVT+188H410I098W168045N+018D348+001+025G012X01
B1319394408060N00258440EA0214602358
LXVVT+188H410I095W168046N+019D007+003+021G011X01
B1319404408068N00258442EA0214802360
LXVVT+188H410I091W169047N+022D033+003+017G011X01
B1319414408074N00258446EA0215002362
LXVVT+187H410I084W169047N+024D045+001+016G010X01
B1319424408080N00258451EA0215102364
LXVVT+187H411I083W170047N+023D065-003+015G010X01
B1319434408084N00258458EA0215202364
LXVVT+188H411I088W169047N+025D081-002+014G011X01
B1319444408086N00258464EA0215302366
LXVVT+188H411I089W168047N+027D088+001+015G011X01
B1319454408087N00258471EA0215502367
LXVVT+187H413I088W169047N+026D104-001+014G010X01
B1319464408087N00258478EA0215602369
LXVVT+187H414I096W169047N+027D116+000+005G011X03
B1319474408086N00258484EA0215802371
LXVVT+187H414I094W169046N+032D123+002-001G011X01
B1319484408086N00258490EA0216102374
LXVVT+187H415I089W170046N+032D118+001-001G009X01
B1319494408085N00258496EA0216202376
LXVVT+187H415I091W170045N+025D120-003+000G010X00
B1319504408085N00258503EA0216302377
LXVVT+187H416I093W171044N+025D126-003+002G010X02
B1319514408084N00258510EA0216402379
LXVVT+187H416I100W172044N+028D120+000+001G011X01
B1319524408083N00258517EA0216602381
LXVVT+188H416I102W172043N+029D119+002-003G011X01
B1319534408082N00258524EA0216902383
LXVVT+187H417I106W172044N+035D116-001-005G010X01
B1319544408082N00258531EA0217102386
LXVVT+187H417I105W170044N+038D116+002-003G011X01
B1319554408081N00258538EA0217402389
LXVVT+187H418I100W169045N+036D116+002+001G010X01
B1319564408081N00258544EA0217902393
LXVVT+187H417I094W169045N+044D126+001+007G010X01
B1319574408079N00258550EA0218202396
LXVVT+187H418I091W169045N+047D140+001+013G010X00
B1319584408076N00258553EA0218502399
LXVVT+187H418I085W168042N+038D164-002+023G009X02
B1319594408073N00258553EA0218602400
LXVVT+187H418I089W164038N+027D187-005+028G010X03
B1320004408069N00258550EA0218602400
LXVVT+186H419I106W163038N+023D210-010+028G011X02
B1320014408065N00258542EA0218502399
LXVVT+186H419I118W163038N+031D241-006+030G014X01
B1320024408064N00258531EA0218602400
LXVVT+186H420I117W159039N+018D258+001+037G014X02
B1320034408068N00258520EA0218802402
LXVVT+186H420I121W158039N+012D299+002+045G013X03
B1320044408075N00258512EA0218802404
LXVVT+185H420I121W158037N+011D325-001+044G014X01
B1320054408083N00258510EA0219002406
LXVVT+185H420I123W156034N+019D007-003+036G014X00
B1320064408091N00258514EA0219302409
LXVVT+184H421I119W154033N+032D029+001+030G013X03
B1320074408097N00258520EA0219802414
LXVVT+184H422I107W155033N+033D060+006+026G012X01
B1320084408099N00258527EA0220202419
LXVVT+183H423I101W155034N+040D088+006+025G011X01
B1320094408099N00258533EA0220702423
LXVVT+183H423I096W153035N+044D114+002+023G010X01
B1320104408097N00258538EA0221002426
LXVVT+183H423I093W153036N+044D140-001+019G010X03
B1320114408094N00258540EA0221202428
LXVVT+183H423I092W153036N+037D161-002+017G010X02
B1320124408090N00258540EA0221302429
LXVVT+183H423I089W151034N+025D185-001+019G011X02
B1320134408086N00258536EA0221302429
LXVVT+183H424I092W151034N+021D208-004+026G010X01
B1320144408083N00258530EA0221302429
LXVVT+183H424I101W151034N+022D230-005+030G012X01
B1320154408082N00258520EA0221302429
LXVVT+183H425I108W150034N+019D264-003+034G013X01
B1320164408085N00258509EA0221302430
LXVVT+182H426I114W150035N+016D290-001+037G013X01
B1320174408091N00258500EA0221402431
LXVVT+182H426I114W149036N+015D318+000+036G013X01
B1320184408099N00258495EA0221602434
LXVVT+181H427I111W150037N+022D350+000+034G012X02
B1320194408107N00258494EA0221902437
LXVVT+181H428I109W150037N+025D011+000+031G012X02
B1320204408115N00258498EA0222202440
LXVVT+180H428I110W148037N+031D040+003+025G012X01
B1320214408119N00258503EA0222602443
LXVVT+180H428I107W143038N+042D063+003+021G011X01
B1320224408122N00258509EA0223002447
LXVVT+180H429I097W141038N+043D082+002+015G011X01
B1320234408123N00258515EA0223302451
LXVVT+180H429I088W142038N+043D102+001+011G010X02
B1320244408123N00258520EA0223702455
LXVVT+180H429I092W142038N+044D117+000+012G009X02
B1320254408121N00258524EA0224002458
LXVVT+180H429I090W142040N+041D137-001+015G010X03
B1320264408118N00258527EA0224202460
LXVVT+180H430I086W141040N+029D165-004+021G009X02
B1320274408115N00258526EA0224202460
LXVVT+180H431I090W142040N+018D173-004+025G010X01
B1320284408111N00258523EA0224102459
LXVVT+180H431I097W143040N+013D205-004+024G012X01
B1320294408108N00258516EA0224102459
LXVVT+180H432I106W146041N+018D226-002+026G012X04
B1320304408107N00258506EA0224102460
LXVVT+179H432I106W146040N+016D251-001+030G011X01
B1320314408108N00258496EA0224202460
LXVVT+179H433I105W146041N+010D282-002+035G012X02
B1320324408114N00258486EA0224202461
LXVVT+179H433I112W147039N+014D307-001+035G013X00
B1320334408122N00258481EA0224302462
LXVVT+178H433I116W147039N+022D340-002+037G013X01
B1320344408131N00258481EA0224502464
LXVVT+177H433I122W147039N+027D018+000+034G014X01
B1320354408138N00258485EA0224802468
LXVVT+176H436I119W146039N+025D036+005+029G012X01
B1320364408143N00258491EA0225202472
LXVVT+175H437I114W144039N+037D070+006+022G012X03
B1320374408146N00258498EA0225702477
LXVVT+174H438I103W143040N+045D076+001+012G007X02
B1320384408148N00258504EA0226002480
LXVVT+175H438I087W145038N+038D098+007+000G013X03
B1320394408149N00258509EA0226402484
LXVVT+175H439I077W145038N+034D096+002+002G008X02
B1320404408150N00258514EA0226602486
LXVVT+176H439I079W145038N+036D103-002+005G010X02
B1320414408150N00258518EA0226802488
LXVVT+175H439I078W145038N+034D120-003+006G010X01
B1320424408149N00258523EA0227002490
LXVVT+176H440I077W145036N+029D112-003+003G010X02
B1320434408148N00258528EA0227102492
LXVVT+176H440I084W145036N+024D127-001-004G008X03
B1320444408147N00258533EA0227202492
LXVVT+176H440I081W146033N+018D114+000-007G011X02
B1320454408145N00258538EA0227202493
LXVVT+176H440I081W146032N+014D125+001-005G009X01
B1320464408145N00258544EA0227302494
LXVVT+176H440I081W148030N+020D107-001-001G011X01
B1320474408143N00258549EA0227402494
LXVVT+176H441I082W150029N+018D116+000-002G009X00
B1320484408142N00258555EA0227402495
LXVVT+177H440I081W153026N+010D113-004-004G009X04
B1320494408141N00258562EA0227202493
LXVVT+176H441I093W156025N+005D108-007-004G009X01
B1320504408140N00258570EA0227002491
LXVVT+176H441I099W161024N+007D113-003-001G012X01
B1320514408139N00258579EA0227002491
LXVVT+175H441I112W165023N+012D104+003+004G012X02
B1320524408137N00258588EA0227002492
LXVVT+175H442I120W163023N+016D118+009+002G012X03
B1320534408135N00258596EA0227202494
LXVVT+174H443I109W164023N+016D116+010+002G010X01
B1320544408134N00258603EA0227402497
LXVVT+174H442I102W162024N+017D119+010+005G010X01
B1320554408132N00258608EA0227702499
LXVVT+174H443I102W159026N+025D114+004+007G009X05
B1320564408130N00258613EA0227802500
LXVVT+173H443I103W155031N+035D120-001+001G009X03
B1320574408128N00258617EA0227902501
LXVVT+174H442I092W155035N+023D124-001-003G009X02
B1320584408126N00258622EA0227802500
LXVVT+175H441I094W153036N+011D118-004-002G009X04
B1320594408124N00258627EA0227702498
LXVVT+174H441I106W150039N+010D115-004-001G011X01
B1321004408122N00258632EA0227602497
LXVVT+173H442I113W145040N+015D110-003-003G012X03
B1321014408120N00258639EA0227502496
LXVVT+173H443I116W141042N+013D115-001-005G012X01
B1321024408118N00258645EA0227502497
LXVVT+173H443I111W140041N+007D119+007+001G011X02
B1321034408116N00258650EA0227602498
LXVVT+172H443I108W140041N+005D119+007+001G010X01
B1321044408114N00258655EA0227602499
LXVVT+172H442I107W140043N+013D119+002+001G009X02
B1321054408112N00258660EA0227702499
LXVVT+172H442I105W139044N+021D117-004-003G009X01
B1321064408110N00258665EA0227602499
LXVVT+172H442I104W139045N+015D126-002-005G010X01
B1321074408108N00258670EA0227502498
LXVVT+173H441I101W139045N+004D118+000-001G010X01
B1321084408107N00258675EA0227402497
LXVVT+172H442I103W140045N-001D114-002+000G009X01
B1321094408105N00258681EA0227302495
LXVVT+172H442I113W139046N+006D114-002-002G012X03
B1321104408104N00258687EA0227102493
LXVVT+172H443I115W138046N+008D107-001-005G012X01
B1321114408102N00258693EA0227002493
LXVVT+171H444I115W135047N+010D111+003-007G010X00
B1321124408102N00258698EA0227102493
LXVVT+171H445I108W134049N+005D110+003-003G009X00
B1321134408101N00258702EA0227002491
LXVVT+171H446I092W134050N-002D122-001+002G009X04
B1321144408100N00258707EA0226702488
LXVVT+172H446I089W133048N-008D123-003+009G009X01
B1321154408099N00258711EA0226402485
LXVVT+171H447I103W133049N-011D122-006+007G011X01
B1321164408097N00258717EA0226102482
LXVVT+172H447I106W132047N-011D126-006-001G009X01
B1321174408094N00258723EA0225802478
LXVVT+172H447I112W131045N-016D123+003-003G011X01
B1321184408093N00258728EA0225502476
LXVVT+171H449I113W130046N-020D113+002-005G010X02
B1321194408091N00258733EA0225202473
LXVVT+171H449I108W129046N-014D118-002-004G009X01
B1321204408090N00258739EA0224902469
LXVVT+172H448I106W129046N-014D124-001-001G010X01
B1321214408088N00258745EA0224602466
LXVVT+172H446I109W129044N-022D122+000+004G010X01
B1321224408086N00258752EA0224302463
LXVVT+171H445I117W130043N-017D117-001-001G011X01
B1321234408084N00258758EA0224002461
LXVVT+173H445I112W129043N-016D126+003+000G010X01
B1321244408083N00258764EA0223802458
LXVVT+172H444I109W129041N-019D116+002+001G009X01
B1321254408081N00258770EA0223602455
LXVVT+172H443I109W128042N-019D118+001-001G010X01
B1321264408079N00258776EA0223302452
LXVVT+173H442I104W128040N-019D118-002-001G010X02
B1321274408077N00258782EA0222902448
LXVVT+173H441I109W128040N-018D121-003+002G010X02
B1321284408075N00258788EA0222502444
LXVVT+173H440I106W128038N-025D117-002+003G010X01
B1321294408073N00258794EA0222102440
LXVVT+173H440I117W128038N-023D117+000-003G010X02
B1321304408071N00258801EA0221702436
LXVVT+173H440I110W128036N-027D120+001-003G010X02
B1321314408069N00258808EA0221402432
LXVVT+173H439I112W128035N-029D121+001+001G010X01
B1321324408067N00258814EA0221002428
LXVVT+174H438I111W127033N-030D125+002+004G010X01
B1321334408064N00258821EA0220602424
LXVVT+174H438I108W126032N-028D125+001+003G010X00
B1321344408062N00258827EA0220202420
LXVVT+175H437I106W125030N-029D123+000-002G009X02
B1321354408060N00258834EA0219802416
LXVVT+175H435I112W124030N-023D121-002-006G010X02
B1321364408058N00258841EA0219402411
LXVVT+176H435I114W124031N-019D117-004-004G010X02
B1321374408056N00258848EA0219002407
LXVVT+175H435I114W126030N-025D112+001-003G011X01
B1321384408055N00258855EA0218702403
LXVVT+176H434I110W127029N-033D116+001+001G009X01
B1321394408053N00258863EA0218302399
LXVVT+177H433I101W130027N-036D117+001+004G010X01
B1321404408051N00258870EA0217802394
LXVVT+177H433I107W136025N-032D116-005+000G012X00
B1321414408050N00258879EA0217502390
LXVVT+177H433I121W136024N-017D117-004-002G013X02
B1321424408047N00258888EA0217402389
LXVVT+177H432I130W136023N+012D116+002+001G012X04
B1321434408045N00258897EA0217502390
LXVVT+177H433I122W137022N+016D115+009+001G011X01
B1321444408043N00258904EA0217702392
LXVVT+177H433I106W138022N-001D116+008-001G009X01
B1321454408041N00258911EA0217702393
LXVVT+177H433I097W139021N+003D120+002-002G008X02
B1321464408040N00258917EA0217602392
LXVVT+177H433I097W140022N+006D121-005-001G009X01
B1321474408039N00258923EA0217402390
LXVVT+178H432I098W139023N+002D124-008+001G010X01
B1321484408037N00258931EA0217202388
LXVVT+179H431I104W138022N-002D126-006+003G010X00
B1321494408035N00258939EA0217002386
LXVVT+179H430I111W138021N-005D123-001+003G011X01
B1321504408033N00258947EA0216902385
LXVVT+179H430I112W138020N-009D120+003+000G011X02
B1321514408032N00258954EA0216802383
LXVVT+179H430I106W140020N-008D125+002-003G009X03
B1321524408030N00258962EA0216602382
LXVVT+180H429I098W144020N-012D128+001-001G010X02
B1321534408029N00258969EA0216402379
LXVVT+180H428I096W145019N-013D120-001+002G010X01
B1321544408028N00258977EA0216202377
LXVVT+180H427I108W141019N-007D117-004+001G010X01
B1321554408027N00258986EA0215902374
LXVVT+181H427I115W137020N-004D119-004-002G011X01
B1321564408026N00258994EA0215602372
LXVVT+181H426I116W135021N-008D119-002-001G010X01
B1321574408025N00259003EA0215502370
LXVVT+181H426I114W137021N-013D117+002+003G011X00
B1321584408024N00259011EA0215302368
LXVVT+181H425I113W139020N-010D120+001+003G010X01
B1321594408023N00259020EA0215202366
LXVVT+182H425I111W141021N-006D124+000+003G010X02
B1322004408021N00259028EA0215002365
LXVVT+181H425I114W140021N-002D119-001+001G010X01
B1322014408020N00259036EA0214902363
LXVVT+181H424I117W139021N+005D120-003-003G010X01
B1322024408018N00259044EA0214802362
LXVVT+182H424I115W140022N+001D119-002-004G010X00
B1322034408017N00259053EA0214602360
LXVVT+182H424I115W142022N-005D116-001-005G010X01
B1322044408017N00259062EA0214502359
LXVVT+183H422I111W146021N-008D118+001+000G010X01
B1322054408016N00259071EA0214302357
LXVVT+183H422I107W152020N-008D120+000+005G010X01
B1322064408015N00259080EA0214202356
LXVVT+183H421I108W155018N-004D120-001+005G010X01
B1322074408014N00259089EA0214102355
LXVVT+183H421I114W157017N+002D119-002+002G010X01
B1322084408012N00259099EA0214002354
LXVVT+183H420I115W159017N+004D120+000-004G010X01
B1322094408011N00259108EA0213902353
LXVVT+184H420I110W161017N-002D122+002-004G010X01
B1322104408010N00259117EA0213802352
LXVVT+183H420I109W163017N-003D116+000-001G010X01
B1322114408010N00259126EA0213702350
LXVVT+184H420I108W164017N-001D120+000+001G012X01
B1322124408009N00259135EA0213502349
LXVVT+185H419I102W169017N-006D121-002+002G010X02
B1322134408008N00259143EA0213302347
LXVVT+185H418I102W172016N-008D119-002-001G010X02
B1322144408007N00259152EA0213102344
LXVVT+185H418I106W174016N-004D119-004-004G010X01
B1322154408006N00259162EA0212902342
LXVVT+185H417I112W177016N+000D116-005+000G010X02
B1322164408005N00259172EA0212702341
LXVVT+185H416I117W181016N-002D115+000+003G012X01
B1322174408004N00259183EA0212702340
LXVVT+185H417I121W188017N-001D112+001+000G010X01
B1322184408003N00259193EA0212702339
LXVVT+185H417I115W193018N+002D115+001-001G010X02
B1322194408002N00259202EA0212602339
LXVVT+186H416I108W197018N-003D121+005+000G010X01
B1322204408001N00259211EA0212602338
LXVVT+186H416I101W200018N-005D117+003+003G010X01
B1322214408000N00259220EA0212502337
LXVVT+185H416I101W202018N+003D113-002+001G010X01
B1322224407998N00259229EA0212402336
LXVVT+186H415I105W199018N+008D117-006-002G010X02
B1322234407997N00259238EA0212202335
LXVVT+187H415I106W200018N+003D116-004-002G010X01
B1322244407996N00259248EA0212102333
LXVVT+186H415I109W205020N-005D112-002-003G010X02
B1322254407996N00259258EA0211902331
LXVVT+186H415I116W207021N-006D113-001-003G011X01
B1322264407995N00259269EA0211802330
LXVVT+187H414I118W204021N+000D117+002+003G011X01
B1322274407995N00259279EA0211802330
LXVVT+186H414I123W199022N+009D115+002+005G010X04
B1322284407994N00259288EA0211902331
LXVVT+186H414I117W193024N+008D118+003+002G010X01
B1322294407993N00259297EA0211902331
LXVVT+186H414I106W192028N+002D119+003-002G009X02
B1322304407993N00259305EA0211802329
LXVVT+187H414I099W190031N-004D120-001-003G008X01
B1322314407993N00259313EA0211502327
LXVVT+187H413I097W190032N-005D120-004+000G009X01
B1322324407992N00259322EA0211302324
LXVVT+187H414I113W186030N+002D111-010+000G009X04
B1322334407992N00259332EA0211002321
LXVVT+186H414I122W181029N-007D114-005-002G012X00
B1322344407991N00259342EA0210902320
LXVVT+187H414I120W182029N+012D121+002+002G011X02
B1322354407991N00259352EA0210902320
LXVVT+186H414I115W184029N+014D116+004+005G010X03
B1322364407990N00259361EA0211002320
LXVVT+186H415I110W187029N-004D118+005+003G009X03
B1322374407989N00259370EA0210902319
LXVVT+186H415I103W189028N+000D120-001-001G010X03
B1322384407989N00259380EA0210702318
LXVVT+186H415I104W190027N+001D122-006-007G009X01
B1322394407989N00259390EA0210402315
LXVVT+187H414I111W190027N+001D120-005-004G011X01
B1322404407989N00259401EA0210202313
LXVVT+187H414I115W194027N-001D116-003+001G011X02
B1322414407989N00259412EA0210002312
LXVVT+187H414I113W200030N-005D116+001+006G011X01
B1322424407988N00259423EA0209802311
LXVVT+187H414I096W213031N-013D114+004+006G011X02
B1322434407987N00259434EA0209902311
LXVVT+187H414I103W221032N-007D120+004+002G010X02
B1322444407987N00259444EA0209902311
LXVVT+188H413I104W222031N+009D120-001-004G009X01
B1322454407986N00259455EA0209902310
LXVVT+188H413I106W222031N+017D119-005-008G010X01
B1322464407986N00259466EA0209802309
LXVVT+188H412I109W222031N+010D115-004-004G010X01
B1322474407986N00259477EA0209702307
LXVVT+189H412I115W222031N+007D112-003+001G011X01
B1322484407986N00259489EA0209602306
LXVVT+189H412I117W223032N+007D119+000+006G011X01
B1322494407985N00259501EA0209602306
LXVVT+189H412I115W223033N+002D119+003+010G011X01
B1322504407984N00259511EA0209602305
LXVVT+189H413I119W223032N+004D117+003+003G009X02
B1322514407983N00259522EA0209602305
LXVVT+188H413I113W221033N+004D114+003-005G010X01
B1322524407982N00259531EA0209602304
LXVVT+188H415I104W221033N+003D114+001-009G010X02
B1322534407982N00259541EA0209502303
LXVVT+188H416I098W221034N+000D117-004-007G009X01
B1322544407982N00259551EA0209302302
LXVVT+189H415I099W221034N-002D116-001+003G009X01
B1322554407981N00259562EA0209202301
LXVVT+188H415I107W221034N-002D116-002+006G010X01
B1322564407981N00259572EA0209002299
LXVVT+189H414I110W221034N+000D122-003+004G010X01
B1322574407980N00259583EA0208802297
LXVVT+188H415I116W219034N+000D121-002+000G010X02
B1322584407978N00259594EA0208702295
LXVVT+188H414I115W218035N-004D120+002-001G011X01
B1322594407977N00259604EA0208602294
LXVVT+188H414I112W217035N-005D119+003-002G011X01
B1323004407977N00259614EA0208502293
LXVVT+189H414I108W215036N-002D115+002-003G010X01
B1323014407977N00259624EA0208402292
LXVVT+188H414I106W212034N+005D111-001-004G010X02
B1323024407977N00259633EA0208302291
LXVVT+188H413I109W210032N+006D114-004-003G010X01
B1323034407977N00259643EA0208202290
LXVVT+190H412I109W206033N+001D122+000+007G010X01
B1323044407977N00259653EA0208102289
LXVVT+189H412I114W204034N+000D117+000+007G010X01
B1323054407975N00259663EA0208002288
LXVVT+189H411I115W202034N+002D122-001+002G010X01
B1323064407974N00259672EA0208002288
LXVVT+189H411I113W201034N+005D120+000-005G010X00
B1323074407974N00259682EA0207902287
LXVVT+190H410I111W201035N+003D120+000-006G010X00
B1323084407974N00259692EA0207802286
LXVVT+190H409I111W201035N+003D117+001-002G011X00
B1323094407974N00259703EA0207802286
LXVVT+190H409I110W201035N+005D118+000+004G011X01
B1323104407974N00259713EA0207702286
LXVVT+190H408I110W202036N+008D116-002+006G010X00
B1323114407973N00259723EA0207702285
LXVVT+190H408I112W202036N+008D116-001+000G010X00
B1323124407972N00259733EA0207702285
LXVVT+191H408I112W202036N+008D118-001-004G010X01
B1323134407972N00259743EA0207602284
LXVVT+191H408I117W200036N+009D116-001-005G010X01
B1323144407973N00259753EA0207602284
LXVVT+191H408I113W199036N+005D117+000-002G010X02
B1323154407973N00259763EA0207502283
LXVVT+191H407I111W198038N-001D119+002+002G010X01
B1323164407974N00259773EA0207402282
LXVVT+191H407I110W196039N-001D122+000+006G010X01
B1323174407974N00259782EA0207202280
LXVVT+191H407I110W194041N+004D125-003+004G010X01
B1323184407974N00259792EA0207102279
LXVVT+191H407I117W192044N+005D120-002+001G011X01
B1323194407974N00259802EA0207002278
LXVVT+191H407I121W189044N+009D119-002-003G010X01
B1323204407974N00259811EA0207002277
LXVVT+191H406I117W188046N+005D127+003-001G010X02
B1323214407974N00259821EA0207002277
LXVVT+191H406I116W187051N+000D124+004+001G010X02
B1323224407975N00259829EA0206902277
LXVVT+192H405I111W185053N+000D125+002+003G009X03
B1323234407975N00259838EA0206802275
LXVVT+192H405I107W185056N-001D128-001+001G009X01
B1323244407976N00259846EA0206602273
LXVVT+193H404I107W184059N-003D129-003+000G009X00
B1323254407976N00259855EA0206302270
LXVVT+193H404I109W184060N-006D127-005-001G010X01
B1323264407976N00259864EA0206002267
LXVVT+193H403I117W184060N-008D126-005+001G010X02
B1323274407975N00259873EA0205702264
LXVVT+192H403I124W183060N-006D123-004-001G011X01
B1323284407975N00259883EA0205402261
LXVVT+192H403I128W184060N-008D126+000-001G010X01
B1323294407974N00259893EA0205202258
LXVVT+193H403I126W184059N-013D128+003+003G011X01
B1323304407974N00259903EA0205002256
LXVVT+193H403I121W186059N-013D127+001+002G010X01
B1323314407973N00259912EA0204802254
LXVVT+193H404I118W187056N-011D128+000+001G010X01
B1323324407972N00259922EA0204602252
LXVVT+193H405I119W188055N-006D128+000-002G010X01
B1323334407971N00259932EA0204502250
LXVVT+193H406I118W189054N-001D126-003-002G010X01
B1323344407971N00259943EA0204302248
LXVVT+194H405I125W191054N+001D126-004-001G011X03
B1323354407969N00259954EA0204102247
LXVVT+194H405I126W192051N+001D129+000+006G012X00
B1323364407968N00259965EA0204102247
LXVVT+194H404I131W196051N+001D123+003+003G010X02
B1323374407966N00259976EA0204202247
LXVVT+194H405I124W198051N+006D125+005-002G010X02
B1323384407965N00259986EA0204302248
LXVVT+194H405I113W201049N+005D130+004-002G010X01
B1323394407963N00259996EA0204302248
LXVVT+195H407I107W203046N+007D132+002+002G011X02
B1323404407962N00300006EA0204402249
LXVVT+195H408I111W205043N+016D122+000+003G010X01
B1323414407960N00300015EA0204602251
LXVVT+194H409I123W203043N+032D127+000+000G012X03
B1323424407958N00300024EA0204902254
LXVVT+194H409I122W200044N+040D129-004-002G011X01
B1323434407956N00300032EA0205202258
LXVVT+194H408I103W200042N+037D141+001+002G010X03
B1323444407953N00300040EA0205602262
LXVVT+194H408I099W201034N+029D136+003+007G010X02
B1323454407950N00300048EA0205902266
LXVVT+194H408I113W202034N+037D134-003+001G011X02
B1323464407947N00300056EA0206302270
LXVVT+193H410I117W201034N+061D135-007-009G012X02
B1323474407945N00300064EA0206902276
LXVVT+192H411I115W200036N+061D141+000-009G010X01
B1323484407943N00300073EA0207402282
LXVVT+192H413I097W203037N+043D137+008-002G010X03
B1323494407942N00300080EA0208002288
LXVVT+192H414I093W202037N+039D128+004+002G008X02
B1323504407941N00300087EA0208402292
LXVVT+192H413I092W198036N+050D132-005+000G009X01
B1323514407939N00300094EA0208702296
LXVVT+192H411I089W198036N+048D139-008+000G009X03
B1323524407937N00300101EA0209002299
LXVVT+191H411I099W197036N+041D139-006+001G010X01
B1323534407935N00300109EA0209302302
LXVVT+191H410I112W196036N+039D136-003+000G011X02
B1323544407933N00300117EA0209502305
LXVVT+191H411I115W195037N+039D140+001+000G011X01
B1323554407930N00300124EA0209902308
LXVVT+190H413I111W196036N+035D134+003+001G010X02
B1323564407927N00300131EA0210302312
LXVVT+190H414I108W194036N+040D135+002-003G009X01
B1323574407925N00300138EA0210602315
LXVVT+190H416I101W194037N+034D137+001-004G009X02
B1323584407923N00300145EA0210702317
LXVVT+190H418I090W195038N+018D135-001-001G008X04
B1323594407922N00300152EA0210802317
LXVVT+190H419I089W199038N+013D138-007-002G008X02
B1324004407920N00300160EA0210702316
LXVVT+189H420I099W199037N+016D134-007-003G011X03
B1324014407918N00300169EA0210502315
LXVVT+189H421I112W200037N+016D130-009-003G011X01
B1324024407916N00300179EA0210502315
LXVVT+189H420I121W202037N+017D135-001+000G012X04
B1324034407914N00300190EA0210502316
LXVVT+188H422I138W198035N+013D127+001+000G010X06
B1324044407912N00300200EA0210502317
LXVVT+188H421I125W197037N+002D133+009+005G011X05
B1324054407911N00300207EA0210702319
LXVVT+187H420I116W191038N+036D128+015+005G011X00
B1324064407909N00300212EA0211102321
LXVVT+187H418I090W186040N+039D130+010+009G011X03
B1324074407908N00300215EA0211402323
LXVVT+188H417I068W188045N+031D137+002+007G009X00
B1324084407906N00300217EA0211502324
LXVVT+188H417I065W186041N+023D162-009-004G009X00
B1324094407903N00300220EA0211402323
LXVVT+188H416I078W183038N+004D155-016-007G009X01
B1324104407900N00300224EA0211302322
LXVVT+188H415I096W183038N+003D157-008-010G012X01
B1324114407897N00300230EA0211102322
LXVVT+188H415I114W181038N+009D150-002-008G013X04
B1324124407894N00300237EA0211302325
LXVVT+187H415I127W176039N+036D135+006-003G013X00
B1324134407891N00300243EA0211802330
LXVVT+187H415I126W167040N+060D139+012+000G011X03
B1324144407889N00300248EA0212302336
LXVVT+187H415I109W163043N+061D139+010+002G008X03
B1324154407888N00300252EA0212802340
LXVVT+187H415I090W162044N+040D140+006+002G010X03
B1324164407886N00300255EA0213202343
LXVVT+187H415I083W162044N+037D141-006-001G009X05
B1324174407885N00300258EA0213302344
LXVVT+187H414I090W162046N+042D142-016-001G007X01
B1324184407882N00300263EA0213202344
LXVVT+187H414I100W162046N+029D144-014-002G008X03
B1324194407880N00300268EA0213002341
LXVVT+187H414I112W162046N+001D136-004-002G011X01
B1324204407877N00300275EA0212902340
LXVVT+186H414I123W163045N-003D133+001-001G012X01
B1324214407874N00300283EA0212802340
LXVVT+187H414I125W164045N+003D137+005+004G012X02
B1324224407871N00300289EA0212902341
LXVVT+186H415I115W165043N+004D135+008+010G011X01
B1324234407868N00300294EA0213102343
LXVVT+186H415I114W165042N+014D134+009+003G011X01
B1324244407865N00300297EA0213402346
LXVVT+185H416I106W168045N+027D145+004-005G009X03
B1324254407862N00300300EA0213602348
LXVVT+185H417I093W170047N+024D148+001-005G009X04
B1324264407860N00300304EA0213602348
LXVVT+185H417I089W170048N+011D145-003-003G009X02
B1324274407858N00300307EA0213502347
LXVVT+186H417I095W170049N+011D145-008+001G010X01
B1324284407856N00300312EA0213302345
LXVVT+186H416I107W169049N+013D145-007+003G011X01
B1324294407853N00300317EA0213102343
LXVVT+186H416I121W169050N+011D144-003+002G011X01
B1324304407849N00300323EA0213102343
LXVVT+185H416I125W169050N+008D146+003+001G011X01
B1324314407846N00300328EA0213202344
LXVVT+185H416I119W169049N+008D145+008+000G010X01
B1324324407843N00300333EA0213302345
LXVVT+185H417I106W169048N+000D145+008-002G010X03
B1324334407841N00300337EA0213302345
LXVVT+186H417I094W169047N+001D145+003-002G009X01
B1324344407838N00300341EA0213202344
LXVVT+186H417I092W170046N+007D143-006+002G010X02
B1324354407835N00300345EA0213002342
LXVVT+186H417I106W170046N+010D138-008+003G010X02
B1324364407832N00300350EA0212902340
LXVVT+186H417I115W169047N+012D141-006-002G010X00
B1324374407829N00300355EA0212702338
LXVVT+185H418I119W169046N+000D139+000-006G011X01
B1324384407826N00300361EA0212602337
LXVVT+186H417I120W168047N-004D136+003-004G011X02
B1324394407823N00300367EA0212502337
LXVVT+186H416I118W167047N+002D137+003+002G010X01
B1324404407820N00300373EA0212502337
LXVVT+187H416I112W168046N+003D142+002+008G010X01
B1324414407817N00300377EA0212502337
LXVVT+187H416I105W167043N+002D141+002+008G010X01
B1324424407813N00300382EA0212502336
LXVVT+186H416I107W168041N+004D140-001-001G010X01
B1324434407809N00300386EA0212402336
LXVVT+187H415I109W169040N+013D144-005-006G012X02
B1324444407805N00300392EA0212402336
LXVVT+187H415I111W168038N+020D146-001-001G012X02
B1324454407801N00300397EA0212602338
LXVVT+187H415I112W169036N+015D136+004+002G011X01
B1324464407798N00300401EA0212702339
LXVVT+187H415I109W169036N+017D141+003+002G010X01
B1324474407794N00300406EA0212902341
LXVVT+186H415I103W170034N+022D137-002-004G009X01
B1324484407790N00300410EA0213002342
LXVVT+187H415I101W171034N+022D140-002-009G010X01
B1324494407787N00300416EA0213002343
LXVVT+187H414I102W172033N+016D136-003-005G010X01
B1324504407785N00300421EA0213102343
LXVVT+187H414I105W171033N+015D130-003+000G010X01
B1324514407782N00300428EA0213202344
LXVVT+186H414I105W174033N+017D125+000+001G011X01
B1324524407779N00300434EA0213302345
LXVVT+186H414I104W175033N+019D127-001+000G010X01
B1324534407776N00300440EA0213402346
LXVVT+186H415I104W177033N+022D129-004-001G010X01
B1324544407773N00300447EA0213502348
LXVVT+186H414I109W177033N+024D137-001-001G011X02
B1324554407771N00300454EA0213602349
LXVVT+185H415I108W177034N+022D135+001+001G010X01
B1324564407768N00300460EA0213802351
LXVVT+186H415I100W178033N+017D136+002+005G010X01
B1324574407766N00300466EA0213902352
LXVVT+185H415I098W179032N+012D136+001+006G010X01
B1324584407763N00300472EA0214002353
LXVVT+185H415I106W178032N+018D133-003+002G010X01
B1324594407760N00300478EA0214002353
LXVVT+186H415I105W177033N+022D143-002+002G009X02
B1325004407757N00300483EA0214002353
LXVVT+185H416I106W176034N+012D137-002-003G010X00
B1325014407755N00300489EA0214002353
LXVVT+185H416I105W176034N+007D138-002-002G009X02
B1325024407752N00300496EA0213902352
LXVVT+185H416I103W178033N+002D133-001+002G010X00
B1325034407749N00300503EA0213802351
LXVVT+185H416I111W180034N+008D126-003-003G010X01
B1325044407747N00300511EA0213802351
LXVVT+185H416I116W180034N+016D131-001-005G011X02
B1325054407745N00300519EA0213802352
LXVVT+185H416I113W180034N+009D134+004+003G010X01
B1325064407743N00300526EA0213902352
LXVVT+184H418I108W180035N+006D131+004+005G010X01
B1325074407740N00300533EA0213902352
LXVVT+185H417I102W181034N+006D137+000+005G009X01
B1325084407738N00300540EA0213802352
LXVVT+185H417I107W181033N+011D136-004+001G010X02
B1325094407735N00300547EA0213802351
LXVVT+185H417I114W181034N+016D138-004-001G011X01
B1325104407732N00300555EA0213802351
LXVVT+185H417I119W180034N+018D135-001-001G011X01
B1325114407730N00300563EA0213902352
LXVVT+185H417I117W180034N+015D136+002+000G011X01
B1325124407727N00300571EA0214002353
LXVVT+185H417I114W181034N+014D133+003+000G010X02
B1325134407725N00300579EA0214102354
LXVVT+185H417I112W181034N+018D134+002+000G009X01
B1325144407723N00300586EA0214202356
LXVVT+185H417I100W184033N+018D132+001+000G010X03
B1325154407721N00300594EA0214302356
LXVVT+185H417I101W189034N+016D124-004-003G009X01
B1325164407719N00300602EA0214302357
LXVVT+185H417I108W190034N+021D125-005-005G010X01
B1325174407718N00300611EA0214302357
LXVVT+185H417I115W188034N+020D127-003-001G011X02
B1325184407717N00300621EA0214402358
LXVVT+185H416I112W191034N+014D129+001+006G010X02
B1325194407715N00300630EA0214502358
LXVVT+185H417I112W193034N+009D128+004+005G010X02
B1325204407712N00300638EA0214602359
LXVVT+185H417I107W194033N+013D140+002+008G010X01
B1325214407710N00300646EA0214602360
LXVVT+185H417I112W194034N+017D141+001+004G010X05
B1325224407707N00300653EA0214702360
LXVVT+184H417I105W195034N+014D141+001-002G010X03
B1325234407705N00300660EA0214702360
LXVVT+185H417I109W194037N+014D138+001-007G010X01
B1325244407703N00300667EA0214702360
LXVVT+185H416I108W191039N+013D132+000-005G010X02
B1325254407702N00300674EA0214702360
LXVVT+185H417I105W186039N+008D133+000+000G009X01
B1325264407701N00300682EA0214602360
LXVVT+185H418I104W181039N+005D130-001-003G009X01
B1325274407700N00300689EA0214502358
LXVVT+185H417I103W178040N+003D131-003-002G009X01
B1325284407700N00300697EA0214302357
LXVVT+185H418I108W175040N+003D127-003+000G011X01
B1325294407699N00300705EA0214202355
LXVVT+185H417I115W172040N+006D126-004+002G010X01
B1325304407698N00300714EA0214102354
LXVVT+184H418I116W171040N+005D127-001+002G011X01
B1325314407697N00300722EA0214002353
LXVVT+184H418I118W170040N+001D126+002+000G011X03
B1325324407697N00300731EA0213902352
LXVVT+185H418I111W170041N+001D130+003+001G010X01
B1325334407696N00300738EA0213902352
LXVVT+184H418I111W170042N+006D132+000+002G009X02
B1325344407695N00300746EA0213802351
LXVVT+184H419I107W171044N+003D135+002+005G010X02
B1325354407694N00300753EA0213802351
LXVVT+184H419I107W171044N+003D134+000+002G010X00
B1325364407693N00300760EA0213702350
LXVVT+185H419I107W171045N+005D136-002-003G010X01
B1325374407692N00300768EA0213602349
LXVVT+184H419I110W171046N+006D132-002-004G010X01
B1325384407691N00300776EA0213502348
LXVVT+184H419I113W169047N+006D129-002-003G010X01
B1325394407691N00300784EA0213402347
LXVVT+185H418I115W168048N+004D132+000+000G010X00
B1325404407691N00300792EA0213302346
LXVVT+185H418I114W167049N+001D129+001+003G010X00
B1325414407690N00300799EA0213202345
LXVVT+185H418I113W166050N+000D128+002+002G011X01
B1325424407690N00300807EA0213202344
LXVVT+185H419I108W167050N+000D132-001+000G009X01
B1325434407689N00300814EA0213002343
LXVVT+185H418I106W167051N-001D133-001-001G010X00
B1325444407688N00300821EA0212902341
LXVVT+186H418I107W167051N-004D132-002+000G010X01
B1325454407688N00300829EA0212702339
LXVVT+185H418I110W168051N-002D128-003+002G010X00
B1325464407687N00300837EA0212502337
LXVVT+185H418I112W169051N-002D129-002+002G010X00
B1325474407686N00300845EA0212302335
LXVVT+185H418I113W170050N-005D130+000+002G010X01
B1325484407685N00300853EA0212202333
LXVVT+185H418I113W171049N-006D131+000-001G010X01
B1325494407684N00300861EA0212002332
LXVVT+185H418I112W171048N-003D131-001-001G010X01
B1325504407683N00300869EA0211902330
LXVVT+185H418I114W172048N-001D130-001-001G010X01
B1325514407682N00300878EA0211802329
LXVVT+185H417I112W173047N-002D130+000-001G010X01
B1325524407682N00300886EA0211602327
LXVVT+186H417I109W175047N-006D130+001+000G010X01
B1325534407681N00300895EA0211402325
LXVVT+186H417I105W177046N-010D129+000+000G010X00
B1325544407681N00300904EA0211202323
LXVVT+186H417I107W179046N-007D129-003+001G010X01
B1325554407680N00300913EA0211002321
LXVVT+186H416I113W181045N-001D128-005+001G011X01
B1325564407679N00300923EA0210802319
LXVVT+186H417I122W183044N+003D129-003+000G011X02
B1325574407678N00300933EA0210802319
LXVVT+186H417I123W185044N+004D126+002+000G012X00
B1325584407677N00300943EA0210902319
LXVVT+186H417I122W187044N+006D127+005+000G011X01
B1325594407676N00300953EA0211002321
LXVVT+186H417I113W188044N+011D129+004+003G010X01
B1326004407675N00300962EA0211102322
LXVVT+186H417I102W191042N+011D129+001+004G009X02
B1326014407673N00300971EA0211202323
LXVVT+186H417I103W193041N+014D133-001+003G010X02
B1326024407672N00300979EA0211202323
LXVVT+187H416I098W194037N+011D134-003+000G009X03
B1326034407671N00300987EA0211202323
LXVVT+186H417I111W192036N+011D124-002-006G010X04
B1326044407670N00300996EA0211202323
LXVVT+186H416I114W183031N+018D121-002-012G011X01
B1326054407670N00301005EA0211302324
LXVVT+186H416I107W179029N+012D115+003-004G010X01
B1326064407670N00301013EA0211402325
LXVVT+186H416I105W174027N+008D112+003+004G009X01
B1326074407670N00301021EA0211502325
LXVVT+186H416I101W173027N+008D109+001+009G009X02
B1326084407669N00301028EA0211502325
LXVVT+186H416I106W169027N+015D112-005+004G009X01
B1326094407668N00301036EA0211502325
LXVVT+186H417I106W168028N+018D115-004-002G010X02
B1326104407667N00301044EA0211402325
LXVVT+186H417I106W169027N+010D118-002+000G010X01
B1326114407665N00301052EA0211402325
LXVVT+186H416I106W172026N+005D119-002+005G010X03
B1326124407663N00301061EA0211302325
LXVVT+186H417I114W175024N+007D114+000+002G011X02
B1326134407661N00301070EA0211402325
LXVVT+186H417I114W177023N+013D121+001-004G010X01
B1326144407659N00301079EA0211402325
LXVVT+186H417I110W182022N+010D117+001-003G010X01
B1326154407657N00301088EA0211402326
LXVVT+186H416I111W186022N+009D117+001+000G011X01
B1326164407655N00301096EA0211502326
LXVVT+187H416I104W191019N+010D123+001+005G010X04
B1326174407653N00301105EA0211502327
LXVVT+187H416I108W193018N+013D118+000+005G010X02
B1326184407650N00301113EA0211602327
LXVVT+186H416I115W190018N+022D117-002+000G010X01
B1326194407647N00301121EA0211602327
LXVVT+186H416I106W190017N+017D131-001-001G010X03
B1326204407645N00301129EA0211602327
LXVVT+187H416I104W192015N+006D131+001+003G009X02
B1326214407642N00301137EA0211602327
LXVVT+186H416I108W193014N+001D124+001+001G010X01
B1326224407639N00301145EA0211502326
LXVVT+187H416I102W196013N+003D130-001-001G009X02
B1326234407636N00301153EA0211302325
LXVVT+187H415I102W202012N-002D127-003-002G010X01
B1326244407633N00301162EA0211202323
LXVVT+188H415I102W218012N-002D127-001-002G012X02
B1326254407630N00301171EA0211002321
LXVVT+188H414I107W233012N+001D124-003+002G011X01
B1326264407626N00301180EA0211002320
LXVVT+187H415I114W241015N+005D120+001+001G013X01
B1326274407622N00301190EA0211002321
LXVVT+187H416I115W246016N+011D127+002-001G010X03
B1326284407618N00301199EA0211102323
LXVVT+187H415I108W254015N+015D135+006+001G011X00
B1326294407614N00301207EA0211302325
LXVVT+186H416I103W257015N+014D130+004+003G010X01
B1326304407611N00301214EA0211502326
LXVVT+186H416I106W252015N+022D129+002+001G009X01
B1326314407607N00301221EA0211602326
LXVVT+186H416I095W247014N+019D132-001-002G009X03
B1326324407604N00301228EA0211502326
LXVVT+186H417I095W244014N+010D132-004-005G009X01
B1326334407600N00301235EA0211402325
LXVVT+186H416I105W237014N+011D129-006-001G011X01
B1326344407596N00301243EA0211302324
LXVVT+186H417I119W228012N+019D126-005+004G011X03
B1326354407592N00301250EA0211302324
LXVVT+185H418I118W223011N+013D135+002+008G012X02
B1326364407587N00301257EA0211302324
LXVVT+185H418I112W224010N-003D132+005+002G010X01
B1326374407582N00301263EA0211302323
LXVVT+185H418I101W223010N-005D137+004-004G009X01
B1326384407578N00301268EA0211202322
LXVVT+185H418I096W230008N-001D133+000-007G010X01
B1326394407574N00301275EA0211002321
LXVVT+186H417I105W224008N+003D127-007-007G010X01
B1326404407570N00301282EA0210802318
LXVVT+186H417I118W190005N+010D121-006-005G011X02
B1326414407566N00301290EA0210602316
LXVVT+185H418I120W133005N+004D125-001+001G011X01
B1326424407562N00301297EA0210502316
LXVVT+185H418I117W127006N-001D127+003+002G011X00
B1326434407559N00301304EA0210502315
LXVVT+186H418I114W126007N-004D128+004+001G011X01
B1326444407555N00301311EA0210502315
LXVVT+185H418I112W133009N+004D130+001+002G009X02
B1326454407551N00301317EA0210402314
LXVVT+186H418I107W138011N+006D133-001+003G009X01
B1326464407548N00301323EA0210202312
LXVVT+185H419I105W139011N-002D133-004+002G009X01
B1326474407543N00301329EA0210002310
LXVVT+186H419I107W139011N-006D125-003-004G010X01
B1326484407540N00301336EA0209702307
LXVVT+186H419I113W138011N-006D123-004-008G010X01
B1326494407536N00301344EA0209502305
LXVVT+186H419I119W139011N-006D121-002-005G011X01
B1326504407533N00301352EA0209402303
LXVVT+186H418I125W132012N+000D119+002+001G011X02
B1326514407530N00301360EA0209302303
LXVVT+186H418I120W128013N+002D122+005+005G010X01
B1326524407526N00301367EA0209302303
LXVVT+186H418I113W126013N-001D121+004+002G010X02
B1326534407523N00301373EA0209202302
LXVVT+186H419I105W126014N-005D126+000+000G008X01
B1326544407519N00301379EA0209002299
LXVVT+187H418I099W123013N-011D129-001+002G010X02
B1326554407516N00301384EA0208702296
LXVVT+187H418I106W124014N-012D128-005+003G010X02
B1326564407511N00301390EA0208402293
LXVVT+187H417I107W122013N-009D132-004+003G011X02
B1326574407507N00301397EA0208202290
LXVVT+187H417I116W122013N-007D122-003-007G011X02
B1326584407503N00301404EA0208002289
LXVVT+187H417I118W124014N-004D128+003-008G011X02
B1326594407500N00301411EA0207902288
LXVVT+187H417I107W126013N-010D122+004-001G009X01
B1327004407497N00301418EA0207802287
LXVVT+187H417I105W126013N-014D123+004+005G010X01
B1327014407494N00301424EA0207602284
LXVVT+187H417I105W126014N-008D124-004+003G009X01
B1327024407491N00301431EA0207302281
LXVVT+188H416I113W123015N+002D117-007-009G011X01
B1327034407488N00301438EA0207102278
LXVVT+188H416I115W121015N-004D112-006-013G011X01
B1327044407486N00301447EA0206802275
LXVVT+188H416I111W135014N-018D112+000-004G011X01
B1327054407484N00301456EA0206502273
LXVVT+189H416I107W157013N-026D115+002+009G010X01
B1327064407481N00301464EA0206202270
LXVVT+188H415I110W163012N-024D116+003+013G010X02
B1327074407478N00301471EA0206002267
LXVVT+188H415I109W167012N-013D119+001+006G011X01
B1327084407474N00301478EA0205802265
LXVVT+189H415I108W166011N-009D123-002-003G009X01
B1327094407470N00301486EA0205502262
LXVVT+189H415I112W166010N-010D121-002-008G009X01
B1327104407467N00301493EA0205202259
LXVVT+190H414I113W164011N-016D121+000-005G011X01
B1327114407464N00301501EA0204902256
LXVVT+190H413I110W160011N-019D119+000+002G010X01
B1327124407461N00301508EA0204602252
LXVVT+191H412I109W163010N-018D123+000+009G011X02
B1327134407457N00301516EA0204302250
LXVVT+191H412I120W161012N-014D120-001+008G011X03
B1327144407453N00301523EA0204202248
LXVVT+191H412I119W155013N-001D120-001-003G012X01
B1327154407449N00301529EA0204202248
LXVVT+191H412I118W156014N+001D122+002-007G010X02
B1327164407446N00301536EA0204202247
LXVVT+191H412I110W155015N-002D122+004-003G010X02
B1327174407442N00301542EA0204102246
LXVVT+191H411I102W154015N-008D125+000+003G008X01
B1327184407439N00301548EA0203802244
LXVVT+192H411I102W155014N-012D124-005+004G009X02
B1327194407435N00301555EA0203402240
LXVVT+192H411I112W156015N-011D119-006+001G010X02
B1327204407431N00301562EA0203002236
LXVVT+192H410I117W156015N-025D116-005-002G011X00
B1327214407427N00301570EA0202802232
LXVVT+192H410I118W160014N-013D120+001-004G013X01
B1327224407423N00301578EA0202502230
LXVVT+192H410I116W151010N-009D125+003+000G012X02
B1327234407418N00301585EA0202302228
LXVVT+192H410I120W153010N-013D122+007+003G011X03
B1327244407414N00301591EA0202202227
LXVVT+192H410I109W158012N-014D128+006+000G009X01
B1327254407411N00301596EA0202002224
LXVVT+193H409I093W156012N-022D130+002-003G009X03
B1327264407408N00301601EA0201602220
LXVVT+193H408I099W159013N-018D136-006-001G009X02
B1327274407404N00301607EA0201102215
LXVVT+194H408I106W160015N-014D144-010+002G010X01
B1327284407400N00301613EA0200602210
LXVVT+194H407I114W160015N-023D137-004+006G011X02
B1327294407394N00301620EA0200302206
LXVVT+194H407I120W159014N-031D139+000+003G010X01
B1327304407390N00301627EA0200002202
LXVVT+194H406I122W158013N-029D131+004-007G011X01
B1327314407386N00301633EA0199702200
LXVVT+194H407I117W154014N-027D134+004-010G010X01
B1327324407383N00301640EA0199302196
LXVVT+195H406I106W156014N-029D134+004-002G010X04
B1327334407381N00301647EA0199002193
LXVVT+196H405I104W147014N-030D126+002+006G010X03
B1327344407378N00301654EA0198602189
LXVVT+196H405I102W143014N-025D123-002+009G010X03
B1327354407374N00301660EA0198302185
LXVVT+196H404I106W144015N-025D119-004+004G009X02
B1327364407371N00301666EA0197802180
LXVVT+196H404I114W132015N-026D117-007-007G009X02
B1327374407368N00301674EA0197202173
LXVVT+197H403I120W130016N-029D120-004-012G011X01
B1327384407365N00301683EA0196602167
LXVVT+198H402I119W136015N-045D118+001-003G011X01
B1327394407363N00301692EA0196102163
LXVVT+198H401I125W146014N-043D110+004+005G011X03
B1327404407360N00301701EA0195802159
LXVVT+198H401I127W143014N-032D110+005+003G011X01
B1327414407358N00301710EA0195602156
LXVVT+199H401I119W141014N-023D109+003-003G011X02
B1327424407356N00301718EA0195302153
LXVVT+199H400I114W140015N-022D109+000-006G009X01
B1327434407355N00301726EA0194902148
LXVVT+199H400I110W141015N-026D108-001-003G009X02
B1327444407354N00301734EA0194402143
LXVVT+200H399I112W140015N-033D109-002+002G010X01
B1327454407353N00301743EA0193902138
LXVVT+200H399I116W140015N-034D107-003+005G010X01
B1327464407351N00301752EA0193402133
LXVVT+200H398I124W136016N-028D111-003+005G010X01
B1327474407349N00301761EA0193002128
LXVVT+201H397I129W135017N-028D114+000+001G010X02
B1327484407347N00301769EA0192502123
LXVVT+201H397I127W135018N-034D113+002+001G011X01
B1327494407344N00301778EA0192202120
LXVVT+202H396I126W135018N-034D111+002+001G011X01
B1327504407342N00301787EA0191902116
LXVVT+203H394I121W135017N-028D115+002+002G010X01
B1327514407340N00301796EA0191602113
LXVVT+203H394I122W135016N-021D109-001+000G011X02
B1327524407337N00301804EA0191402110
LXVVT+203H394I122W135016N-010D113+000-002G011X01
B1327534407335N00301813EA0191202108
LXVVT+203H393I120W135015N-010D116+001-002G010X01
B1327544407333N00301821EA0191002106
LXVVT+204H393I118W135014N-018D119+001+002G010X01
B1327554407330N00301830EA0190702104
LXVVT+204H391I115W134013N-019D116+000+003G010X01
B1327564407328N00301838EA0190502101
LXVVT+204H391I121W134013N-015D113-004-001G010X01
B1327574407325N00301847EA0190102097
LXVVT+205H390I123W134014N-014D120-003+000G010X01
B1327584407323N00301856EA0189802094
LXVVT+206H389I122W133012N-022D116+000+000G011X01
B1327594407320N00301865EA0189502091
LXVVT+206H389I127W133012N-023D118+000+001G009X02
B1328004407317N00301874EA0189102087
LXVVT+206H388I122W131012N-022D124+001+003G011X01
B1328014407314N00301883EA0188802084
LXVVT+207H387I121W130011N-025D118+001+000G010X01
B1328024407312N00301891EA0188502080
LXVVT+207H387I120W131010N-020D118+000-001G010X01
B1328034407309N00301900EA0188202077
LXVVT+207H386I123W132009N-018D117-003-001G010X01
B1328044407306N00301910EA0187802073
LXVVT+208H385I125W131008N-018D125-003+001G010X02
B1328054407302N00301919EA0187502070
LXVVT+208H384I126W123007N-018D126+000+005G011X02
B1328064407299N00301928EA0187302068
LXVVT+208H384I128W116006N-019D120+003+001G011X01
B1328074407296N00301937EA0187202066
LXVVT+208H384I132W120008N-008D122+003-005G010X02
B1328084407294N00301946EA0187102065
LXVVT+209H384I121W143011N-009D129+004-001G011X02
B1328094407291N00301954EA0186902063
LXVVT+209H384I111W152013N-015D123+002+004G009X00
B1328104407289N00301961EA0186702060
LXVVT+209H385I108W149014N-017D120-001+002G009X01
B1328114407287N00301968EA0186302056
LXVVT+209H384I108W145014N-020D120-005-005G009X01
B1328124407285N00301976EA0185902051
LXVVT+209H384I115W142015N-020D123-007-004G010X01
B1328134407283N00301985EA0185402046
LXVVT+210H384I121W143015N-025D117-005+000G011X01
B1328144407280N00301995EA0184902041
LXVVT+210H384I130W148015N-027D114-001+001G011X02
B1328154407278N00302005EA0184602038
LXVVT+210H384I130W154015N-027D115+002+002G010X01
B1328164407275N00302014EA0184202034
LXVVT+211H383I128W157014N-027D116+004+002G010X00
B1328174407273N00302023EA0184002031
LXVVT+211H384I124W157014N-028D119+004+002G010X01
B1328184407270N00302031EA0183602027
LXVVT+211H384I120W157015N-025D117+000+002G009X01
B1328194407267N00302039EA0183202023
LXVVT+211H384I120W154016N-022D120-004+001G010X02
B1328204407265N00302047EA0182702018
LXVVT+211H384I124W153017N-023D121-006-001G011X01
B1328214407262N00302056EA0182302013
LXVVT+212H384I131W154018N-021D124-001+001G012X04
B1328224407259N00302065EA0182202011
LXVVT+212H384I142W150020N-011D119+004-003G011X05
B1328234407256N00302073EA0182102010
LXVVT+212H385I129W151023N-012D125+007-003G010X01
B1328244407254N00302081EA0181902009
LXVVT+212H384I115W155027N-018D128+005+000G009X01
B1328254407253N00302087EA0181702006
LXVVT+213H384I109W158030N-021D127-001+006G009X01
B1328264407251N00302094EA0181302002
LXVVT+213H384I116W156031N-015D124-007+004G011X02
B1328274407249N00302101EA0181001998
LXVVT+213H383I124W155034N-004D125-008-003G011X01
B1328284407246N00302109EA0180701995
LXVVT+214H383I129W155034N-005D126-003-007G011X01
B1328294407245N00302118EA0180501993
LXVVT+214H383I125W157033N-019D122+002-004G010X01
B1328304407243N00302128EA0180301991
LXVVT+215H382I127W160033N-018D123+003+001G010X01
B1328314407242N00302137EA0180101990
LXVVT+215H381I123W162032N-010D121+003+004G010X02
B1328324407240N00302145EA0180001988
LXVVT+215H380I118W166032N-007D122-001+003G009X02
B1328334407238N00302154EA0179801986
LXVVT+215H379I116W166031N-006D124-002+002G009X01
B1328344407237N00302162EA0179701984
LXVVT+216H379I120W167031N-003D118-003-003G010X00
B1328354407235N00302171EA0179401981
LXVVT+216H379I123W169031N-007D120-004-006G010X01
B1328364407234N00302181EA0179201979
LXVVT+216H378I123W171031N-011D117+000-005G011X00
B1328374407234N00302191EA0179001977
LXVVT+217H377I123W175031N-012D114+002-002G010X01
B1328384407234N00302201EA0178801975
LXVVT+217H376I120W179032N-009D117+001+004G010X01
B1328394407233N00302211EA0178701974
LXVVT+217H375I121W181032N-002D114-001+006G010X02
B1328404407232N00302221EA0178601972
LXVVT+218H375I125W182032N+005D120-004+002G010X00
B1328414407230N00302232EA0178501971
LXVVT+218H375I128W183031N+008D118-003-002G010X01
B1328424407229N00302242EA0178301970
LXVVT+218H374I129W186030N+000D118+000-001G011X04
B1328434407228N00302253EA0178201970
LXVVT+219H373I132W186030N-004D120+003+002G009X03
B1328444407227N00302263EA0178201969
LXVVT+219H373I124W187030N-003D118+006+004G010X01
B1328454407226N00302272EA0178201969
LXVVT+219H372I117W187030N-003D113+004-005G010X02
B1328464407225N00302282EA0178201968
LXVVT+219H371I113W186031N+000D118+000-006G009X00
B1328474407225N00302291EA0178001966
LXVVT+220H371I112W185031N-001D114-003-003G010X01
B1328484407226N00302300EA0177701964
LXVVT+220H372I116W183031N-004D113-004+001G010X01
B1328494407226N00302311EA0177501962
LXVVT+219H372I124W182030N-002D107-003+000G010X01
B1328504407226N00302321EA0177301959
LXVVT+220H372I131W177028N+000D109-001+000G010X01
B1328514407227N00302331EA0177101957
LXVVT+220H371I129W174028N-003D110+001+002G010X01
B1328524407227N00302341EA0177001955
LXVVT+220H371I123W172029N-010D111+002+002G009X02
B1328534407227N00302351EA0176801953
LXVVT+220H371I121W171030N-014D115+001+003G009X01
B1328544407228N00302360EA0176401950
LXVVT+220H370I113W172032N-018D120+000+006G010X01
B1328554407227N00302369EA0176101947
LXVVT+221H371I114W172032N-021D112-003+002G010X01
B1328564407227N00302378EA0175801943
LXVVT+221H370I121W172032N-012D108-004-005G010X01
B1328574407227N00302388EA0175501940
LXVVT+221H370I120W175033N-013D104-002-008G011X01
B1328584407228N00302399EA0175201936
LXVVT+221H369I126W177034N-016D105+000-005G011X01
B1328594407229N00302409EA0174901934
LXVVT+221H369I117W180035N-021D110+003+006G011X02
B1329004407230N00302419EA0174701932
LXVVT+222H369I121W182034N-017D106+003+009G010X04
B1329014407230N00302429EA0174601931
LXVVT+222H369I121W180035N-005D109+001+004G010X01
B1329024407230N00302438EA0174501929
LXVVT+222H368I116W180035N-001D107-001-001G010X01
B1329034407229N00302447EA0174301928
LXVVT+223H368I123W176034N+001D105-002-006G010X01
B1329044407229N00302456EA0174101926
LXVVT+223H366I119W174034N-003D106+000-004G011X01
B1329054407230N00302465EA0174001924
LXVVT+223H365I122W172033N-004D100+000-002G010X01
B1329064407230N00302475EA0173901923
LXVVT+223H364I119W171033N-005D108-001+003G009X00
B1329074407230N00302484EA0173701921
LXVVT+224H362I123W170033N-004D107+000+004G010X02
B1329084407230N00302493EA0173501919
LXVVT+224H362I125W169034N-004D108-001+000G010X01
B1329094407229N00302503EA0173301917
LXVVT+224H361I123W169034N-007D111-001-001G010X01
B1329104407229N00302512EA0173101914
LXVVT+225H361I130W168034N-007D108-001-002G010X02
B1329114407229N00302522EA0172801912
LXVVT+225H360I127W167035N-012D110+001+001G011X02
B1329124407229N00302531EA0172601909
LXVVT+226H359I126W166036N-015D112+003+004G010X01
B1329134407229N00302539EA0172401907
LXVVT+226H359I121W165038N-012D110+002+002G009X00
B1329144407229N00302547EA0172201905
LXVVT+226H358I116W163038N-008D113+000+000G010X01
B1329154407228N00302555EA0172001902
LXVVT+227H358I111W163038N-011D110-002+001G010X02
B1329164407228N00302564EA0171801900
LXVVT+226H357I119W162037N-007D101-003-003G010X01
B1329174407227N00302572EA0171601898
LXVVT+227H357I119W161037N-005D108-002-003G010X01
B1329184407227N00302581EA0171401895
LXVVT+227H357I123W161036N-008D102-001-001G010X01
B1329194407227N00302590EA0171201894
LXVVT+227H356I130W159036N-004D104+001+001G010X01
B1329204407226N00302599EA0171101893
LXVVT+228H356I132W155038N+000D107+002+000G011X02
B1329214407226N00302606EA0171001892
LXVVT+228H355I126W154042N+000D107+003+000G010X01
B1329224407226N00302614EA0170901891
LXVVT+228H355I114W152042N-008D103+003+001G010X01
B1329234407225N00302620EA0170801889
LXVVT+228H355I105W150042N-010D103+000-002G009X01
B1329244407225N00302626EA0170701887
LXVVT+228H354I107W150043N-002D109-005-004G008X01
B1329254407225N00302633EA0170401885
LXVVT+229H354I109W150045N-004D117-003+001G011X02
B1329264407225N00302640EA0170201882
LXVVT+229H354I117W149046N-010D106-005+003G010X03
B1329274407224N00302647EA0169901880
LXVVT+229H354I124W148046N-010D108-003+001G012X01
B1329284407223N00302655EA0169701878
LXVVT+229H354I125W148046N-009D104+001-003G011X02
B1329294407223N00302663EA0169601877
LXVVT+229H353I127W145046N-004D103+003-004G011X03
B1329304407223N00302670EA0169501876
LXVVT+230H353I118W143047N-005D108+002+002G010X01
B1329314407222N00302677EA0169401875
LXVVT+230H353I117W143047N-003D109-002+006G010X01
B1329324407221N00302683EA0169201873
LXVVT+230H352I118W143047N-004D115-003+005G010X01
B1329334407220N00302690EA0168901870
LXVVT+231H352I117W142045N-008D115-003+003G010X01
B1329344407218N00302697EA0168701867
LXVVT+231H352I126W142045N-005D108-004-005G010X01
B1329354407217N00302705EA0168501865
LXVVT+231H352I131W142045N-002D111-002-007G011X00
B1329364407216N00302714EA0168301863
LXVVT+232H351I129W142044N-006D109+002-001G011X01
B1329374407215N00302722EA0168201862
LXVVT+232H351I128W144043N-006D109+004+004G011X01
B1329384407214N00302730EA0168201861
LXVVT+232H350I125W144043N-003D113+002+003G010X02
B1329394407213N00302738EA0168001860
LXVVT+232H349I113W143040N-006D112+000+002G010X03
B1329404407212N00302745EA0167801857
LXVVT+233H349I115W144039N-007D110-003-001G009X01
B1329414407211N00302753EA0167501854
LXVVT+233H348I119W144038N-007D112-004-003G010X01
B1329424407210N00302761EA0167201851
LXVVT+233H348I122W146037N-010D110-003-002G010X01
B1329434407210N00302770EA0166901848
LXVVT+234H347I128W148037N-011D104-001-002G010X01
B1329444407209N00302779EA0166801846
LXVVT+234H347I131W149037N-009D105+001-003G011X00
B1329454407208N00302788EA0166601844
LXVVT+234H346I128W149037N-006D110+002+002G010X01
B1329464407208N00302797EA0166501843
LXVVT+234H346I125W150036N-003D112+001+003G010X01
B1329474407207N00302805EA0166401842
LXVVT+235H346I121W150036N-003D116+001+004G010X02
B1329484407206N00302813EA0166301841
LXVVT+235H345I120W150034N+002D109-001+000G009X02
B1329494407205N00302822EA0166201840
LXVVT+235H345I126W149035N+005D116-005+000G010X01
B1329504407204N00302831EA0166101839
LXVVT+235H344I119W146031N-003D113+003+002G013X01
B1329514407203N00302839EA0166101839
LXVVT+235H344I123W148031N+003D105+002-007G012X02
B1329524407203N00302848EA0166201840
LXVVT+236H344I113W149030N+010D113+004-005G010X01
B1329534407203N00302856EA0166301841
LXVVT+236H344I111W150031N+011D111+003+001G010X02
B1329544407203N00302863EA0166401842
LXVVT+236H344I113W146031N+013D104+000+001G009X01
B1329554407204N00302870EA0166401842
LXVVT+236H343I109W141032N+018D108-003+000G009X02
B1329564407204N00302877EA0166401841
LXVVT+236H343I105W141032N+009D112-004+001G010X01
B1329574407204N00302885EA0166301840
LXVVT+236H343I115W140032N+006D107-005+003G009X01
B1329584407204N00302893EA0166201839
LXVVT+236H343I120W138032N+008D108-006+002G009X01
B1329594407204N00302902EA0166001837
LXVVT+236H343I120W140031N+000D115-002-002G010X01
B1330004407203N00302911EA0165801835
LXVVT+237H342I120W138028N-009D116+003-001G011X01
B1330014407203N00302920EA0165701834
LXVVT+237H342I121W138028N-010D114+005+003G010X03
B1330024407203N00302928EA0165701834
LXVVT+237H342I123W136028N+005D110+001+002G008X02
B1330034407202N00302936EA0165601833
LXVVT+237H342I116W141032N+003D122+002+005G010X02
B1330044407202N00302943EA0165401832
LXVVT+237H342I109W143032N-012D113+002+001G009X03
B1330054407201N00302950EA0165201829
LXVVT+237H343I113W141033N-013D113-002-004G010X01
B1330064407201N00302957EA0164901826
LXVVT+238H343I114W141034N-011D116-003-003G010X01
B1330074407201N00302965EA0164601823
LXVVT+238H343I113W141034N-010D114-002+001G009X02
B1330084407200N00302973EA0164401820
LXVVT+238H342I122W142034N-013D109+000-001G010X00
B1330094407199N00302982EA0164101818
LXVVT+238H342I127W140034N-010D113-001+000G010X01
B1330104407199N00302990EA0163901815
LXVVT+238H342I124W141034N-011D111-001-001G010X01
B1330114407198N00302999EA0163701813
LXVVT+238H342I122W143033N-009D112+001+000G011X02
B1330124407197N00303007EA0163601811
LXVVT+239H341I121W144032N-004D115+000+001G010X01
B1330134407196N00303016EA0163401810
LXVVT+239H340I118W142029N-003D118-001+001G009X01
B1330144407195N00303025EA0163201808
LXVVT+239H340I121W141026N-010D116-001+001G011X02
B1330154407194N00303034EA0163001806
LXVVT+239H340I125W140025N-007D118-001+001G010X02
B1330164407192N00303043EA0162701804
LXVVT+240H340I126W142026N-005D121+000+000G011X02
B1330174407191N00303052EA0162601802
LXVVT+240H340I124W143026N-008D118-001+001G009X02
B1330184407189N00303061EA0162401799
LXVVT+240H340I122W144025N-008D119+001+000G010X01
B1330194407188N00303069EA0162201797
LXVVT+240H341I118W146025N-011D115+001-002G010X01
B1330204407187N00303078EA0161901794
LXVVT+240H341I123W145025N-009D115-002-003G010X02
B1330214407186N00303087EA0161701792
LXVVT+241H341I130W142025N+003D115-002-003G011X02
B1330224407185N00303096EA0161601790
LXVVT+241H340I129W142026N+005D114+000+002G012X02
B1330234407183N00303105EA0161601790
LXVVT+241H340I134W139026N+006D113+002+003G011X01
B1330244407182N00303113EA0161601791
LXVVT+241H340I123W140027N+003D123+005+005G010X01
B1330254407180N00303121EA0161601791
LXVVT+241H339I117W141028N+001D121+003+002G009X01
B1330264407178N00303128EA0161601791
LXVVT+241H339I114W143029N+002D121+000-002G009X01
B1330274407177N00303135EA0161501790
LXVVT+241H339I116W143029N+008D119-004-006G010X01
B1330284407176N00303143EA0161401788
LXVVT+241H339I120W142030N+008D120-004-004G011X02
B1330294407175N00303152EA0161301787
LXVVT+242H339I129W140031N+009D114-002+000G011X04
B1330304407174N00303160EA0161401788
LXVVT+242H338I129W139031N+012D111+001+001G011X01
B1330314407173N00303169EA0161401788
LXVVT+242H338I120W141030N+006D118+003+003G011X02
B1330324407172N00303177EA0161501789
LXVVT+242H338I120W141030N+007D113+000+001G010X02
B1330334407171N00303185EA0161501789
LXVVT+242H337I121W142029N+015D119-003+000G010X01
B1330344407169N00303193EA0161401789
LXVVT+243H337I121W142029N+014D125-002+004G011X01
B1330354407168N00303202EA0161501789
LXVVT+243H338I127W142029N+017D118-002-001G012X01
B1330364407166N00303211EA0161701791
LXVVT+243H339I126W143029N+022D124+004-002G012X01
B1330374407165N00303219EA0161901794
LXVVT+243H339I120W145030N+025D119+007+000G010X02
B1330384407164N00303226EA0162301798
LXVVT+243H339I111W146032N+027D123+008+002G011X02
B1330394407163N00303231EA0162601801
LXVVT+243H339I091W150034N+026D124+002+003G009X04
B1330404407162N00303236EA0162801803
LXVVT+243H339I093W151036N+028D124-006+000G009X01
B1330414407161N00303242EA0162801803
LXVVT+243H339I093W151036N+021D128-010-001G009X03
B1330424407160N00303248EA0162801803
LXVVT+243H338I105W150037N+013D129-007-003G010X01
B1330434407159N00303255EA0162701802
LXVVT+243H337I114W150037N+008D122-003-003G012X00
B1330444407157N00303262EA0162701802
LXVVT+243H336I126W146037N+016D116-001-002G012X03
B1330454407156N00303270EA0162901804
LXVVT+243H337I125W144037N+027D120+002+003G011X01
B1330464407154N00303277EA0163201808
LXVVT+243H338I117W145037N+030D121+003+004G010X02
B1330474407152N00303284EA0163601811
LXVVT+243H339I110W146036N+030D124+004+000G010X01
B1330484407151N00303290EA0163801814
LXVVT+243H340I107W146035N+034D122+000-004G009X01
B1330494407149N00303297EA0164101817
LXVVT+243H340I104W146035N+035D124-004-002G010X01
B1330504407148N00303303EA0164201818
LXVVT+243H341I106W147034N+031D122-006+001G009X01
B1330514407146N00303310EA0164301820
LXVVT+243H340I116W148034N+031D118-005+002G010X02
B1330524407144N00303318EA0164501821
LXVVT+242H340I117W150033N+028D117-002+002G010X01
B1330534407142N00303325EA0164601822
LXVVT+242H341I111W157033N+021D111+000-002G010X04
B1330544407140N00303333EA0164801823
LXVVT+242H340I110W158032N+018D120+006-006G011X02
B1330554407139N00303340EA0164901825
LXVVT+242H341I098W162030N+015D108+004-006G009X03
B1330564407138N00303347EA0165001826
LXVVT+242H340I104W160030N+016D111-001-003G010X01
B1330574407137N00303354EA0165001827
LXVVT+242H338I105W158030N+023D115-002+006G010X02
B1330584407135N00303360EA0165101828
LXVVT+242H338I111W154031N+023D107-004+005G009X01
B1330594407134N00303366EA0165201829
LXVVT+242H337I115W148033N+018D126+003-002G010X02
B1331004407132N00303372EA0165401830
LXVVT+241H337I100W149033N+013D118+004-003G010X02
B1331014407130N00303377EA0165401831
LXVVT+241H336I101W147033N+009D120+002-001G009X02
B1331024407129N00303383EA0165401831
LXVVT+242H336I094W146032N+013D127-004+000G009X02
B1331034407127N00303389EA0165401830
LXVVT+241H337I099W145030N+011D116-005+001G010X01
B1331044407124N00303396EA0165301830
LXVVT+241H336I111W148030N+013D118-005-001G010X02
B1331054407122N00303404EA0165301830
LXVVT+241H336I121W149029N+018D116-002-004G012X02
B1331064407120N00303412EA0165401831
LXVVT+241H337I122W151029N+024D116+002-003G011X02
B1331074407118N00303420EA0165701834
LXVVT+240H337I115W154027N+022D116+007+000G011X01
B1331084407116N00303428EA0166001837
LXVVT+240H337I111W156026N+027D106+005+000G010X02
B1331094407115N00303435EA0166301841
LXVVT+240H338I105W156026N+035D116+002+000G010X01
B1331104407113N00303442EA0166601844
LXVVT+239H338I100W157026N+037D116-001+004G009X01
B1331114407112N00303448EA0166801846
LXVVT+239H339I102W156026N+033D111-002+001G010X02
B1331124407110N00303454EA0167001848
LXVVT+239H339I104W153026N+033D116-004-002G009X00
B1331134407108N00303461EA0167101850
LXVVT+239H340I105W153027N+030D119+000+000G010X02
B1331144407106N00303467EA0167301851
LXVVT+239H339I100W151027N+022D116+002+004G011X01
B1331154407104N00303473EA0167501854
LXVVT+238H340I094W152026N+024D114+001+004G010X03
B1331164407102N00303478EA0167701856
LXVVT+238H341I095W151026N+028D118-002-003G009X01
B1331174407100N00303483EA0167901858
LXVVT+238H342I093W154028N+030D120+001-009G010X02
B1331184407099N00303487EA0168001859
LXVVT+238H345I081W153029N+009D118-001-010G008X04
B1331194407098N00303491EA0167901857
LXVVT+238H347I075W153030N-004D119-002-003G009X04
B1331204407098N00303496EA0167601855
LXVVT+238H347I079W150031N-005D117-010+005G009X02
B1331214407097N00303501EA0167301852
LXVVT+238H347I094W145032N-001D122-009+006G012X02
B1331224407096N00303507EA0167101849
LXVVT+238H347I109W138034N-003D117-004+002G010X02
B1331234407095N00303513EA0166801847
LXVVT+237H348I122W130035N-005D117+001-004G011X02
B1331244407094N00303521EA0166601845
LXVVT+238H348I114W130036N-013D116+006+000G011X01
B1331254407094N00303528EA0166601844
LXVVT+237H349I111W131035N-007D110+005+003G010X02
B1331264407093N00303535EA0166501843
LXVVT+238H349I106W132035N-002D118+002+011G010X03
B1331274407092N00303541EA0166401842
LXVVT+238H349I108W132035N+000D112+000+008G010X01
B1331284407091N00303548EA0166301841
LXVVT+237H350I112W130036N+004D112-001-003G010X01
B1331294407091N00303554EA0166101839
LXVVT+237H350I109W131036N+000D109+002-007G011X01
B1331304407091N00303561EA0166001837
LXVVT+237H352I107W132036N-007D107+001-004G010X01
B1331314407091N00303568EA0165801835
LXVVT+237H353I107W132036N-004D110-001+004G009X00
B1331324407091N00303575EA0165601833
LXVVT+237H353I103W133035N-006D111-002+006G010X02
B1331334407090N00303582EA0165301830
LXVVT+237H354I108W134034N-009D112-003+002G010X01
B1331344407089N00303589EA0165101828
LXVVT+237H354I110W134032N-006D113+000-002G011X02
B1331354407089N00303597EA0165101827
LXVVT+237H353I114W134031N+000D106+000-003G011X02
B1331364407088N00303605EA0165001826
LXVVT+237H352I114W137030N+002D108+001-003G010X02
B1331374407088N00303613EA0164901825
LXVVT+237H351I106W141029N-004D111+001+000G010X01
B1331384407088N00303621EA0164801824
LXVVT+238H351I102W141027N-007D122+003+005G010X00
B1331394407088N00303629EA0164601823
LXVVT+238H351I108W140027N-006D117+000+005G010X01
B1331404407088N00303636EA0164501822
LXVVT+238H350I116W139029N+004D115-003+001G010X02
B1331414407088N00303644EA0164401821
LXVVT+238H351I115W139030N+006D113-001-004G011X01
B1331424407087N00303652EA0164401820
LXVVT+238H351I114W139031N+003D111+001-003G010X01
B1331434407087N00303659EA0164401820
LXVVT+238H351I114W138032N+004D114+002+000G010X02
B1331444407088N00303666EA0164301820
LXVVT+238H351I106W139033N+002D117+001+003G009X01
B1331454407088N00303673EA0164201818
LXVVT+238H351I103W140035N-003D120-001+005G009X02
B1331464407087N00303680EA0164001816
LXVVT+238H352I106W140035N-006D115-004+002G009X01
B1331474407087N00303686EA0163801813
LXVVT+238H351I114W138036N-003D113-005-003G010X01
B1331484407086N00303694EA0163501811
LXVVT+239H352I112W139036N-006D117-002-002G011X01
B1331494407085N00303702EA0163401808
LXVVT+239H352I110W144035N-013D108+000-003G010X01
B1331504407085N00303710EA0163201807
LXVVT+238H352I120W146035N-008D112+000-002G010X04
B1331514407085N00303719EA0163101805
LXVVT+238H352I111W148033N-002D110+000-001G010X01
B1331524407085N00303727EA0163001804
LXVVT+238H353I111W156034N-003D105-002-003G010X01
B1331534407085N00303736EA0162801803
LXVVT+238H352I117W159034N+000D113-003-003G011X00
B1331544407085N00303746EA0162701802
LXVVT+239H352I117W160032N-001D115+000+002G010X02
B1331554407085N00303755EA0162601801
LXVVT+239H352I111W162029N-003D119+004+008G010X01
B1331564407085N00303764EA0162701801
LXVVT+238H352I109W164027N-002D118+003+007G009X02
B1331574407084N00303772EA0162601801
LXVVT+238H352I108W164027N+004D118+000+000G010X03
B1331584407083N00303780EA0162601800
LXVVT+238H353I109W164027N+009D121-002-005G010X01
B1331594407083N00303788EA0162501800
LXVVT+239H352I107W165027N+005D123+000+000G010X01
B1332004407083N00303797EA0162501799
LXVVT+239H352I108W166027N+001D117+000+002G010X01
B1332014407082N00303805EA0162401799
LXVVT+239H351I106W167028N+001D116+001-001G010X01
B1332024407082N00303813EA0162401798
LXVVT+239H352I109W165028N+005D110-001-004G010X01
B1332034407082N00303821EA0162301797
LXVVT+239H351I108W161027N+007D107-002-005G009X01
B1332044407082N00303829EA0162201796
LXVVT+240H351I104W164028N-002D104-002-004G010X01
B1332054407083N00303837EA0162001794
LXVVT+240H351I101W171030N-005D111+000+005G010X04
B1332064407082N00303846EA0161901793
LXVVT+240H350I105W174030N-005D111-002+012G010X02
B1332074407080N00303854EA0161701791
LXVVT+240H351I115W174030N-002D114-003+008G010X01
B1332084407078N00303861EA0161501789
LXVVT+240H351I117W173031N+001D113+000-004G011X01
B1332094407076N00303869EA0161401787
LXVVT+240H351I113W173031N-002D115+001-012G010X01
B1332104407075N00303877EA0161201786
LXVVT+240H351I108W174031N-012D109+002-009G010X01
B1332114407075N00303886EA0161001784
LXVVT+241H351I105W177031N-014D107+001-002G010X01
B1332124407075N00303895EA0160801781
LXVVT+241H352I106W180032N-010D106-001+004G010X01
B1332134407075N00303903EA0160601779
LXVVT+241H351I112W180032N-007D107-002+004G010X01
B1332144407074N00303912EA0160401777
LXVVT+240H351I115W178033N-003D107-001-002G010X01
B1332154407074N00303920EA0160301775
LXVVT+241H351I115W176033N-004D104+000-007G010X00
B1332164407074N00303929EA0160101773
LXVVT+241H351I113W175032N-005D104+000-003G010X01
B1332174407075N00303938EA0160001772
LXVVT+241H351I111W176033N-005D104+000+002G010X01
B1332184407075N00303947EA0159801770
LXVVT+241H350I115W176033N-006D103+000+004G010X02
B1332194407075N00303956EA0159601768
LXVVT+241H351I112W176033N-007D104+000+002G010X00
B1332204407075N00303965EA0159401766
LXVVT+241H350I108W176033N-010D105-001-001G010X01
B1332214407076N00303974EA0159101763
LXVVT+241H350I108W178032N-013D103-003-003G010X01
B1332224407076N00303983EA0158801760
LXVVT+242H350I117W179032N-011D103-004-001G011X01
B1332234407077N00303994EA0158601758
LXVVT+242H349I121W181033N-003D098-004+001G011X01
B1332244407077N00304004EA0158501756
LXVVT+242H349I123W185035N+000D100+001+002G011X02
B1332254407077N00304014EA0158501756
LXVVT+241H349I118W186034N-003D103+007+003G013X02
B1332264407077N00304023EA0158601757
LXVVT+241H349I117W183035N+006D104+006+000G010X02
B1332274407078N00304031EA0158601757
LXVVT+241H349I103W180036N+005D108+005+002G009X02
B1332284407078N00304038EA0158601757
LXVVT+242H349I095W178037N-001D105-001+001G008X02
B1332294407079N00304045EA0158401755
LXVVT+242H349I100W175039N+001D107-007-001G009X01
B1332304407080N00304052EA0158101751
LXVVT+242H349I103W173040N-005D111-008+000G010X02
B1332314407080N00304061EA0157801748
LXVVT+241H349I115W172041N-011D105-005+000G010X01
B1332324407080N00304069EA0157501745
LXVVT+242H349I120W171041N-011D110+001+004G012X01
B1332334407080N00304078EA0157401744
LXVVT+242H349I117W171041N-013D109+004+004G010X01
B1332344407079N00304086EA0157301743
LXVVT+243H348I114W171041N-008D104+005+001G011X01
B1332354407079N00304093EA0157301742
LXVVT+243H348I111W171044N+006D108+001-005G011X01
B1332364407079N00304100EA0157301742
LXVVT+243H348I104W170046N+005D112+002-004G010X00
B1332374407079N00304107EA0157201741
LXVVT+243H348I100W169048N-001D117+002+000G010X01
B1332384407079N00304113EA0157101740
LXVVT+243H347I096W169048N-011D115-002+002G009X01
B1332394407079N00304120EA0156801737
LXVVT+243H347I102W168049N-008D111-006-001G009X02
B1332404407079N00304127EA0156501734
LXVVT+243H347I112W167049N-005D114-006-004G010X01
B1332414407079N00304135EA0156201731
LXVVT+244H348I118W166049N-008D113-002-003G012X02
B1332424407079N00304144EA0156101729
LXVVT+244H347I124W165050N-004D109+002+003G013X02
B1332434407079N00304152EA0156101730
LXVVT+244H347I119W165049N+004D108+006+007G011X03
B1332444407077N00304159EA0156201731
LXVVT+244H346I104W165047N+003D115+006+008G009X00
B1332454407076N00304165EA0156201731
LXVVT+244H345I091W164041N-004D117+002+000G008X02
B1332464407075N00304171EA0156001729
LXVVT+245H345I086W162034N-007D118-004-008G010X02
B1332474407073N00304177EA0155801727
LXVVT+245H344I104W163033N+004D109-012-007G010X01
B1332484407072N00304186EA0155601725
LXVVT+245H344I129W156031N+018D106-007-002G011X04
B1332494407071N00304195EA0155501724
LXVVT+245H344I127W153031N+004D110+005+000G011X01
B1332504407070N00304203EA0155601725
LXVVT+244H344I113W154031N-009D109+009+003G010X01
B1332514407069N00304210EA0155601725
LXVVT+245H344I107W155030N-007D111+004+003G010X01
B1332524407068N00304217EA0155601725
LXVVT+245H344I108W154030N+015D107-005+000G011X02
B1332534407067N00304224EA0155601725
LXVVT+244H345I115W153032N+031D113-005-003G013X02
B1332544407066N00304231EA0155801727
LXVVT+244H345I113W154034N+023D110+003+000G010X01
B1332554407065N00304238EA0156101730
LXVVT+244H345I105W149034N+019D110+003-002G010X03
B1332564407065N00304243EA0156301732
LXVVT+244H345I089W150035N+019D120+001-003G010X01
B1332574407064N00304248EA0156401734
LXVVT+245H345I078W145031N+019D123-003+002G010X04
B1332584407063N00304254EA0156501734
LXVVT+245H345I088W147029N+019D119-010+008G009X02
B1332594407060N00304260EA0156401734
LXVVT+245H345I089W136023N+012D142-008+004G009X03
B1333004407057N00304267EA0156401734
LXVVT+245H345I099W101019N+005D141-003+000G011X02
B1333014407053N00304273EA0156301734
LXVVT+245H344I101W095019N+003D144+004+002G011X02
B1333024407050N00304279EA0156401734
LXVVT+244H345I102W092019N+010D136+002-004G011X02
B1333034407047N00304284EA0156501735
LXVVT+244H346I097W101019N+011D141+002-006G010X01
B1333044407045N00304290EA0156601735
LXVVT+244H346I093W106019N+011D139+001-006G010X02
B1333054407043N00304295EA0156501735
LXVVT+245H347I083W115019N+004D145+001+004G009X02
B1333064407041N00304300EA0156501734
LXVVT+244H347I082W116018N+001D137-003+006G009X01
B1333074407038N00304305EA0156301733
LXVVT+245H347I091W116018N+001D139-005+001G009X01
B1333084407035N00304311EA0156101731
LXVVT+245H347I095W116018N+001D134-003-006G011X00
B1333094407033N00304317EA0156001729
LXVVT+245H346I097W118017N-004D126+000-011G010X00
B1333104407031N00304324EA0155801727
LXVVT+246H345I096W129014N-005D119+000-008G011X01
B1333114407030N00304332EA0155801727
LXVVT+245H346I105W142013N+007D106-002-002G012X04
B1333124407029N00304340EA0155801727
LXVVT+245H347I117W135014N+023D116+000+002G012X05
B1333134407027N00304348EA0156101730
LXVVT+244H347I107W137014N+028D127+004+010G011X00
B1333144407026N00304355EA0156401733
LXVVT+244H347I100W141016N+023D134+005+010G009X01
B1333154407023N00304360EA0156701736
LXVVT+244H348I087W144017N+021D141+007+010G010X01
B1333164407021N00304363EA0156901739
LXVVT+244H348I078W147018N+026D144+002+006G010X02
B1333174407018N00304365EA0157201741
LXVVT+245H348I071W152020N+031D169-003+006G009X01
B1333184407015N00304365EA0157301743
LXVVT+245H348I072W158022N+030D180-002+010G011X01
B1333194407012N00304364EA0157401744
LXVVT+245H347I076W164023N+021D190-005+019G009X02
B1333204407010N00304359EA0157501744
LXVVT+246H347I094W170024N+028D223-006+019G013X02
B1333214407008N00304350EA0157601746
LXVVT+246H347I106W166024N+033D241+001+022G013X04
B1333224407009N00304340EA0157901748
LXVVT+246H347I113W160026N+032D270+005+025G012X01
B1333234407012N00304329EA0158101751
LXVVT+246H347I102W156032N+024D296+003+032G011X01
B1333244407018N00304321EA0158301754
LXVVT+245H346I101W156038N+021D321+003+029G012X01
B1333254407026N00304315EA0158601757
LXVVT+245H346I105W158041N+029D335+003+026G013X01
B1333264407035N00304312EA0159001761
LXVVT+245H347I111W157040N+042D349+004+018G012X03
B1333274407043N00304312EA0159501766
LXVVT+245H347I096W156040N+043D021+007+018G010X01
B1333284407049N00304314EA0159901770
LXVVT+244H347I079W157040N+034D025+006+015G009X02
B1333294407055N00304317EA0160101773
LXVVT+244H348I072W157040N+026D048-001+015G008X02
B1333304407059N00304322EA0160201774
LXVVT+244H348I076W158040N+029D068-008+011G010X03
B1333314407063N00304328EA0160301774
LXVVT+244H348I089W157040N+030D077-006+010G011X01
B1333324407066N00304335EA0160501775
LXVVT+244H348I095W157040N+027D086-001+015G011X01
B1333334407067N00304342EA0160601777
LXVVT+244H348I095W157040N+021D110+002+018G011X01
B1333344407066N00304348EA0160801779
LXVVT+243H348I092W157040N+022D125+003+019G011X01
B1333354407064N00304352EA0161001781
LXVVT+243H348I091W157041N+022D148+002+018G010X01
B1333364407061N00304354EA0161101783
LXVVT+243H349I084W157041N+021D167-001+018G010X01
B1333374407058N00304354EA0161201784
LXVVT+243H349I085W158042N+017D185-004+021G010X01
B1333384407055N00304351EA0161201784
LXVVT+243H349I090W159042N+014D204-006+024G011X02
B1333394407053N00304345EA0161201783
LXVVT+243H349I104W162042N+019D233-008+028G012X01
B1333404407053N00304335EA0161101783
LXVVT+243H349I111W163042N+018D254-006+031G012X01
B1333414407056N00304324EA0161201783
LXVVT+243H349I116W161044N+013D287-001+033G014X01
B1333424407062N00304314EA0161301784
LXVVT+243H349I113W160046N+014D314+002+038G013X02
B1333434407071N00304309EA0161501786
LXVVT+243H350I109W161048N+015D342+000+038G011X01
B1333444407081N00304309EA0161601788
LXVVT+242H350I116W161049N+019D010-001+033G012X03
B1333454407090N00304314EA0161801790
LXVVT+241H350I118W162050N+029D040+001+032G013X02
B1333464407095N00304322EA0162101793
LXVVT+240H352I123W160050N+030D067+007+031G012X02
B1333474407098N00304330EA0162301795
LXVVT+240H353I107W160049N+025D093+006+027G011X02
B1333484407098N00304337EA0162601798
LXVVT+239H353I094W162047N+023D120+004+015G010X01
B1333494407097N00304343EA0162801800
LXVVT+239H354I085W163045N+026D127+001+004G010X01
B1333504407095N00304348EA0163001802
LXVVT+239H355I084W163044N+030D141-001+002G010X01
B1333514407093N00304352EA0163101804
LXVVT+239H355I082W164043N+029D150-002+010G011X01
B1333524407090N00304354EA0163301805
LXVVT+239H355I088W164043N+028D166-003+023G009X01
B1333534407087N00304353EA0163401806
LXVVT+239H355I093W164043N+024D190-004+029G011X01
B1333544407083N00304348EA0163401806
LXVVT+239H356I101W165044N+019D216-004+028G012X02
B1333554407082N00304340EA0163501807
LXVVT+239H355I108W165044N+025D248-003+032G012X02
B1333564407083N00304329EA0163501807
LXVVT+239H356I112W164044N+018D276-002+038G012X03
B1333574407089N00304319EA0163501808
LXVVT+238H356I121W165042N+016D312-004+040G013X02
B1333584407097N00304313EA0163601809
LXVVT+238H356I120W165040N+019D340-003+041G013X02
B1333594407107N00304314EA0163701810
LXVVT+237H357I117W166041N+015D009-001+037G014X04
B1334004407115N00304319EA0163901812
LXVVT+237H358I118W167041N+016D054+002+031G014X01
B1334014407120N00304327EA0164201816
LXVVT+237H358I116W165041N+026D074+007+034G012X02
B1334024407121N00304335EA0164501818
LXVVT+237H359I101W164042N+015D108+003+038G010X04
B1334034407119N00304341EA0164501819
LXVVT+236H359I096W164041N+011D132-003+030G011X01
B1334044407115N00304345EA0164501819
LXVVT+236H360I103W165040N+024D152-003+014G012X01
B1334054407111N00304347EA0164701821
LXVVT+235H361I102W164040N+030D153+001-004G011X01
B1334064407107N00304349EA0164901823
LXVVT+236H361I101W164039N+024D159+000-012G009X03
B1334074407103N00304352EA0165001824
LXVVT+236H362I091W165038N+016D156+003-005G010X02
B1334084407099N00304356EA0165101826
LXVVT+235H362I092W166036N+014D141+003+000G011X01
B1334094407096N00304360EA0165301829
LXVVT+235H362I100W167035N+029D147+001+001G010X04
B1334104407092N00304364EA0165501832
LXVVT+235H362I100W167035N+041D153+001+001G010X01
B1334114407088N00304366EA0165901835
LXVVT+235H362I107W167036N+043D160+005+005G011X01
B1334124407084N00304367EA0166401840
LXVVT+235H362I098W170039N+049D183+005+016G011X01
B1334134407081N00304364EA0166801843
LXVVT+235H363I085W170039N+040D210+000+032G009X03
B1334144407079N00304358EA0166901844
LXVVT+235H362I090W169039N+024D239-008+034G010X01
B1334154407079N00304349EA0166801844
LXVVT+236H362I106W166039N+027D271-012+029G013X02
B1334164407082N00304338EA0166901844
LXVVT+236H361I127W169038N+035D300-006+034G015X00
B1334174407089N00304329EA0167001845
LXVVT+236H361I120W169038N+027D327-001+043G014X03
B1334184407098N00304327EA0167101847
LXVVT+235H361I117W168036N+010D008-004+049G013X04
B1334194407105N00304331EA0167101847
LXVVT+234H362I123W161034N+009D040-005+047G014X03
B1334204407109N00304339EA0167101848
LXVVT+234H363I131W150035N+010D077-002+036G015X00
B1334214407108N00304346EA0167301850
LXVVT+233H363I125W147037N+023D122+003+031G014X02
B1334224407104N00304350EA0167701854
LXVVT+233H364I116W148040N+025D152+007+033G011X01
B1334234407100N00304348EA0167901856
LXVVT+233H365I107W149041N+016D186+006+034G011X02
B1334244407097N00304343EA0168001858
LXVVT+232H365I105W150042N+026D212+000+023G011X02
B1334254407095N00304335EA0168201860
LXVVT+233H365I103W151042N+040D241+002+013G012X01
B1334264407095N00304326EA0168501863
LXVVT+233H365I097W151042N+038D259+005+016G011X02
B1334274407096N00304317EA0168801866
LXVVT+233H365I091W151041N+028D278+003+020G010X02
B1334284407100N00304309EA0168901868
LXVVT+233H365I087W152041N+021D301-001+027G010X02
B1334294407106N00304302EA0168901868
LXVVT+233H366I094W152040N+020D324-006+027G010X01
B1334304407114N00304298EA0168901867
LXVVT+232H366I105W152040N+022D358-007+026G012X01
B1334314407123N00304298EA0168901867
LXVVT+232H365I115W152040N+026D021-005+032G013X01
B1334324407130N00304303EA0168901868
LXVVT+232H366I120W153041N+016D049-002+043G012X01
B1334334407134N00304312EA0168801868
LXVVT+231H367I125W153041N+004D075-001+039G014X00
B1334344407135N00304321EA0168901869
LXVVT+230H368I130W154040N+019D104+003+023G014X04
B1334354407134N00304329EA0169401874
LXVVT+230H369I124W153041N+054D107+010+002G012X02
B1334364407134N00304335EA0170001879
LXVVT+229H370I102W153042N+038D109+011-014G009X01
B1334374407134N00304339EA0170401884
LXVVT+229H371I079W151043N+030D108+010-010G008X02
B1334384407136N00304342EA0170601886
LXVVT+230H371I064W150044N+027D090+000+002G009X02
B1334394407138N00304345EA0170701887
LXVVT+229H372I068W149044N+025D095-011+013G009X04
B1334404407139N00304349EA0170601886
LXVVT+230H372I085W148045N+028D107-016+008G011X02
B1334414407139N00304355EA0170701887
LXVVT+230H371I101W148045N+032D112-007+004G012X01
B1334424407139N00304362EA0170901889
LXVVT+229H372I115W148046N+033D115+004+001G012X03
B1334434407138N00304368EA0171301894
LXVVT+229H371I106W148046N+030D117+012+004G011X01
B1334444407137N00304372EA0171801899
LXVVT+229H371I091W147047N+031D120+010+001G009X01
B1334454407137N00304375EA0172101902
LXVVT+229H371I078W148048N+034D124+003+001G009X02
B1334464407137N00304377EA0172301905
LXVVT+229H371I075W148049N+037D129-007-003G009X02
B1334474407136N00304381EA0172401906
LXVVT+229H371I082W148049N+032D124-010-003G010X02
B1334484407135N00304385EA0172401906
LXVVT+228H371I097W148048N+029D123-013+000G011X02
B1334494407133N00304391EA0172501907
LXVVT+229H371I115W148048N+033D131-003+001G013X04
B1334504407131N00304398EA0172801911
LXVVT+229H371I119W148046N+037D126+008+001G014X03
B1334514407129N00304403EA0173401918
LXVVT+227H372I117W148048N+050D124+012-003G012X03
B1334524407128N00304406EA0174101925
LXVVT+226H372I096W148050N+055D133+008+000G008X03
B1334534407127N00304408EA0174701930
LXVVT+227H372I075W148050N+049D142+007+008G009X04
B1334544407126N00304409EA0175101934
LXVVT+227H373I061W148050N+045D147-006+003G008X02
B1334554407124N00304409EA0175301936
LXVVT+228H374I073W148049N+047D158-011-006G010X01
B1334564407122N00304411EA0175501938
LXVVT+227H374I091W148050N+048D145-012-006G011X01
B1334574407119N00304414EA0175701940
LXVVT+227H373I099W148049N+043D152-002-007G012X02
B1334584407117N00304417EA0176101944
LXVVT+226H373I097W148047N+037D138+006-006G011X01
B1334594407115N00304421EA0176501949
LXVVT+226H374I087W149045N+040D137+007-007G010X01
B1335004407113N00304424EA0176901954
LXVVT+226H373I076W151043N+043D136+003-004G009X01
B1335014407112N00304427EA0177301957
LXVVT+226H374I078W152043N+045D137-003+001G010X02
B1335024407111N00304430EA0177501960
LXVVT+226H374I082W152043N+045D160-009+014G009X01
B1335034407108N00304430EA0177701961
LXVVT+226H373I089W150042N+039D176-011+025G010X02
B1335044407104N00304428EA0177701961
LXVVT+226H374I109W150042N+025D209-010+033G012X03
B1335054407100N00304420EA0177601961
LXVVT+226H373I127W158042N+027D234-007+043G015X00
B1335064407101N00304409EA0177601961
LXVVT+224H375I136W161041N+027D274-002+047G015X03
B1335074407107N00304398EA0177701963
LXVVT+223H376I132W161040N+004D304+004+045G014X01
B1335084407115N00304393EA0177801965
LXVVT+223H377I123W161039N+006D345+002+039G012X01
B1335094407123N00304393EA0178101967
LXVVT+222H379I108W162040N+019D013+001+031G013X02
B1335104407130N00304397EA0178401970
LXVVT+222H380I104W163040N+033D043+003+021G013X02
B1335114407135N00304403EA0178901974
LXVVT+222H381I103W159040N+047D062+005+014G012X04
B1335124407138N00304408EA0179401979
LXVVT+220H382I094W155042N+056D079+004+011G010X01
B1335134407139N00304413EA0179901984
LXVVT+220H383I084W152043N+052D104+002+006G009X01
B1335144407140N00304417EA0180301988
LXVVT+221H383I076W152043N+048D126+001+006G009X01
B1335154407139N00304420EA0180601992
LXVVT+221H384I078W152043N+046D137-005+012G010X03
B1335164407137N00304422EA0180801994
LXVVT+221H384I090W152043N+043D158-008+021G009X02
B1335174407133N00304422EA0180901995
LXVVT+222H383I103W152043N+038D185-007+029G013X02
B1335184407129N00304417EA0180901996
LXVVT+221H383I113W149042N+029D212-006+038G011X03
B1335194407127N00304407EA0181001996
LXVVT+222H382I125W149042N+022D248-002+047G014X01
B1335204407129N00304395EA0181001997
LXVVT+220H383I126W147043N+008D284+001+047G015X00
B1335214407136N00304385EA0181102000
LXVVT+219H384I136W147043N+008D322+000+044G015X00
B1335224407145N00304381EA0181402003
LXVVT+219H385I130W147043N+028D359+000+042G014X01
B1335234407154N00304383EA0181802006
LXVVT+218H386I116W151044N+030D028+003+038G012X02
B1335244407160N00304389EA0182102009
LXVVT+218H387I113W153045N+032D060+002+027G012X01
B1335254407164N00304396EA0182502013
LXVVT+218H387I109W153044N+049D086+002+016G012X01
B1335264407165N00304402EA0183102018
LXVVT+218H387I096W154044N+058D102+005+014G011X01
B1335274407165N00304408EA0183602023
LXVVT+218H388I082W156041N+049D123+005+018G010X02
B1335284407163N00304411EA0183802026
LXVVT+218H388I080W156038N+042D149-002+019G009X02
B1335294407160N00304413EA0184002028
LXVVT+218H388I087W154035N+045D167-005+018G011X02
B1335304407155N00304411EA0184202030
LXVVT+218H389I100W153034N+045D185-002+020G011X01
B1335314407151N00304407EA0184402032
LXVVT+217H389I106W152034N+040D218-002+031G012X02
B1335324407148N00304398EA0184502034
LXVVT+218H389I109W149034N+029D246-003+041G012X01
B1335334407150N00304388EA0184602035
LXVVT+216H389I112W146035N+014D275-003+047G013X02
B1335344407155N00304378EA0184602036
LXVVT+217H389I123W146036N+019D317-006+048G014X01
B1335354407164N00304373EA0184602036
LXVVT+216H389I132W146036N+020D353-005+048G015X02
B1335364407174N00304374EA0184702037
LXVVT+214H390I132W149038N+020D030-002+044G015X00
B1335374407180N00304382EA0185002040
LXVVT+213H392I133W149037N+024D063+003+036G014X02
B1335384407183N00304391EA0185502044
LXVVT+213H393I125W149038N+039D095+007+031G013X02
B1335394407182N00304398EA0186002049
LXVVT+212H395I109W150037N+046D122+006+028G011X01
B1335404407179N00304402EA0186402054
LXVVT+212H396I101W150035N+043D154+005+027G011X01
B1335414407175N00304403EA0186702057
LXVVT+212H397I093W149035N+041D170+001+023G010X03
B1335424407171N00304400EA0186902060
LXVVT+212H397I096W150035N+043D201-001+018G011X02
B1335434407167N00304395EA0187102062
LXVVT+212H398I096W150035N+041D222-002+020G011X01
B1335444407166N00304387EA0187302064
LXVVT+212H397I100W151035N+034D240-001+027G010X01
B1335454407166N00304377EA0187402065
LXVVT+213H397I106W151035N+029D274-002+036G012X01
B1335464407171N00304367EA0187502066
LXVVT+212H396I111W150036N+025D302-004+040G012X01
B1335474407178N00304360EA0187502066
LXVVT+211H397I120W150037N+021D338-003+040G014X01
B1335484407188N00304358EA0187502067
LXVVT+210H397I121W152039N+020D010-001+042G014X01
B1335494407196N00304361EA0187702069
LXVVT+210H397I118W155040N+017D042-001+039G013X01
B1335504407201N00304369EA0187902071
LXVVT+210H398I117W156040N+020D070-001+036G012X00
B1335514407204N00304377EA0188102074
LXVVT+209H399I114W156040N+026D092+001+025G012X02
B1335524407204N00304384EA0188502078
LXVVT+209H399I105W157039N+037D112+003+015G011X01
B1335534407202N00304391EA0188902082
LXVVT+209H400I094W158038N+039D115+004+003G010X01
B1335544407201N00304396EA0189302085
LXVVT+209H402I087W159036N+038D117-001-003G009X01
B1335554407200N00304402EA0189502088
LXVVT+209H402I092W159036N+042D122-004-003G010X01
B1335564407199N00304409EA0189702091
LXVVT+209H403I097W159036N+046D109-005-003G010X01
B1335574407199N00304416EA0190102094
LXVVT+208H403I102W159036N+048D109-001-004G011X01
B1335584407198N00304422EA0190502098
LXVVT+208H404I098W158036N+045D112+004-002G010X01
B1335594407198N00304429EA0190802102
LXVVT+208H403I093W158036N+041D110+003+000G010X01
B1336004407198N00304435EA0191202106
LXVVT+208H404I086W158036N+039D116+000+004G009X02
B1336014407198N00304441EA0191402108
LXVVT+207H404I089W158036N+040D110-005+004G009X02
B1336024407197N00304447EA0191602110
LXVVT+207H404I098W157037N+042D118-007+001G010X01
B1336034407196N00304453EA0191702112
LXVVT+206H405I108W156038N+046D121-003+001G011X01
B1336044407195N00304460EA0192102115
LXVVT+205H406I107W156039N+043D120+003+002G012X01
B1336054407193N00304466EA0192502120
LXVVT+205H407I104W156039N+043D118+003+001G010X01
B1336064407191N00304472EA0192902124
LXVVT+205H408I095W156039N+045D128+004+002G010X01
B1336074407190N00304477EA0193302128
LXVVT+204H408I089W156037N+043D121+002-001G010X01
B1336084407188N00304482EA0193602132
LXVVT+204H409I085W157036N+044D121-004-006G010X01
B1336094407187N00304488EA0193802134
LXVVT+204H410I087W159035N+042D116-006-007G010X02
B1336104407187N00304495EA0194102137
LXVVT+204H409I098W160035N+040D111-002-003G010X02
B1336114407186N00304503EA0194302139
LXVVT+203H409I105W161035N+038D111-002+000G010X02
B1336124407186N00304511EA0194402141
LXVVT+204H408I109W162034N+033D113+000+007G010X01
B1336134407185N00304520EA0194602143
LXVVT+203H408I116W163034N+032D102+002+002G010X01
B1336144407184N00304529EA0194802145
LXVVT+202H409I112W164034N+035D101+003-004G010X01
B1336154407184N00304538EA0195002147
LXVVT+202H410I114W165034N+036D101+003-004G011X02
B1336164407185N00304547EA0195202150
LXVVT+203H409I108W168034N+035D104+002+003G010X01
B1336174407185N00304556EA0195402152
LXVVT+203H409I105W172033N+032D102+002+005G010X01
B1336184407185N00304565EA0195602154
LXVVT+202H410I107W175033N+032D104+000+003G009X00
B1336194407185N00304574EA0195802156
LXVVT+201H411I109W178032N+034D101-001+000G010X01
B1336204407185N00304584EA0195902157
LXVVT+201H411I109W180032N+034D103-002-001G010X02
B1336214407184N00304593EA0196002158
LXVVT+201H411I112W183032N+031D105+002+000G011X02
B1336224407184N00304603EA0196202160
LXVVT+201H412I113W184031N+033D107+002+002G011X02
B1336234407184N00304613EA0196402163
LXVVT+201H411I111W187030N+033D109+004+004G009X02
B1336244407183N00304622EA0196702166
LXVVT+200H413I114W186030N+031D103+007+000G011X02
B1336254407183N00304631EA0197102170
LXVVT+199H413I113W181030N+036D101+005-004G010X01
B1336264407183N00304639EA0197302173
LXVVT+200H413I103W179030N+038D104+001-004G009X02
B1336274407183N00304647EA0197502175
LXVVT+200H413I099W177031N+035D104-003+002G009X01
B1336284407183N00304655EA0197602175
LXVVT+199H414I103W176031N+031D105-006+006G009X02
B1336294407182N00304663EA0197602176
LXVVT+199H415I111W175031N+026D105-005+004G010X02
B1336304407181N00304672EA0197702176
LXVVT+198H416I116W176031N+026D107-001+000G011X01
B1336314407180N00304682EA0197802177
LXVVT+198H416I118W178030N+023D102+003-006G012X00
B1336324407179N00304692EA0198002180
LXVVT+198H416I114W179030N+026D106+004-004G010X01
B1336334407178N00304701EA0198202182
LXVVT+199H417I104W183027N+023D106+006+005G011X01
B1336344407178N00304710EA0198502185
LXVVT+199H417I100W187027N+026D104+002+005G008X01
B1336354407176N00304718EA0198702187
LXVVT+198H418I098W189026N+034D110+000+000G010X01
B1336364407175N00304726EA0198902189
LXVVT+199H418I092W192024N+033D112+000-002G009X01
B1336374407174N00304734EA0199102191
LXVVT+198H419I098W190024N+034D108-002-004G011X03
B1336384407173N00304742EA0199202193
LXVVT+199H418I101W188025N+029D109-004-001G010X01
B1336394407172N00304750EA0199402194
LXVVT+198H418I109W185024N+031D100-005-002G010X01
B1336404407171N00304759EA0199502196
LXVVT+198H419I114W180023N+036D102-004-005G010X01
B1336414407170N00304769EA0199702198
LXVVT+199H418I112W180023N+032D109+002+001G011X01
B1336424407169N00304778EA0200002201
LXVVT+198H418I115W182022N+033D106+004+005G011X01
B1336434407167N00304787EA0200402205
LXVVT+197H419I114W180022N+043D109+004+004G011X01
B1336444407166N00304795EA0200802209
LXVVT+197H420I103W180022N+041D114+004+001G009X01
B1336454407164N00304802EA0201002212
LXVVT+196H420I094W180023N+029D112+001-007G008X02
B1336464407164N00304809EA0201102212
LXVVT+196H421I092W180022N+022D103-006-009G008X04
B1336474407163N00304817EA0201002211
LXVVT+195H421I099W175022N+022D108-009-004G010X01
B1336484407162N00304826EA0200902210
LXVVT+196H421I101W176022N+013D110-003+008G011X02
B1336494407161N00304834EA0200802210
LXVVT+195H422I114W176022N+002D103+001+007G010X01
B1336504407160N00304843EA0200902210
LXVVT+194H423I117W176023N+009D113+003-003G010X01
B1336514407158N00304852EA0200802210
LXVVT+193H424I119W172024N+014D108+003-010G010X01
B1336524407158N00304860EA0200902211
LXVVT+192H425I115W159024N+015D101+002-012G010X01
B1336534407159N00304867EA0200802210
LXVVT+192H425I097W147023N+004D102+000-003G009X03
B1336544407159N00304873EA0200702208
LXVVT+192H426I094W142022N-007D103-003+010G008X01
B1336554407159N00304880EA0200302205
LXVVT+191H426I102W140023N-009D105-006+011G009X01
B1336564407157N00304888EA0200002201
LXVVT+191H427I111W140024N-009D113-008+004G010X02
B1336574407156N00304897EA0199602197
LXVVT+191H428I126W140025N-006D110-005-003G012X02
B1336584407154N00304906EA0199302194
LXVVT+190H429I128W140025N-009D111+003-005G012X01
B1336594407153N00304915EA0199202193
LXVVT+191H428I115W143024N-015D110+010-001G011X01
B1337004407152N00304923EA0199102192
LXVVT+192H427I098W147022N-019D105+009+003G009X02
B1337014407151N00304930EA0199002191
LXVVT+193H427I099W149021N-008D103+002+000G009X01
B1337024407150N00304937EA0198802189
LXVVT+192H427I102W148022N+006D103-007-004G010X02
B1337034407149N00304945EA0198502186
LXVVT+192H428I113W145024N+007D107-010-007G009X04
B1337044407149N00304953EA0198202183
LXVVT+192H427I128W148031N-003D116+000+000G012X00
B1337054407148N00304961EA0198102182
LXVVT+192H427I124W150038N+007D111+009+007G011X01
B1337064407148N00304967EA0198102181
LXVVT+191H428I114W145040N+005D110+009+002G010X01
B1337074407147N00304972EA0198002180
LXVVT+191H429I100W145043N-011D115+000-004G008X02
B1337084407146N00304978EA0197702177
LXVVT+191H429I094W146044N-007D114-007-008G010X02
B1337094407147N00304984EA0197402174
LXVVT+191H429I100W146043N-006D111-007-003G010X02
B1337104407147N00304992EA0197102170
LXVVT+191H429I110W146043N-016D113-004+007G010X02
B1337114407146N00304999EA0196802167
LXVVT+191H429I112W147043N-015D114-002+008G011X01
B1337124407145N00305007EA0196602165
LXVVT+191H429I119W148042N-010D112-001+003G011X03
B1337134407144N00305016EA0196502164
LXVVT+191H429I119W150041N+005D110+001-006G011X01
B1337144407144N00305024EA0196602165
LXVVT+191H429I116W150040N+008D112+003-009G010X01
B1337154407145N00305032EA0196602165
LXVVT+192H429I107W151040N+000D116+006-001G010X02
B1337164407146N00305039EA0196602166
LXVVT+192H428I098W154041N-002D105+006+002G010X01
B1337174407148N00305046EA0196602166
LXVVT+192H428I090W156041N+003D104-001+001G009X04
B1337184407149N00305052EA0196602165
LXVVT+193H427I092W153041N+010D102-008-005G010X03
B1337194407151N00305060EA0196302163
LXVVT+194H426I094W154041N+002D110-006+001G010X02
B1337204407153N00305068EA0196102161
LXVVT+193H426I106W156041N-007D101-005+005G010X00
B1337214407154N00305077EA0195902159
LXVVT+194H425I117W156041N-006D112+000+005G011X02
B1337224407156N00305086EA0195802158
LXVVT+194H425I116W157040N-005D109+004+005G011X02
B1337234407157N00305095EA0195902158
LXVVT+193H425I121W155041N+006D103+003-002G010X02
B1337244407158N00305103EA0195902158
LXVVT+193H425I117W154041N+012D107+000-005G010X01
B1337254407160N00305111EA0195802157
LXVVT+194H424I115W153043N+008D108+000-002G010X00
B1337264407162N00305120EA0195702157
LXVVT+194H424I113W153044N+007D106-001+002G011X01
B1337274407164N00305128EA0195702156
LXVVT+194H424I118W152044N+011D105-003+003G010X01
B1337284407166N00305137EA0195702156
LXVVT+194H423I122W151044N+012D105+000+003G011X01
B1337294407167N00305146EA0195802156
LXVVT+193H424I126W150044N+019D098+001-002G012X02
B1337304407169N00305154EA0196002159
LXVVT+192H426I129W140042N+034D099+002-004G012X02
B1337314407171N00305162EA0196302162
LXVVT+193H426I110W138041N+027D098+006+003G010X03
B1337324407172N00305169EA0196602165
LXVVT+193H427I105W138041N+016D102+003+005G008X01
B1337334407174N00305175EA0196602166
LXVVT+193H426I100W137041N+014D094-005-004G008X02
B1337344407176N00305181EA0196402164
LXVVT+193H426I099W138041N+004D089-007-010G010X03
B1337354407179N00305189EA0196202161
LXVVT+194H425I098W144043N-005D084-006-005G012X05
B1337364407181N00305197EA0196102160
LXVVT+193H426I124W144043N+007D078-006+003G011X05
B1337374407184N00305206EA0196002159
LXVVT+193H426I121W145043N+010D090+001+007G011X02
B1337384407186N00305214EA0196202160
LXVVT+192H427I115W147042N+004D083+008-001G012X04
B1337394407189N00305222EA0196402162
LXVVT+192H428I104W146042N+018D091+005+001G010X04
B1337404407191N00305228EA0196602164
LXVVT+192H428I091W148042N+018D091+004+007G010X01
B1337414407193N00305234EA0196702166
LXVVT+192H429I090W149042N+013D089-002+006G010X01
B1337424407194N00305240EA0196702166
LXVVT+191H430I105W147045N+032D090-013-001G009X00
B1337434407195N00305247EA0196702166
LXVVT+191H431I117W147051N+036D095-006-005G011X01
B1337444407197N00305255EA0196802167
LXVVT+191H431I115W146052N+016D094-001-007G012X01
B1337454407199N00305263EA0196902168
LXVVT+191H431I102W149050N+004D093+004-003G010X01
B1337464407201N00305271EA0197002170
LXVVT+193H430I096W152046N+004D098+007+004G010X01
B1337474407203N00305278EA0197102172
LXVVT+194H429I097W154044N+009D095+000+006G009X03
B1337484407205N00305285EA0197102172
LXVVT+193H429I095W155043N+015D096-003+005G009X03
B1337494407206N00305292EA0197202172
LXVVT+193H429I106W154043N+021D098-005+002G010X01
B1337504407207N00305300EA0197302172
LXVVT+193H429I112W154045N+028D096-004+001G011X01
B1337514407207N00305308EA0197402174
LXVVT+193H428I114W152045N+023D099+004-004G013X01
B1337524407208N00305315EA0197602176
LXVVT+193H428I105W152044N+019D098+005-001G010X01
B1337534407208N00305322EA0197802178
LXVVT+193H428I107W151044N+023D098+004+000G009X03
B1337544407209N00305329EA0198002180
LXVVT+193H427I101W150045N+023D100+000-001G009X01
B1337554407210N00305335EA0198102181
LXVVT+193H428I100W149045N+023D098-003-005G010X01
B1337564407211N00305342EA0198102181
LXVVT+193H428I107W147046N+023D093-006-007G009X01
B1337574407213N00305349EA0198102181
LXVVT+194H426I112W146046N+019D095-003-004G010X03
B1337584407215N00305357EA0198002181
LXVVT+194H426I106W146046N+007D099+003+007G011X02
B1337594407216N00305364EA0198102181
LXVVT+194H425I105W149045N+002D088+005+012G011X01
B1338004407215N00305371EA0198102182
LXVVT+193H426I112W143045N+011D088+000+004G009X01
B1338014407215N00305377EA0198202182
LXVVT+193H426I109W141047N+023D094+000-007G010X01
B1338024407215N00305382EA0198302183
LXVVT+194H425I093W141048N+014D099+006-001G010X01
B1338034407215N00305387EA0198302183
LXVVT+194H425I092W136046N+003D087+000-004G009X01
B1338044407215N00305392EA0198302182
LXVVT+193H425I102W129046N+013D086-008-007G009X01
B1338054407216N00305398EA0198102180
LXVVT+192H426I113W123046N+020D079-012-005G009X02
B1338064407217N00305406EA0197802177
LXVVT+191H427I121W118046N+003D080-004-004G011X01
B1338074407218N00305413EA0197602175
LXVVT+191H429I117W118046N-015D078+002-003G010X04
B1338084407220N00305420EA0197402173
LXVVT+191H429I108W121044N-013D082+006+002G012X02
B1338094407221N00305428EA0197302173
LXVVT+191H429I107W123043N-006D081+003+004G010X01
B1338104407221N00305435EA0197202172
LXVVT+192H428I107W123041N+002D091+000+005G010X01
B1338114407221N00305442EA0197102172
LXVVT+192H428I113W123040N+005D085-001+002G010X01
B1338124407221N00305449EA0197002171
LXVVT+192H428I112W121041N+009D091-002-002G010X01
B1338134407220N00305456EA0196902169
LXVVT+193H427I114W121039N+007D088-001-004G011X01
B1338144407220N00305464EA0196902169
LXVVT+192H427I118W122039N+004D084+001-003G011X01
B1338154407220N00305472EA0196902169
LXVVT+192H427I120W121040N+014D086+004+001G011X01
B1338164407220N00305479EA0197102170
LXVVT+193H427I107W120039N+015D092+005+005G010X01
B1338174407220N00305485EA0197202171
LXVVT+193H427I099W119038N+007D087+003+002G010X01
B1338184407220N00305491EA0197102171
LXVVT+193H426I101W119038N+011D092-004-001G009X01
B1338194407219N00305498EA0197002170
LXVVT+194H426I106W118036N+016D091-007-003G010X02
B1338204407219N00305506EA0196902170
LXVVT+195H424I109W119034N+010D092-003+002G011X00
B1338214407218N00305514EA0197002170
LXVVT+194H425I121W119033N+017D082+000-001G011X04
B1338224407217N00305522EA0197202172
LXVVT+194H423I115W116032N+021D088+004-003G011X01
B1338234407217N00305530EA0197402174
LXVVT+195H423I106W117029N+016D088+005+002G010X01
B1338244407216N00305538EA0197502176
LXVVT+194H423I107W117027N+018D084+002+002G009X01
B1338254407215N00305545EA0197702177
LXVVT+194H423I111W115028N+030D090-004-002G010X01
B1338264407215N00305553EA0197802179
LXVVT+193H424I109W114027N+033D092-004-002G011X01
B1338274407215N00305561EA0198002181
LXVVT+193H425I117W114027N+031D089+000-002G010X02
B1338284407215N00305569EA0198202183
LXVVT+193H425I109W112027N+021D093+005+003G010X01
B1338294407214N00305576EA0198402185
LXVVT+193H426I097W112025N+014D089+002+003G009X01
B1338304407214N00305583EA0198402185
LXVVT+193H426I099W114024N+016D093-002+000G010X01
B1338314407213N00305590EA0198502186
LXVVT+193H425I103W114023N+022D091-007-003G010X01
B1338324407213N00305599EA0198502186
LXVVT+193H426I116W116022N+027D089-005-002G012X00
B1338334407213N00305609EA0198502186
LXVVT+192H426I128W118022N+025D083-002-003G011X02
B1338344407213N00305619EA0198702188
LXVVT+192H428I131W119022N+025D084+003-004G011X02
B1338354407214N00305629EA0198902191
LXVVT+194H426I119W122019N+019D089+006+004G010X01
B1338364407214N00305638EA0199102193
LXVVT+193H426I120W124018N+020D084+006+004G010X01
B1338374407214N00305647EA0199302195
LXVVT+193H427I115W123018N+026D090+000+004G008X02
B1338384407215N00305656EA0199402195
LXVVT+192H426I111W122017N+023D091-002-001G010X01
B1338394407215N00305664EA0199402195
LXVVT+193H427I112W123016N+021D091-004-001G009X01
B1338404407215N00305674EA0199202195
LXVVT+194H425I116W124016N+017D093-004+003G010X01
B1338414407215N00305683EA0199102193
LXVVT+195H424I121W124015N+010D091-001+005G009X01
B1338424407215N00305693EA0199002192
LXVVT+194H424I120W127014N+002D090+001+001G010X01
B1338434407215N00305703EA0198902191
LXVVT+196H423I115W127012N-004D095+002+000G009X01
B1338444407215N00305712EA0198702189
LXVVT+196H421I114W120009N-005D092+000-001G009X02
B1338454407214N00305722EA0198502187
LXVVT+196H422I115W133008N-004D086-003-003G010X01
B1338464407214N00305733EA0198302184
LXVVT+196H422I117W150008N+001D089-004-002G009X01
B1338474407214N00305744EA0198002181
LXVVT+197H420I123W163007N-006D092-003+000G009X00
B1338484407214N00305755EA0197702178
LXVVT+197H420I124W183006N-011D091+000+003G011X01
B1338494407214N00305766EA0197402175
LXVVT+195H420I131W192006N-011D087+003+001G011X01
B1338504407214N00305777EA0197302173
LXVVT+194H421I129W187005N-009D089+004-001G010X01
B1338514407214N00305788EA0197102171
LXVVT+194H420I123W187005N-008D091+003-002G010X01
B1338524407214N00305798EA0196902169
LXVVT+195H420I117W187005N-007D093+001+002G010X01
B1338534407214N00305808EA0196702167
LXVVT+195H421I117W188005N-009D093-001+004G010X00
B1338544407214N00305818EA0196502165
LXVVT+194H421I127W160006N-001D091-001-001G010X01
B1338554407214N00305827EA0196302162
LXVVT+194H422I122W140007N-003D092-001-005G010X01
B1338564407214N00305837EA0196002160
LXVVT+195H421I108W144007N-015D094+000+000G009X02
B1338574407215N00305847EA0195702157
LXVVT+196H420I111W151005N-016D094+001+006G013X04
B1338584407214N00305856EA0195702156
LXVVT+195H421I123W146005N+000D082-002-002G012X02
B1338594407215N00305866EA0195702156
LXVVT+195H421I129W112007N+019D094+001-004G011X01
B1339004407215N00305876EA0195802158
LXVVT+196H421I111W127008N+006D094+007+002G010X03
B1339014407215N00305884EA0195902159
LXVVT+195H421I103W131008N-005D094+006+006G009X03
B1339024407215N00305892EA0195902158
LXVVT+195H421I108W118009N+005D090-003+002G009X01
B1339034407215N00305900EA0195802157
LXVVT+195H422I111W118012N+018D099-007-003G009X01
B1339044407215N00305909EA0195502155
LXVVT+196H421I116W121013N+005D100-005-003G011X01
B1339054407216N00305918EA0195402154
LXVVT+196H421I124W118014N-002D088-002-004G010X01
B1339064407217N00305928EA0195402153
LXVVT+195H422I128W109014N+012D086+001-004G011X01
B1339074407218N00305938EA0195302152
LXVVT+196H421I123W112014N+009D090+001+001G010X00
B1339084407219N00305947EA0195202152
LXVVT+197H420I119W114013N-002D089+002+006G009X02
B1339094407219N00305957EA0195102151
LXVVT+196H420I121W117013N-003D087+001+002G009X02
B1339104407220N00305966EA0195002149
LXVVT+196H420I123W114014N+000D089-001-001G011X01
B1339114407220N00305975EA0194802147
LXVVT+196H420I126W111015N+009D088-003-002G012X01
B1339124407221N00305985EA0194702146
LXVVT+196H420I125W111016N+009D087-002-002G011X01
B1339134407222N00305995EA0194602145
LXVVT+197H419I122W114015N+000D091+002+001G010X01
B1339144407223N00306005EA0194602144
LXVVT+196H420I120W119013N-003D084+003+001G011X01
B1339154407224N00306014EA0194602144
LXVVT+196H420I127W116013N+008D081+001-004G010X02
B1339164407224N00306024EA0194602144
LXVVT+196H421I120W116012N+013D088+000+000G010X01
B1339174407226N00306034EA0194502144
LXVVT+196H420I113W124010N+003D087+000+002G010X02
B1339184407227N00306044EA0194502143
LXVVT+196H421I126W119010N+008D081-002-002G010X02
B1339194407228N00306053EA0194302142
LXVVT+196H420I119W118010N+007D091+000+000G010X02
B1339204407229N00306063EA0194202140
LXVVT+197H419I116W119009N-004D089+000+001G010X01
B1339214407230N00306073EA0194002139
LXVVT+198H418I114W124007N-008D089-001+004G010X01
B1339224407231N00306083EA0193802137
LXVVT+197H418I125W123007N+002D083-002+000G011X02
B1339234407232N00306093EA0193702135
LXVVT+197H417I129W116007N+006D085-001-005G010X01
B1339244407234N00306104EA0193602134
LXVVT+198H417I124W120006N-001D087+002-002G011X01
B1339254407235N00306114EA0193502133
LXVVT+199H416I122W136006N-004D083+001+002G010X01
B1339264407237N00306124EA0193402132
LXVVT+198H416I123W146005N+003D086+000+005G010X01
B1339274407238N00306135EA0193302131
LXVVT+198H415I118W159004N-001D090+001+005G009X02
B1339284407238N00306145EA0193102129
LXVVT+199H414I118W163004N-003D092+000+002G009X01
B1339294407239N00306155EA0192902127
LXVVT+198H414I117W161004N-006D089-001-003G009X01
B1339304407240N00306165EA0192702124
LXVVT+198H415I113W174004N-011D087-001-007G010X01
B1339314407241N00306175EA0192402121
LXVVT+199H414I113W192005N-013D088-002-004G010X01
B1339324407243N00306185EA0192102118
LXVVT+200H412I117W202006N-014D085-003+001G010X00
B1339334407245N00306196EA0191702114
LXVVT+200H412I122W205007N-014D082-002+004G010X00
B1339344407246N00306207EA0191402111
LXVVT+200H411I127W203007N-013D087-001+003G010X01
B1339354407247N00306217EA0191102107
LXVVT+200H411I125W199007N-016D087+001+001G011X00
B1339364407248N00306228EA0190902105
LXVVT+200H410I124W199007N-017D084+001-002G010X00
B1339374407249N00306239EA0190602102
LXVVT+200H411I128W190007N-011D086+000-005G010X01
B1339384407251N00306249EA0190302099
LXVVT+201H410I121W188007N-015D090+003+002G011X01
B1339394407252N00306259EA0190102097
LXVVT+201H409I122W182006N-017D082+002+004G010X03
B1339404407253N00306269EA0190002095
LXVVT+201H409I123W163005N-009D082+002+001G010X01
B1339414407254N00306278EA0189802093
LXVVT+201H409I120W129005N-003D082-001-003G010X01
B1339424407256N00306287EA0189602091
LXVVT+201H410I118W118005N-004D080-004-006G009X00
B1339434407257N00306297EA0189302088
LXVVT+201H409I118W119005N-013D080-001-004G011X00
B1339444407259N00306307EA0189102086
LXVVT+201H410I117W133006N-008D077-002+000G011X02
B1339454407262N00306316EA0188902083
LXVVT+201H410I113W148006N-011D082+000+003G010X01
B1339464407264N00306325EA0188602081
LXVVT+201H409I112W158006N-020D080+001+002G010X01
B1339474407265N00306335EA0188302077
LXVVT+201H410I115W159006N-016D081-005+001G008X02
B1339484407267N00306345EA0187802072
LXVVT+202H409I114W169006N-021D081-006+002G010X01
B1339494407269N00306355EA0187402067
LXVVT+202H409I125W181007N-026D071-003+000G010X03
B1339504407270N00306366EA0187002063
LXVVT+202H410I127W181006N-014D074+002-001G012X00
B1339514407272N00306377EA0186802062
LXVVT+203H408I124W186006N+002D079+006+005G010X02
B1339524407273N00306387EA0186702061
LXVVT+202H409I124W169008N+002D083+006+007G010X01
B1339534407273N00306396EA0186502059
LXVVT+202H409I114W159012N-007D085+003+003G009X02
B1339544407273N00306404EA0186302056
LXVVT+202H408I109W154015N-011D084-003-004G008X01
B1339554407274N00306413EA0186002052
LXVVT+203H408I110W150017N-010D085-007-008G009X01
B1339564407275N00306422EA0185502047
LXVVT+204H408I118W149017N-017D082-007-005G011X01
B1339574407276N00306432EA0185002043
LXVVT+204H407I130W144016N-020D076-003+001G011X03
B1339584407278N00306443EA0184702039
LXVVT+204H407I134W144016N-018D078+001+001G012X01
B1339594407279N00306454EA0184602037
LXVVT+205H406I132W142016N-014D080+008+001G012X01
B1340004407280N00306463EA0184502036
LXVVT+204H406I119W141015N-017D080+006+002G009X01
B1340014407281N00306472EA0184302035
LXVVT+205H406I107W144013N-019D082+003+002G009X01
B1340024407282N00306481EA0184002032
LXVVT+206H406I106W147011N-016D084-004+001G009X02
B1340034407283N00306490EA0183602027
LXVVT+206H405I119W144012N-010D080-009-001G009X01
B1340044407284N00306500EA0183102023
LXVVT+206H404I132W128012N-006D080-005+001G011X02
B1340054407284N00306510EA0182902019
LXVVT+206H404I132W122013N-013D082+001+002G011X01
B1340064407284N00306520EA0182702017
LXVVT+206H403I126W120013N-022D079+005+001G011X02
B1340074407285N00306530EA0182602016
LXVVT+206H404I125W114014N-009D079+003-003G010X01
B1340084407285N00306539EA0182402015
LXVVT+207H403I120W112014N-003D080+001-002G010X01
B1340094407285N00306548EA0182302013
LXVVT+207H403I119W110014N-002D076-001+000G010X02
B1340104407286N00306558EA0182102011
LXVVT+207H403I115W108014N-005D077-003+002G009X01
B1340114407286N00306567EA0181902008
LXVVT+207H404I115W111013N-011D075-003+001G010X01
B1340124407286N00306577EA0181602005
LXVVT+207H403I127W112014N-009D077-004-002G010X03
B1340134407286N00306587EA0181302001
LXVVT+207H403I122W108013N-012D075+000-002G012X01
B1340144407286N00306597EA0181101999
LXVVT+207H403I118W112012N-012D078+001-001G008X01
B1340154407286N00306607EA0180901997
LXVVT+207H403I125W109011N-009D074+002-004G010X02
B1340164407287N00306616EA0180701996
LXVVT+207H402I120W107012N-006D079+004-004G011X01
B1340174407288N00306624EA0180601994
LXVVT+208H402I103W098010N-016D086+003+002G010X01
B1340184407289N00306633EA0180301991
LXVVT+208H402I097W085008N-020D085-001+005G009X02
B1340194407290N00306641EA0180001988
LXVVT+208H402I108W083008N-014D082-006+003G009X01
B1340204407291N00306650EA0179601984
LXVVT+208H401I118W084008N-013D084-006+002G010X04
B1340214407291N00306660EA0179201980
LXVVT+208H401I128W077010N-022D081-006-001G011X00
B1340224407292N00306670EA0178901976
LXVVT+209H401I122W070009N-012D088+000-001G010X01
B1340234407293N00306680EA0178701973
LXVVT+209H400I120W069007N-010D082+001-001G010X01
B1340244407295N00306691EA0178401971
LXVVT+209H400I121W063004N-019D086+002+000G010X01
B1340254407296N00306701EA0178101968
LXVVT+210H399I115W358004N-019D088+000+006G010X01
B1340264407297N00306712EA0177901965
LXVVT+210H400I125W338005N-012D087-002+005G011X01
B1340274407297N00306724EA0177601962
LXVVT+210H399I128W335006N-005D092-002+002G010X01
B1340284407298N00306735EA0177401960
LXVVT+210H398I129W332007N-008D088+002-004G011X01
B1340294407299N00306746EA0177301959
LXVVT+211H398I123W324008N-012D089+003-002G010X02
B1340304407300N00306757EA0177101957
LXVVT+211H396I120W318010N-010D086+004+001G011X01
B1340314407302N00306768EA0177001956
LXVVT+211H396I118W313010N+000D086+000+002G010X01
B1340324407303N00306778EA0177001956
LXVVT+212H395I121W313009N+012D091+000+002G010X01
B1340334407304N00306789EA0177001956
LXVVT+212H394I118W310008N+006D090+001+001G010X01
B1340344407305N00306799EA0176901955
LXVVT+212H394I114W309007N+000D091+000-002G009X02
B1340354407306N00306809EA0176801953
LXVVT+212H393I116W310006N+001D091-003-002G009X00
B1340364407308N00306819EA0176601951
LXVVT+213H392I117W309006N+000D094-004+001G010X00
B1340374407309N00306830EA0176401949
LXVVT+213H391I121W305007N-002D089-004+002G010X00
B1340384407310N00306841EA0176201947
LXVVT+213H390I129W300008N+000D089-002+001G011X01
B1340394407311N00306853EA0176001946
LXVVT+214H390I128W297009N+000D091+001+000G011X01
B1340404407313N00306865EA0176001945
LXVVT+213H390I125W291010N-001D085+004-002G010X00
B1340414407314N00306876EA0176001945
LXVVT+213H390I125W285010N+003D085+003-004G010X01
B1340424407316N00306887EA0176001945
LXVVT+214H389I115W279011N+006D087+002-002G010X01
B1340434407317N00306898EA0175901944
LXVVT+213H389I113W275012N+003D085+000+000G009X01
B1340444407319N00306908EA0175801943
LXVVT+214H389I115W275011N+001D087-002+000G010X01
B1340454407321N00306918EA0175601941
LXVVT+214H389I120W278010N+002D087-004+001G009X02
B1340464407323N00306929EA0175301938
LXVVT+214H388I124W285008N+001D086-002+001G010X02
B1340474407325N00306939EA0175101935
LXVVT+214H388I120W283008N-007D084-002+000G010X01
B1340484407327N00306950EA0174901933
LXVVT+214H388I123W280008N-009D083-001-002G012X04
B1340494407329N00306961EA0174701931
LXVVT+214H388I123W274009N-003D085+000-002G011X01
B1340504407331N00306972EA0174601931
LXVVT+215H388I124W274009N+002D092+002+004G011X03
B1340514407333N00306983EA0174601931
LXVVT+215H387I122W270009N+003D087+004+005G010X02
B1340524407334N00306994EA0174701932
LXVVT+215H387I130W271006N+011D092+000+002G010X01
B1340534407335N00307003EA0174701932
LXVVT+215H387I120W188013N+010D098+003+002G010X01
B1340544407337N00307012EA0174701932
LXVVT+215H386I113W178017N+001D091+002-001G009X01
B1340554407338N00307021EA0174601930
LXVVT+215H386I107W171017N-003D089-001-002G009X02
B1340564407339N00307029EA0174401928
LXVVT+216H385I100W171017N-009D094-006-002G009X02
B1340574407340N00307038EA0174001924
LXVVT+216H386I114W171017N-008D085-010-006G010X02
B1340584407343N00307049EA0173701920
LXVVT+216H385I131W167015N+002D081-008-008G011X01
B1340594407345N00307060EA0173401917
LXVVT+216H385I136W171016N-003D086+000-002G011X01
B1341004407348N00307072EA0173201916
LXVVT+217H384I127W183018N-019D086+007+009G011X01
B1341014407350N00307083EA0173201916
LXVVT+217H384I127W188018N-015D084+007+008G010X02
B1341024407351N00307094EA0173101915
LXVVT+217H383I118W189018N-002D089+003+001G009X00
B1341034407353N00307103EA0173001914
LXVVT+217H382I107W194018N-003D089-001-007G009X02
B1341044407355N00307113EA0172801911
LXVVT+218H383I106W201018N-008D088-003-006G009X02
B1341054407358N00307124EA0172401907
LXVVT+218H382I110W205020N-013D085-006+000G011X01
B1341064407360N00307134EA0172001903
LXVVT+219H382I111W209021N-017D091-003+011G010X01
B1341074407362N00307145EA0171701898
LXVVT+219H381I119W212021N-021D087+000+011G011X02
B1341084407362N00307156EA0171401895
LXVVT+219H381I121W211020N-023D087+001+002G012X01
B1341094407362N00307167EA0171101892
LXVVT+220H381I116W213020N-014D090+002-001G013X00
B1341104407362N00307177EA0171001890
LXVVT+219H381I116W210020N-002D092+001-003G011X02
B1341114407361N00307187EA0170901889
LXVVT+220H381I107W210020N-005D095+004+000G010X02
B1341124407360N00307195EA0170801889
LXVVT+220H380I098W208021N-009D097+004-007G009X02
B1341134407360N00307204EA0170601887
LXVVT+220H380I095W206021N-013D099-002-012G008X02
B1341144407360N00307212EA0170301883
LXVVT+220H380I096W201020N-019D095-007-010G009X01
B1341154407361N00307220EA0169801879
LXVVT+220H380I101W197017N-029D099-008-004G010X00
B1341164407362N00307229EA0169301874
LXVVT+221H380I111W193015N-032D098-006+005G011X00
B1341174407363N00307239EA0169001870
LXVVT+221H380I122W188014N-020D097-003+011G012X03
B1341184407363N00307249EA0168801866
LXVVT+221H379I121W183013N-012D098-001+007G011X03
B1341194407363N00307260EA0168701864
LXVVT+221H380I132W177015N+005D093+002-002G012X00
B1341204407362N00307270EA0168601866
LXVVT+221H379I128W171018N+017D095+003-005G011X02
B1341214407362N00307280EA0168701866
LXVVT+222H379I115W170018N+018D090+005-010G010X01
B1341224407363N00307288EA0168801866
LXVVT+222H378I096W171019N+006D097+006-008G010X01
B1341234407365N00307295EA0168801866
LXVVT+222H378I086W174019N-001D092-001+000G009X03
B1341244407367N00307303EA0168701866
LXVVT+223H377I077W181020N+006D101-003+010G012X03
B1341254407367N00307310EA0168601865
LXVVT+223H377I088W183021N+007D100-007+010G009X03
B1341264407367N00307318EA0168501864
LXVVT+223H377I107W173020N+012D104-007+004G011X03
B1341274407366N00307326EA0168501864
LXVVT+223H377I109W167021N+017D103-005-004G012X03
B1341284407366N00307334EA0168601866
LXVVT+223H377I113W165023N+015D101+006-002G012X02
B1341294407366N00307342EA0168901869
LXVVT+223H377I109W158026N+020D104+012-001G010X02
B1341304407367N00307347EA0169301873
LXVVT+223H376I087W157033N+018D105+009-001G009X03
B1341314407368N00307351EA0169501875
LXVVT+223H376I072W158040N+018D102-002-003G007X03
B1341324407369N00307355EA0169401874
LXVVT+223H375I079W151040N+014D092-012+002G008X02
B1341334407370N00307360EA0169201872
LXVVT+224H375I095W137037N+008D090-012+002G010X01
B1341344407372N00307366EA0169001870
LXVVT+223H375I112W126036N+000D085-013-002G010X00
B1341354407373N00307374EA0168701867
LXVVT+223H374I126W119036N-005D084-002-006G013X00
B1341364407375N00307383EA0168501866
LXVVT+223H374I128W122035N+009D077+007-006G012X00
B1341374407377N00307391EA0168701867
LXVVT+223H375I120W124035N+026D078+013+000G011X03
B1341384407380N00307398EA0168901869
LXVVT+223H374I104W126035N+023D082+009+008G009X01
B1341394407382N00307403EA0169001870
LXVVT+223H374I096W125036N+010D087+002+011G008X01
B1341404407383N00307408EA0168901869
LXVVT+223H374I090W124037N+007D090-007+005G008X03
B1341414407383N00307414EA0168701866
LXVVT+224H373I095W124038N+001D093-010-005G009X02
B1341424407384N00307421EA0168301862
LXVVT+224H373I108W124038N-007D086-008-009G011X01
B1341434407386N00307429EA0168001859
LXVVT+224H372I123W126038N-007D080-004-005G014X00
B1341444407388N00307438EA0167901858
LXVVT+224H372I130W127037N+006D082+000-002G013X02
B1341454407390N00307447EA0168001859
LXVVT+224H372I120W131036N+011D085+007+003G011X01
B1341464407392N00307455EA0168201861
LXVVT+225H372I112W134035N+009D084+009+006G009X01
B1341474407394N00307461EA0168301863
LXVVT+225H371I101W133036N+009D089+006+008G009X02
B1341484407396N00307467EA0168301862
LXVVT+225H370I090W133036N+003D086-002+002G009X02
B1341494407397N00307472EA0168101860
LXVVT+225H370I094W132038N+001D092-010-005G008X01
B1341504407398N00307479EA0167701856
LXVVT+225H369I106W132038N-002D088-010-005G010X01
B1341514407400N00307487EA0167401852
LXVVT+225H369I134W130040N+004D082-011-004G012X03
B1341524407402N00307497EA0167201851
LXVVT+226H369I135W130041N+006D099+003+000G014X01
B1341534407403N00307507EA0167401853
LXVVT+226H369I134W133038N-002D086+013+003G011X07
B1341544407405N00307515EA0167701856
LXVVT+226H368I113W135036N-001D089+017+003G009X03
B1341554407406N00307522EA0167901859
LXVVT+226H368I096W136035N+010D088+006-004G009X05
B1341564407407N00307527EA0168001859
LXVVT+226H368I090W135036N+014D092-002-002G008X02
B1341574407409N00307533EA0168001858
LXVVT+226H368I086W135036N+013D091-010-001G009X02
B1341584407410N00307539EA0167701856
LXVVT+226H368I096W135036N+003D088-012+004G009X02
B1341594407411N00307546EA0167401852
LXVVT+227H368I112W135036N-002D090-009+001G011X01
B1342004407412N00307555EA0167101850
LXVVT+227H367I119W136035N-002D096-002-005G012X01
B1342014407413N00307565EA0167001848
LXVVT+227H367I128W139033N-003D081+002-006G012X01
B1342024407415N00307575EA0167101849
LXVVT+227H367I125W144033N+005D091+004-003G011X03
B1342034407417N00307584EA0167201851
LXVVT+228H367I118W152034N+016D096+005+002G011X01
B1342044407419N00307593EA0167401853
LXVVT+228H367I110W157034N+016D096+006+006G011X02
B1342054407421N00307601EA0167601855
LXVVT+228H366I103W159034N+015D089+004+006G009X01
B1342064407423N00307608EA0167701857
LXVVT+228H366I095W159034N+014D089-001+003G008X02
B1342074407425N00307615EA0167801857
LXVVT+228H365I095W159034N+013D089-005-002G008X02
B1342084407427N00307623EA0167601856
LXVVT+228H365I102W158034N+012D084-007-003G010X01
B1342094407429N00307631EA0167501854
LXVVT+229H365I111W157034N+008D084-007+000G010X01
B1342104407430N00307641EA0167301852
LXVVT+229H364I118W157034N+005D083-002+003G012X01
B1342114407432N00307650EA0167301852
LXVVT+229H364I129W157035N+005D076+002-001G011X01
B1342124407434N00307660EA0167401853
LXVVT+229H364I130W151032N+010D072+007-008G013X02
B1342134407436N00307667EA0167601855
LXVVT+229H364I110W146032N+011D073+012-002G010X02
B1342144407438N00307673EA0167801857
LXVVT+229H364I091W143030N+004D067+010+004G008X01
B1342154407440N00307678EA0167901857
LXVVT+229H364I082W132027N+003D073-004+009G007X01
B1342164407441N00307683EA0167601855
LXVVT+229H364I086W129029N+006D081-017+005G008X03
B1342174407441N00307689EA0167201850
LXVVT+229H363I099W128032N-002D087-016+000G010X02
B1342184407442N00307697EA0166701845
LXVVT+229H363I114W129034N-023D082-007-005G012X02
B1342194407443N00307707EA0166301841
LXVVT+229H364I131W129033N-006D074-001-009G012X00
B1342204407444N00307717EA0166301840
LXVVT+229H364I134W128027N+017D077+007-012G012X05
B1342214407447N00307727EA0166401842
LXVVT+229H364I116W135025N+032D073+012-001G010X01
B1342224407449N00307736EA0166601844
LXVVT+229H365I101W143024N+003D094+013+013G009X01
B1342234407451N00307742EA0166701845
LXVVT+229H364I089W146022N-003D080+006+011G009X02
B1342244407452N00307748EA0166701845
LXVVT+230H364I090W145025N+014D091-006-001G009X02
B1342254407453N00307755EA0166601844
LXVVT+230H364I097W145031N+025D099-010-008G010X02
B1342264407454N00307762EA0166501844
LXVVT+230H364I104W146030N+013D096-006-002G011X03
B1342274407455N00307771EA0166601844
LXVVT+230H364I124W145031N+016D085+001+003G013X03
B1342284407456N00307780EA0166801847
LXVVT+230H364I126W145033N+022D097+007+005G012X02
B1342294407456N00307788EA0167101850
LXVVT+230H365I118W145035N+027D092+008-001G010X02
B1342304407457N00307795EA0167501854
LXVVT+230H365I100W145036N+023D098+007-003G009X03
B1342314407459N00307801EA0167801856
LXVVT+230H364I082W147035N+024D097+000+001G009X04
B1342324407459N00307807EA0167801858
LXVVT+230H365I087W148034N+025D091-008+006G009X01
B1342334407460N00307814EA0167901858
LXVVT+230H364I106W148035N+029D086-008+003G011X03
B1342344407461N00307822EA0167901858
LXVVT+230H364I114W148036N+027D094-005-004G011X01
B1342354407461N00307830EA0168001859
LXVVT+230H364I111W148036N+014D101+002-003G011X01
B1342364407462N00307838EA0168001860
LXVVT+230H364I107W151035N+009D097+004+000G010X01
B1342374407462N00307847EA0168101861
LXVVT+230H364I110W152034N+014D094+001+001G010X01
B1342384407463N00307855EA0168201862
LXVVT+230H364I108W153033N+023D104+000+001G010X01
B1342394407464N00307863EA0168301862
LXVVT+230H364I099W153030N+014D106+001+002G009X01
B1342404407465N00307871EA0168301862
LXVVT+230H363I099W155028N+007D103-002+002G009X01
B1342414407465N00307880EA0168201862
LXVVT+231H363I105W157027N+015D102-006-001G010X01
B1342424407465N00307889EA0168201861
LXVVT+230H363I119W161026N+022D091-004-004G011X01
B1342434407467N00307899EA0168201862
LXVVT+230H363I130W157025N+026D091+000-007G012X02
B1342444407468N00307909EA0168401864
LXVVT+231H362I123W157025N+018D096+008+004G011X03
B1342454407469N00307918EA0168701867
LXVVT+231H361I113W158025N+016D091+011+005G010X02
B1342464407469N00307925EA0168901869
LXVVT+231H362I100W155026N+017D095+008+007G008X00
B1342474407469N00307932EA0169101870
LXVVT+230H361I086W156025N+017D095+000-001G009X05
B1342484407469N00307938EA0169001870
LXVVT+230H361I094W154026N+022D100-011-009G008X03
B1342494407469N00307946EA0168801868
LXVVT+230H361I106W153028N+021D099-012-010G011X01
B1342504407471N00307955EA0168601865
LXVVT+230H361I119W153028N+006D091-009-006G011X01
B1342514407473N00307965EA0168401864
LXVVT+230H361I129W155029N+002D096+000+002G013X01
B1342524407474N00307976EA0168401864
LXVVT+231H361I128W159028N+001D093+007+010G012X02
B1342534407475N00307986EA0168601866
LXVVT+230H362I125W162028N+010D089+010+005G010X02
B1342544407476N00307995EA0168801868
LXVVT+230H361I106W164027N+017D094+007-001G009X02
B1342554407477N00308003EA0169001870
LXVVT+230H361I093W168025N+014D089+001-005G009X02
B1342564407478N00308011EA0169001869
LXVVT+230H361I094W171026N+014D094-008-003G008X01
B1342574407479N00308020EA0168701868
LXVVT+230H360I098W174024N+005D100-007+007G010X01
B1342584407480N00308029EA0168601866
LXVVT+230H361I113W179025N-002D082-003+004G011X01
B1342594407481N00308040EA0168501865
LXVVT+230H361I116W181026N+006D088-002-009G011X02
B1343004407483N00308051EA0168501865
LXVVT+231H360I115W189026N+011D085+003-005G013X02
B1343014407485N00308062EA0168701866
LXVVT+230H361I120W193031N+019D084+001+003G010X02
B1343024407487N00308074EA0168801868
LXVVT+231H361I112W200030N+022D096+002+011G011X01
B1343034407488N00308085EA0169001870
LXVVT+230H361I113W207029N+022D092+004+010G011X01
B1343044407488N00308096EA0169301873
LXVVT+230H361I112W208029N+029D101+002+001G010X02
B1343054407488N00308106EA0169601875
LXVVT+230H361I099W213028N+030D098+001-005G009X02
B1343064407489N00308116EA0169801877
LXVVT+230H361I099W216029N+026D090-001-008G010X02
B1343074407491N00308126EA0169801878
LXVVT+230H360I093W217033N+015D090-001-003G010X02
B1343084407493N00308136EA0169801878
LXVVT+231H360I094W218037N+011D089-003+003G010X03
B1343094407495N00308147EA0169701878
LXVVT+231H360I104W219038N+017D092+000+015G011X00
B1343104407495N00308158EA0169901880
LXVVT+230H361I122W214039N+032D086+000+000G012X02
B1343114407496N00308168EA0170201882
LXVVT+230H360I112W207042N+040D098+005-009G010X02
B1343124407497N00308178EA0170501885
LXVVT+230H360I101W206041N+022D092+005-009G010X03
B1343134407500N00308187EA0170601887
LXVVT+230H360I096W204040N+019D090+002+002G010X01
B1343144407501N00308196EA0170701888
LXVVT+230H360I098W203039N+026D087-005+009G009X01
B1343154407503N00308206EA0170801888
LXVVT+229H360I106W203039N+029D091-010+005G009X01
B1343164407504N00308217EA0170801888
LXVVT+230H360I112W203039N+025D106-005+001G011X01
B1343174407505N00308228EA0170901889
LXVVT+229H361I126W204039N+020D095+004+000G013X03
B1343184407506N00308240EA0171201893
LXVVT+229H361I132W200039N+031D094+007-002G011X02
B1343194407508N00308250EA0171601897
LXVVT+228H362I114W198039N+036D095+008-002G010X01
B1343204407509N00308260EA0172001901
LXVVT+228H363I096W199039N+029D094+004+001G008X02
B1343214407511N00308269EA0172101902
LXVVT+228H363I095W199039N+028D094-005+004G008X01
B1343224407512N00308278EA0172101902
LXVVT+228H363I098W202039N+024D100-010+002G010X03
B1343234407513N00308289EA0172001901
LXVVT+227H364I112W204038N+021D099-009+000G010X01
B1343244407514N00308301EA0172001901
LXVVT+227H365I124W205039N+018D085-003-005G012X02
B1343254407516N00308313EA0172101902
LXVVT+227H365I130W205039N+019D080+005-013G013X02
B1343264407518N00308325EA0172401905
LXVVT+227H365I120W204037N+020D085+011-004G011X02
B1343274407521N00308334EA0172701908
LXVVT+226H366I100W204036N+021D081+005+006G008X03
B1343284407523N00308344EA0172801909
LXVVT+226H366I090W206038N+018D094-004+004G008X02
B1343294407525N00308353EA0172701909
LXVVT+227H365I096W208039N+019D099-008+002G010X02
B1343304407527N00308364EA0172601909
LXVVT+227H366I114W208039N+021D091-008+001G011X02
B1343314407528N00308376EA0172601908
LXVVT+226H366I128W206039N+025D093-004-003G011X02
B1343324407530N00308388EA0172701909
LXVVT+226H367I124W208040N+015D085+004-005G011X01
B1343334407532N00308400EA0173001911
LXVVT+226H367I119W209041N+017D088+005-005G011X01
B1343344407535N00308412EA0173201914
LXVVT+226H367I117W210042N+029D091+006+000G012X04
B1343354407537N00308423EA0173501918
LXVVT+226H367I107W210042N+032D088+005+006G010X02
B1343364407539N00308433EA0173901922
LXVVT+225H368I101W209042N+039D094+002+007G008X01
B1343374407541N00308442EA0174101924
LXVVT+225H368I099W206043N+031D089-002+001G010X01
B1343384407542N00308451EA0174301926
LXVVT+225H367I103W202043N+037D090-008-004G009X01
B1343394407544N00308461EA0174401927
LXVVT+225H368I105W202043N+036D089-006-003G010X02
B1343404407546N00308472EA0174501929
LXVVT+225H368I118W201040N+026D081-001-005G011X02
B1343414407548N00308483EA0174701931
LXVVT+225H368I118W199037N+029D084+001-002G010X01
B1343424407551N00308493EA0174901933
LXVVT+224H369I112W199037N+026D083+004-002G011X00
B1343434407553N00308502EA0175101935
LXVVT+225H369I102W198036N+017D090+005+005G010X02
B1343444407555N00308511EA0175201936
LXVVT+224H369I096W197036N+017D083+000+002G009X01
B1343454407557N00308520EA0175201936
LXVVT+224H370I098W196035N+017D089-005+001G009X01
B1343464407559N00308529EA0175101935
LXVVT+225H369I104W195035N+018D093-006+001G011X01
B1343474407560N00308539EA0175001934
LXVVT+224H370I112W195035N+014D094-004+003G011X01
B1343484407561N00308550EA0175001934
LXVVT+224H370I121W194035N+013D088+000+002G012X02
B1343494407562N00308561EA0175101935
LXVVT+224H370I122W192035N+022D093+003+001G010X01
B1343504407564N00308571EA0175301937
LXVVT+224H370I112W193035N+014D089+007-003G010X01
B1343514407565N00308580EA0175401938
LXVVT+224H370I100W193035N+009D090+003-005G008X01
B1343524407567N00308589EA0175301937
LXVVT+224H370I097W193034N+010D091-002-001G009X02
B1343534407569N00308597EA0175201936
LXVVT+224H370I098W193035N+007D088-008+004G009X03
B1343544407570N00308607EA0174901933
LXVVT+224H370I110W192035N+007D091-009+003G010X01
B1343554407572N00308618EA0174701930
LXVVT+224H370I120W192035N+002D088-002+001G012X01
B1343564407573N00308629EA0174601929
LXVVT+224H371I129W190031N+005D079+003-004G012X02
B1343574407575N00308639EA0174601929
LXVVT+223H370I118W188028N+003D078+007-008G011X01
B1343584407577N00308648EA0174601929
LXVVT+224H370I101W189027N-002D080+007-003G009X01
B1343594407579N00308657EA0174601929
LXVVT+224H371I095W190028N+000D083-002+001G008X02
B1344004407581N00308665EA0174401927
LXVVT+224H371I099W192028N+004D085-008+004G010X01
B1344014407583N00308675EA0174101924
LXVVT+224H371I111W191027N+003D085-008+004G010X01
B1344024407585N00308686EA0173901922
LXVVT+223H371I116W193028N+000D090-002+004G012X01
B1344034407586N00308697EA0173801920
LXVVT+224H371I118W196027N-005D093+003+007G011X03
B1344044407587N00308707EA0173701920
LXVVT+223H371I114W200025N-005D097+004+005G010X01
B1344054407587N00308718EA0173601919
LXVVT+224H372I113W202025N+001D094+003+000G010X01
B1344064407588N00308727EA0173601919
LXVVT+224H372I109W202025N+007D096+000-003G010X02
B1344074407589N00308737EA0173501918
LXVVT+224H372I104W204024N+004D093-001-002G010X01
B1344084407590N00308747EA0173401917
LXVVT+224H372I111W205024N+003D088-003-003G010X01
B1344094407591N00308758EA0173301916
LXVVT+224H371I113W204024N+006D093-001+000G010X01
B1344104407592N00308768EA0173201915
LXVVT+224H371I113W204024N+005D089+001+001G010X02
B1344114407594N00308778EA0173101914
LXVVT+224H371I109W205024N-004D087+004-002G010X01
B1344124407596N00308788EA0173101913
LXVVT+224H371I101W206026N-005D081+002-006G010X01
B1344134407598N00308797EA0173001911
LXVVT+224H371I103W206025N+004D079-004-006G010X00
B1344144407601N00308807EA0172701909
LXVVT+225H370I107W205024N+002D090-004+001G010X00
B1344154407603N00308817EA0172601908
LXVVT+225H370I110W205024N-005D091-002+009G010X01
B1344164407605N00308827EA0172401906
LXVVT+225H370I119W203024N-003D092-002+011G010X03
B1344174407606N00308838EA0172201904
LXVVT+225H370I116W203024N-004D104+003+006G012X01
B1344184407607N00308848EA0172101903
LXVVT+226H370I106W210023N-013D091+007+006G010X02
B1344194407607N00308858EA0172101902
LXVVT+225H371I110W209021N-010D090+005-005G010X02
B1344204407608N00308867EA0172001901
LXVVT+226H371I097W207021N-007D094+003-011G010X01
B1344214407610N00308876EA0171801899
LXVVT+226H371I087W210022N-013D088-001-011G009X05
B1344224407612N00308885EA0171401896
LXVVT+227H371I100W210021N-011D086-004-004G011X02
B1344234407615N00308894EA0171201893
LXVVT+227H371I114W211018N+001D074-004+003G011X01
B1344244407618N00308903EA0171001892
LXVVT+226H371I126W225009N+005D077-001+002G011X02
B1344254407621N00308913EA0171001891
LXVVT+227H371I114W219008N-005D083+005+003G011X01
B1344264407624N00308921EA0171001891
LXVVT+227H370I101W211008N-007D082+006+003G009X01
B1344274407626N00308930EA0171001890
LXVVT+228H369I092W211009N-005D086+001+005G009X02
B1344284407628N00308938EA0170801889
LXVVT+228H368I096W211009N+000D084-005+003G009X01
B1344294407630N00308947EA0170601887
LXVVT+228H368I109W207008N+010D083-009-002G011X02
B1344304407632N00308956EA0170401885
LXVVT+227H368I117W202007N+011D080-006-005G011X01
B1344314407635N00308966EA0170401884
LXVVT+228H368I120W204008N+002D080+002-008G011X01
B1344324407639N00308976EA0170401884
LXVVT+228H366I114W206010N-004D077+007-003G011X01
B1344334407642N00308985EA0170401885
LXVVT+228H366I104W207013N-001D074+004+005G009X01
B1344344407646N00308994EA0170401885
LXVVT+228H366I103W207016N+007D069-002+005G009X01
B1344354407649N00309003EA0170401884
LXVVT+228H366I107W207017N+012D069-007-001G009X01
B1344364407652N00309013EA0170201883
LXVVT+228H366I111W207018N+010D067-006-005G011X01
B1344374407656N00309023EA0170101881
LXVVT+228H366I114W207021N+005D071-002-003G010X00
B1344384407660N00309033EA0170001880
LXVVT+228H366I115W209023N-001D069+001+002G011X02
B1344394407664N00309044EA0170001880
LXVVT+228H367I115W209026N+000D071+002+005G010X01
B1344404407668N00309055EA0170001880
LXVVT+227H367I116W211026N+005D075+002+005G010X01
B1344414407671N00309065EA0169901879
LXVVT+227H368I116W208026N+007D078+001+001G010X01
B1344424407674N00309074EA0169801878
LXVVT+227H369I110W206027N+004D081+000-001G010X03
B1344434407677N00309084EA0169701877
LXVVT+227H370I121W198026N+008D077-004-004G010X02
B1344444407680N00309093EA0169601876
LXVVT+227H371I120W190027N+011D083-002-001G011X01
B1344454407684N00309103EA0169601876
LXVVT+226H372I125W184027N+014D077+000+000G010X03
B1344464407688N00309112EA0169701877
LXVVT+226H373I116W180028N+010D080+005+002G011X02
B1344474407691N00309120EA0169801878
LXVVT+226H373I107W177028N+008D079+005+004G009X01
B1344484407694N00309128EA0170001879
LXVVT+225H374I096W173031N+009D082+005+003G010X01
B1344494407697N00309133EA0170001880
LXVVT+225H375I085W169040N+014D097-002+001G009X02
B1344504407699N00309139EA0169901880
LXVVT+225H376I080W167050N+011D102-007-002G010X03
B1344514407701N00309145EA0169901879
LXVVT+225H376I098W165056N+010D106-008-004G011X03
B1344524407703N00309151EA0169901879
LXVVT+226H376I100W164063N+017D116-001+004G012X00
B1344534407703N00309156EA0170001879
LXVVT+226H376I086W164064N+009D138+001+025G010X01
B1344544407702N00309159EA0169901878
LXVVT+226H377I090W163060N-004D159-003+030G010X02
B1344554407699N00309158EA0169701876
LXVVT+226H376I106W163061N+002D194-006+027G012X02
B1344564407695N00309153EA0169601874
LXVVT+227H376I118W163061N+016D215-004+028G013X02
B1344574407693N00309145EA0169501874
LXVVT+227H375I118W162061N+002D235+003+029G012X01
B1344584407694N00309134EA0169501874
LXVVT+226H376I108W161062N-011D248+010+022G011X01
B1344594407696N00309124EA0169601875
LXVVT+226H376I095W160063N-007D251+011+001G010X01
B1345004407698N00309115EA0169601876
LXVVT+226H376I081W159063N-003D254+002-012G009X04
B1345014407698N00309107EA0169401874
LXVVT+226H376I089W159063N+002D244-013-013G008X03
B1345024407698N00309098EA0169201872
LXVVT+226H376I098W159063N+004D243-005-001G012X02
B1345034407697N00309089EA0169001870
LXVVT+227H375I105W159063N-008D230+003+006G011X02
B1345044407696N00309080EA0169001869
LXVVT+226H375I107W159063N-012D230+006+002G010X02
B1345054407695N00309072EA0169001868
LXVVT+226H374I105W160064N-002D228+004-007G010X02
B1345064407694N00309065EA0168901868
LXVVT+226H375I095W160064N+002D220+002-009G010X02
B1345074407692N00309060EA0168801866
LXVVT+227H374I093W160064N-001D215+001-002G009X00
B1345084407690N00309054EA0168601864
LXVVT+227H373I091W160062N-010D215-001+004G009X02
B1345094407687N00309049EA0168201861
LXVVT+228H372I100W159061N-015D212-003+007G010X01
B1345104407684N00309042EA0167901857
LXVVT+228H372I106W159060N-014D208-003+007G010X01
B1345114407681N00309035EA0167501853
LXVVT+228H371I114W158059N-012D210+000+005G011X00
B1345124407678N00309027EA0167301850
LXVVT+228H371I119W157059N-013D209+002+001G011X01
B1345134407674N00309019EA0167101848
LXVVT+229H370I111W156058N-017D226+005+006G011X01
B1345144407671N00309011EA0167001847
LXVVT+229H369I112W153057N-014D216+007+003G012X03
B1345154407668N00309004EA0167001847
LXVVT+229H369I118W155058N+003D212+002-006G010X02
B1345164407665N00308998EA0167001847
LXVVT+229H369I106W154057N+013D213-001-009G010X02
B1345174407660N00308992EA0166901846
LXVVT+229H368I105W153052N+002D205+003-005G010X02
B1345184407656N00308987EA0166901846
LXVVT+229H368I103W151046N-004D202+003+004G010X01
B1345194407651N00308982EA0166801845
LXVVT+229H367I104W149043N+000D201-001+009G010X01
B1345204407647N00308976EA0166601844
LXVVT+229H367I112W150043N+004D205-002+009G010X01
B1345214407644N00308969EA0166401842
LXVVT+230H366I112W151043N-003D212+001+007G011X01
B1345224407640N00308963EA0166301841
LXVVT+230H366I119W154044N-007D207+003+000G010X02
B1345234407637N00308956EA0166201839
LXVVT+230H365I116W157046N-006D207+001-004G009X01
B1345244407633N00308950EA0166001836
LXVVT+230H364I113W158046N-006D209-001-001G010X01
B1345254407629N00308943EA0165601833
LXVVT+231H363I121W159047N-005D209-004+002G011X01
B1345264407625N00308936EA0165401831
LXVVT+231H363I126W159047N-003D207-001+003G011X00
B1345274407621N00308929EA0165301828
LXVVT+231H363I126W160048N-001D208+002+000G010X01
B1345284407617N00308922EA0165001826
LXVVT+231H364I119W159048N-013D216+004+004G009X01
B1345294407614N00308914EA0164801824
LXVVT+232H363I109W156048N-024D214+003+004G009X02
B1345304407611N00308907EA0164501820
LXVVT+232H362I107W154047N-024D215+001+003G009X01
B1345314407607N00308899EA0164101816
LXVVT+232H362I113W154047N-017D211-003-003G010X01
B1345324407604N00308892EA0163701811
LXVVT+232H362I120W155048N-014D212-005-005G010X01
B1345334407600N00308883EA0163301807
LXVVT+232H362I129W155047N-014D206-004-005G010X01
B1345344407595N00308875EA0163001803
LXVVT+232H362I133W154047N-019D210+003-005G012X01
B1345354407590N00308867EA0162701801
LXVVT+233H361I129W151046N-021D206+005+000G011X02
B1345364407585N00308859EA0162601800
LXVVT+234H361I123W150044N-012D210+006+004G011X01
B1345374407581N00308852EA0162501800
LXVVT+234H360I120W147043N-007D210+005+006G010X02
B1345384407577N00308844EA0162501799
LXVVT+234H360I119W148044N-001D208+003+001G010X01
B1345394407574N00308836EA0162401798
LXVVT+234H360I110W149046N+003D207-001-005G009X02
B1345404407571N00308828EA0162201796
LXVVT+234H360I109W149046N-006D205-003-006G009X01
B1345414407567N00308820EA0162001793
LXVVT+234H360I111W149046N-010D209-006+000G009X01
B1345424407563N00308811EA0161501789
LXVVT+235H359I114W146045N-014D214-007+005G010X02
B1345434407560N00308802EA0161201785
LXVVT+235H358I131W145045N-020D207-001+001G014X02
B1345444407555N00308791EA0161001783
LXVVT+236H358I141W148045N-001D210+002-003G012X04
B1345454407551N00308782EA0161001784
LXVVT+236H358I128W148048N+025D209+010-004G012X00
B1345464407548N00308774EA0161201785
LXVVT+236H357I114W147049N+019D203+010-006G009X03
B1345474407545N00308767EA0161201785
LXVVT+236H357I097W147049N+009D207+004+001G008X01
B1345484407542N00308761EA0161001784
LXVVT+237H357I086W145048N-006D206-004+007G008X02
B1345494407539N00308754EA0160701780
LXVVT+237H356I103W146048N-009D202-011+005G009X01
B1345504407536N00308746EA0160301775
LXVVT+237H356I119W150050N+001D201-013-001G010X00
B1345514407533N00308737EA0160001771
LXVVT+237H356I125W151052N-007D201-004-008G012X01
B1345524407528N00308729EA0159601768
LXVVT+238H355I125W149051N-024D208+004-006G012X01
B1345534407524N00308720EA0159401765
LXVVT+238H355I119W141056N-031D213+006+008G011X01
B1345544407519N00308711EA0159201764
LXVVT+238H354I122W139056N-016D207+004+006G010X02
B1345554407516N00308702EA0159101763
LXVVT+238H354I120W139057N-003D212+003-002G010X01
B1345564407513N00308693EA0159001761
LXVVT+239H354I106W137057N-007D214+001-002G010X03
B1345574407509N00308684EA0158701759
LXVVT+239H353I106W135059N-014D211-002+000G010X02
B1345584407506N00308675EA0158601756
LXVVT+239H353I124W136061N+005D205-005-003G010X04
B1345594407502N00308667EA0158401754
LXVVT+239H352I125W138063N+011D210-001-005G011X01
B1346004407498N00308658EA0158301753
LXVVT+240H352I117W137063N-006D215+003+003G010X02
B1346014407495N00308649EA0158101752
LXVVT+240H351I118W137064N-014D211+002+006G009X03
B1346024407491N00308640EA0157901749
LXVVT+240H351I119W137064N-006D213-001+003G010X01
B1346034407488N00308630EA0157701747
LXVVT+240H351I118W138064N-002D218-002+000G010X01
B1346044407485N00308620EA0157501744
LXVVT+241H350I119W137065N-007D218-002-002G010X01
B1346054407481N00308610EA0157201742
LXVVT+241H350I121W136066N-009D221-002+000G009X01
B1346064407478N00308600EA0157001739
LXVVT+242H349I120W134067N-008D221+001+000G009X02
B1346074407474N00308590EA0156801737
LXVVT+242H349I122W132068N-009D219+003-001G011X02
B1346084407470N00308579EA0156701736
LXVVT+242H348I127W132068N-006D213+001-004G010X01
B1346094407466N00308570EA0156501734
LXVVT+242H349I131W133069N+003D215+001-001G010X02
B1346104407462N00308560EA0156401733
LXVVT+242H348I123W134070N+000D217+002+004G010X01
B1346114407459N00308550EA0156301732
LXVVT+242H347I120W134070N-004D214+001+002G010X01
B1346124407456N00308541EA0156201730
LXVVT+243H347I120W134071N-003D212-001-002G010X01
B1346134407452N00308531EA0156001728
LXVVT+242H347I118W134070N-003D209-004-006G009X01
B1346144407448N00308522EA0155701725
LXVVT+243H346I124W134069N-003D206-004-006G010X01
B1346154407443N00308513EA0155501722
LXVVT+243H346I125W132066N-008D208+000-003G011X01
B1346164407438N00308503EA0155201720
LXVVT+244H345I127W131066N-012D209+001+005G011X02
B1346174407434N00308493EA0155001718
LXVVT+244H345I127W130065N-014D206+003+004G011X01
B1346184407430N00308483EA0154801716
LXVVT+244H345I124W130065N-009D215+002+002G009X01
B1346194407426N00308473EA0154601714
LXVVT+245H344I118W130065N-008D219+003+002G011X01
B1346204407423N00308464EA0154501713
LXVVT+245H343I121W130065N-009D209+002-001G011X01
B1346214407419N00308455EA0154401712
LXVVT+245H343I123W132068N+003D208-001-005G009X00
B1346224407416N00308446EA0154301711
LXVVT+245H342I116W133069N-004D217+003+002G010X03
B1346234407412N00308438EA0154201709
LXVVT+246H342I115W134069N-013D206+003+001G009X01
B1346244407409N00308429EA0154001707
LXVVT+246H341I116W135073N-005D207-001-001G010X01
B1346254407406N00308421EA0153801705
LXVVT+246H341I118W137074N-002D209-003+000G010X02
B1346264407403N00308413EA0153601703
LXVVT+246H340I116W138074N-004D210-002+001G009X02
B1346274407400N00308405EA0153401700
LXVVT+246H340I116W139075N-009D213+001+000G010X01
B1346284407397N00308397EA0153101697
LXVVT+247H339I115W141073N-016D216+000+001G010X03
B1346294407394N00308389EA0152801694
LXVVT+247H338I110W142073N-021D212-001+000G010X01
B1346304407391N00308380EA0152501690
LXVVT+247H337I119W142073N-018D211-003-004G010X02
B1346314407388N00308373EA0152101686
LXVVT+248H337I124W144074N-015D216-002-002G010X02
B1346324407384N00308364EA0151701682
LXVVT+248H336I115W144074N-021D222+001+008G011X02
B1346334407381N00308356EA0151501680
LXVVT+248H336I121W143074N-021D209+002+003G011X01
B1346344407378N00308347EA0151301678
LXVVT+248H335I122W143075N-012D212+002-003G010X01
B1346354407375N00308338EA0151101675
LXVVT+248H335I115W143074N-014D213+002-005G009X01
B1346364407372N00308330EA0150801672
LXVVT+249H335I110W141074N-019D213+000-002G010X01
B1346374407368N00308322EA0150501669
LXVVT+249H335I113W140073N-019D214-004+002G009X01
B1346384407365N00308314EA0150101665
LXVVT+249H334I119W139073N-016D215-003+003G011X01
B1346394407361N00308305EA0149801661
LXVVT+249H334I122W139073N-016D218-002+003G011X01
B1346404407357N00308295EA0149501658
LXVVT+249H334I131W140073N-006D218+002+000G013X02
B1346414407354N00308286EA0149401656
LXVVT+250H334I125W141072N-005D214+004+001G011X02
B1346424407351N00308278EA0149401656
LXVVT+250H335I122W142074N-001D208+005-005G010X01
B1346434407348N00308270EA0149301656
LXVVT+250H334I118W142075N+000D209+002-005G009X01
B1346444407345N00308263EA0149201654
LXVVT+250H335I117W142076N+000D211+001+000G011X02
B1346454407342N00308256EA0149101653
LXVVT+251H335I123W145078N+008D214-002+005G010X02
B1346464407339N00308249EA0149001652
LXVVT+251H334I115W147078N+001D212-001+007G009X01
B1346474407337N00308242EA0148901650
LXVVT+251H334I113W148079N-012D204+002+000G009X01
B1346484407335N00308235EA0148701648
LXVVT+251H334I115W149085N-011D203+000-007G009X01
B1346494407333N00308228EA0148401645
LXVVT+251H333I108W150087N-011D211-003-004G009X02
B1346504407331N00308222EA0148001641
LXVVT+251H334I105W149086N-023D207-005+001G009X01
B1346514407328N00308214EA0147601636
LXVVT+251H333I117W149085N-024D199-007+000G010X01
B1346524407324N00308206EA0147201632
LXVVT+252H333I129W149083N-009D201-007-001G011X01
B1346534407320N00308198EA0146801628
LXVVT+252H332I140W148082N-005D209-002+001G012X01
B1346544407316N00308189EA0146701627
LXVVT+252H332I136W146082N-012D213+007+005G012X01
B1346554407312N00308180EA0146701627
LXVVT+252H332I131W146082N-010D208+010+000G010X03
B1346564407309N00308172EA0146801628
LXVVT+252H332I117W146082N-002D206+006-006G009X01
B1346574407306N00308166EA0146701627
LXVVT+253H332I098W144081N-003D214+003-001G009X02
B1346584407304N00308160EA0146601626
LXVVT+253H333I096W143079N-004D201-001+002G009X02
B1346594407301N00308153EA0146501625
LXVVT+253H332I109W143080N+005D203-006+001G010X01
B1347004407298N00308147EA0146401624
LXVVT+253H332I117W144080N+018D208-007+002G010X01
B1347014407294N00308139EA0146301623
LXVVT+253H332I118W144080N+010D206-002+003G011X01
B1347024407291N00308131EA0146301622
LXVVT+253H332I127W145080N+009D208-002+001G010X01
B1347034407288N00308122EA0146301622
LXVVT+253H332I127W146080N+012D214-001+001G011X02
B1347044407285N00308112EA0146301623
LXVVT+253H331I129W146080N+012D213+003+002G012X01
B1347054407283N00308103EA0146401624
LXVVT+253H331I130W147080N+019D210+003+000G010X03
B1347064407280N00308094EA0146601627
LXVVT+253H331I124W148083N+026D208+002-004G009X02
B1347074407278N00308086EA0146801628
LXVVT+253H331I115W148084N+016D203+004-006G010X01
B1347084407275N00308079EA0146901629
LXVVT+253H331I105W148083N+011D201-001-007G009X02
B1347094407273N00308073EA0146801628
LXVVT+253H331I098W147080N+009D202-005-002G010X01
B1347104407270N00308066EA0146701627
LXVVT+253H331I117W147078N+014D193-004-002G012X03
B1347114407266N00308060EA0146601627
LXVVT+253H331I122W147079N+016D200-002+002G011X01
B1347124407262N00308053EA0146701627
LXVVT+253H330I124W146079N+008D194+002+006G010X03
B1347134407259N00308045EA0146801628
LXVVT+253H330I121W146080N+005D192+004-002G011X01
B1347144407256N00308038EA0146901629
LXVVT+253H329I110W145080N+011D199+002-001G010X01
B1347154407253N00308030EA0147001630
LXVVT+253H329I108W144078N+015D197-001+001G011X02
B1347164407250N00308022EA0147101631
LXVVT+253H329I110W143078N+023D206-003+005G010X01
B1347174407247N00308014EA0147201632
LXVVT+253H329I112W142078N+023D200+000+006G011X02
B1347184407245N00308005EA0147401635
LXVVT+253H329I121W143080N+022D196+001-003G011X02
B1347194407242N00307996EA0147701638
LXVVT+252H329I126W143086N+034D198+005-013G011X03
B1347204407239N00307990EA0148001642
LXVVT+252H329I112W145088N+037D198+005-008G009X02
B1347214407237N00307985EA0148301645
LXVVT+252H330I081W144083N+017D200+010+015G009X04
B1347224407236N00307978EA0148501647
LXVVT+252H331I080W143083N+001D191+005+017G009X01
B1347234407236N00307971EA0148501647
LXVVT+252H330I089W148078N+019D209-010-003G011X01
B1347244407235N00307963EA0148601648
LXVVT+252H330I099W152075N+039D213-014-017G009X02
B1347254407233N00307956EA0148501648
LXVVT+252H330I113W153075N+025D206-003-013G013X02
B1347264407230N00307950EA0148701649
LXVVT+252H330I109W152074N+010D201+004+001G011X01
B1347274407227N00307945EA0148901652
LXVVT+251H330I109W152073N+020D199+005+008G010X02
B1347284407225N00307938EA0149201654
LXVVT+251H330I105W153074N+029D203-001+005G009X02
B1347294407223N00307932EA0149401656
LXVVT+251H330I107W154074N+034D204-004-002G010X00
B1347304407221N00307926EA0149501658
LXVVT+251H330I105W155074N+029D214-002-001G011X01
B1347314407218N00307919EA0149601659
LXVVT+251H330I098W153073N+020D207+000+001G010X01
B1347324407216N00307913EA0149701660
LXVVT+251H330I102W152073N+016D207+000+001G010X01
B1347334407213N00307906EA0149801661
LXVVT+251H331I101W152072N+021D213+000+003G010X01
B1347344407211N00307900EA0149901662
LXVVT+251H331I100W151070N+019D206-002+001G009X02
B1347354407208N00307894EA0149901662
LXVVT+251H331I107W151070N+017D203-004-001G009X01
B1347364407205N00307888EA0149801661
LXVVT+251H331I106W150068N+016D200-005-002G010X02
B1347374407201N00307881EA0149801660
LXVVT+251H331I118W150066N+021D202-004-001G012X02
B1347384407197N00307874EA0149901661
LXVVT+250H332I123W148064N+027D203+002+002G012X01
B1347394407192N00307866EA0150101664
LXVVT+250H332I127W147064N+028D198+006+004G012X02
B1347404407188N00307859EA0150501668
LXVVT+250H332I115W147065N+036D199+008+002G011X02
B1347414407185N00307853EA0151001672
LXVVT+250H334I105W146063N+042D192+001-007G009X01
B1347424407182N00307848EA0151301676
LXVVT+250H334I093W145062N+043D201+001-007G011X03
B1347434407178N00307843EA0151601680
LXVVT+250H336I092W143059N+041D195+000+001G009X01
B1347444407175N00307839EA0151901683
LXVVT+250H336I098W142058N+036D193+000+005G010X01
B1347454407171N00307834EA0152201686
LXVVT+249H337I106W144059N+044D196-006+004G009X02
B1347464407168N00307830EA0152401689
LXVVT+250H337I105W146059N+045D207-005+002G011X02
B1347474407164N00307824EA0152701692
LXVVT+250H337I103W146059N+036D205+001+006G011X02
B1347484407161N00307818EA0153001695
LXVVT+250H336I106W146059N+031D199+003+006G010X03
B1347494407159N00307811EA0153401698
LXVVT+249H336I108W148061N+037D206+002+000G010X02
B1347504407156N00307805EA0153601701
LXVVT+250H336I093W147061N+036D207-002+000G010X06
B1347514407153N00307798EA0153801704
LXVVT+250H337I098W146061N+036D209-004+001G010X02
B1347524407150N00307791EA0154001706
LXVVT+249H336I109W146061N+042D200-007-004G010X02
B1347534407147N00307783EA0154201708
LXVVT+249H337I113W147062N+039D213+001-002G012X01
B1347544407144N00307775EA0154501711
LXVVT+249H337I100W143064N+023D206+011+008G011X01
B1347554407142N00307768EA0154901715
LXVVT+248H338I103W143067N+022D197+007-001G010X03
B1347564407140N00307761EA0155101718
LXVVT+248H337I095W143069N+035D209+000-009G009X02
B1347574407137N00307755EA0155201719
LXVVT+248H338I090W142069N+032D211-006-008G009X01
B1347584407134N00307748EA0155301720
LXVVT+248H337I096W140069N+025D204-005+000G010X01
B1347594407130N00307741EA0155401721
LXVVT+248H338I111W139066N+027D202-003+002G011X03
B1348004407126N00307734EA0155601723
LXVVT+247H339I128W140067N+040D203-002+002G011X02
B1348014407122N00307725EA0155901725
LXVVT+246H338I124W141067N+043D209+004+006G011X02
B1348024407118N00307717EA0156201729
LXVVT+246H339I117W141068N+033D205+005+000G010X01
B1348034407115N00307709EA0156601733
LXVVT+246H339I111W141068N+035D210+004-004G010X02
B1348044407112N00307702EA0156801736
LXVVT+246H339I096W139069N+032D207+002+000G009X02
B1348054407109N00307695EA0157001738
LXVVT+246H340I102W138067N+030D199+001+001G009X02
B1348064407105N00307688EA0157201740
LXVVT+246H341I097W136065N+032D206-002+002G010X03
B1348074407102N00307680EA0157401742
LXVVT+245H340I105W135065N+031D202-006-001G010X01
B1348084407098N00307672EA0157501743
LXVVT+245H341I111W135065N+034D205-004-002G010X01
B1348094407094N00307664EA0157601745
LXVVT+245H341I114W133065N+030D205+001+001G011X00
B1348104407090N00307656EA0157901747
LXVVT+244H342I115W132064N+029D201+003-001G011X01
B1348114407085N00307649EA0158101750
LXVVT+244H342I110W132063N+032D205+006+001G010X01
B1348124407082N00307642EA0158501754
LXVVT+243H342I104W131063N+034D200+005-001G010X01
B1348134407078N00307635EA0158801757
LXVVT+243H342I099W131063N+037D202+000-001G010X02
B1348144407075N00307629EA0159001760
LXVVT+242H343I107W133063N+046D204-003+004G010X04
B1348154407071N00307622EA0159301763
LXVVT+242H343I106W135064N+048D204-002+002G010X01
B1348164407068N00307616EA0159601766
LXVVT+242H344I109W137064N+041D202+001+000G009X01
B1348174407065N00307609EA0159901769
LXVVT+241H344I102W140065N+034D202+002+001G009X01
B1348184407063N00307603EA0160101771
LXVVT+241H345I092W140066N+024D194+001-002G009X03
B1348194407061N00307597EA0160201772
LXVVT+241H346I086W140067N+017D205-001-005G009X02
B1348204407058N00307591EA0160101772
LXVVT+241H346I089W139067N+017D208-005-002G009X01
B1348214407055N00307585EA0160101771
LXVVT+242H345I103W139068N+017D206-006+003G011X01
B1348224407051N00307578EA0160001771
LXVVT+241H347I118W140068N+022D201-002+002G012X02
B1348234407047N00307570EA0160201772
LXVVT+240H347I133W143070N+035D208+002+000G012X04
B1348244407044N00307563EA0160501775
LXVVT+240H348I112W145069N+026D212+010+002G011X03
B1348254407041N00307557EA0160801779
LXVVT+240H348I109W148067N+020D213+010+005G009X05
B1348264407039N00307552EA0161001781
LXVVT+240H349I098W151067N+022D208+001+002G008X01
B1348274407037N00307546EA0161101782
LXVVT+240H350I097W152069N+027D210-007-003G008X02
B1348284407035N00307541EA0160901781
LXVVT+240H351I107W155068N+026D213-010-003G009X02
B1348294407032N00307534EA0160801779
LXVVT+240H351I115W157067N+013D210-006+000G011X02
B1348304407029N00307527EA0160701778
LXVVT+239H352I128W158068N+010D211-001+002G011X02
B1348314407026N00307520EA0160701777
LXVVT+239H352I131W160068N+016D215+002+002G012X03
B1348324407023N00307512EA0160701778
LXVVT+240H352I125W160068N+016D217+002+002G011X01
B1348334407020N00307505EA0160801780
LXVVT+240H352I123W159068N+014D214+005+004G010X03
B1348344407018N00307497EA0160901781
LXVVT+240H353I115W159068N+013D217+004+003G011X01
B1348354407015N00307489EA0161101782
LXVVT+240H352I116W159068N+024D211-002-003G011X02
B1348364407012N00307481EA0161201784
LXVVT+239H353I111W159065N+029D203+000-007G012X00
B1348374407009N00307474EA0161401786
LXVVT+239H353I119W159065N+032D198-002-013G012X00
B1348384407006N00307468EA0161701789
LXVVT+238H353I110W159062N+040D213+006-004G012X01
B1348394407002N00307463EA0162101792
LXVVT+238H353I107W159058N+048D205+006+009G011X04
B1348404407000N00307456EA0162401796
LXVVT+238H354I109W160058N+042D208+000+007G009X03
B1348414406998N00307450EA0162701799
LXVVT+237H354I093W160058N+036D215-001+000G009X04
B1348424406996N00307444EA0162901801
LXVVT+237H355I097W159058N+029D213-003-007G010X06
B1348434406993N00307438EA0162901802
LXVVT+237H355I097W160058N+026D213-003-003G010X01
B1348444406991N00307432EA0163001803
LXVVT+237H355I101W159058N+025D210-007+003G011X02
B1348454406988N00307425EA0163101804
LXVVT+236H355I115W158058N+027D210-008+001G010X00
B1348464406985N00307416EA0163301805
LXVVT+236H356I132W161057N+040D213-003-002G012X01
B1348474406981N00307408EA0163601809
LXVVT+235H357I122W160057N+056D213+005-004G011X04
B1348484406978N00307401EA0164101814
LXVVT+235H357I120W161058N+059D214+008-007G010X02
B1348494406976N00307395EA0164401818
LXVVT+235H358I095W160056N+029D215+007-001G009X03
B1348504406973N00307389EA0164701821
LXVVT+235H358I090W159052N+028D207-001+001G008X01
B1348514406971N00307383EA0164801823
LXVVT+235H358I097W159051N+034D209-008+003G009X02
B1348524406968N00307377EA0164901823
LXVVT+235H359I109W160051N+037D212-009+001G009X02
B1348534406964N00307370EA0165001824
LXVVT+234H359I115W160051N+030D213-005-001G011X01
B1348544406961N00307362EA0165001824
LXVVT+234H359I117W158051N+021D216-001-001G011X00
B1348554406957N00307354EA0165201826
LXVVT+233H360I123W156051N+023D211+001-001G010X02
B1348564406953N00307347EA0165301827
LXVVT+233H361I116W154050N+025D215+006+001G011X02
B1348574406949N00307340EA0165501830
LXVVT+233H361I107W152048N+022D209+002-002G010X01
B1348584406946N00307333EA0165701832
LXVVT+233H362I110W152048N+028D215+000+001G010X02
B1348594406942N00307326EA0165801833
LXVVT+233H361I106W150048N+031D216-001+003G010X01
B1349004406939N00307319EA0166001835
LXVVT+232H362I115W151048N+033D215-005+002G010X02
B1349014406935N00307311EA0166101836
LXVVT+232H362I116W150048N+033D217-002+001G011X01
B1349024406931N00307303EA0166301838
LXVVT+232H362I116W149049N+031D217+001+000G010X01
B1349034406928N00307295EA0166501841
LXVVT+232H363I111W147047N+030D213+001-004G010X02
B1349044406924N00307288EA0166701843
LXVVT+232H363I106W145047N+027D222+003+001G010X01
B1349054406920N00307280EA0166901846
LXVVT+232H362I109W142049N+026D210+002+005G010X01
B1349064406916N00307272EA0167201848
LXVVT+231H363I113W142051N+033D209+001+001G010X01
B1349074406913N00307265EA0167401850
LXVVT+231H364I106W142052N+034D213-001-004G009X02
B1349084406910N00307258EA0167401850
LXVVT+231H363I103W143052N+020D215+000-004G010X01
B1349094406907N00307251EA0167501851
LXVVT+231H364I101W142052N+014D210-002-002G009X01
B1349104406903N00307244EA0167401850
LXVVT+231H364I111W143054N+018D204-005-004G010X02
B1349114406899N00307238EA0167301849
LXVVT+231H364I106W143054N+008D211-002-002G010X01
B1349124406895N00307232EA0167201848
LXVVT+231H365I107W143054N+002D211+003+002G010X03
B1349134406892N00307226EA0167101847
LXVVT+230H365I108W145055N-003D214+001+007G009X01
B1349144406889N00307220EA0166901845
LXVVT+230H365I105W149053N+004D219-002+007G010X01
B1349154406886N00307214EA0166701843
LXVVT+230H366I105W150052N+001D222-004+000G009X01
B1349164406882N00307207EA0166401840
LXVVT+230H366I111W153050N-006D225-004+000G009X01
B1349174406879N00307199EA0166101836
LXVVT+230H366I119W153050N-005D226-004+001G011X01
B1349184406875N00307191EA0165801833
LXVVT+230H366I133W154049N-001D225+002+002G014X01
B1349194406871N00307182EA0165901833
LXVVT+230H367I135W154050N+010D216+006-005G014X02
B1349204406866N00307175EA0166101836
LXVVT+230H367I118W154049N+017D221+010-006G011X03
B1349214406862N00307169EA0166301839
LXVVT+231H367I108W154045N+011D216+009+003G009X01
B1349224406859N00307163EA0166501841
LXVVT+231H366I105W154047N+017D217+006+010G009X01
B1349234406857N00307157EA0166501842
LXVVT+231H366I093W156048N+013D216-002+011G009X03
B1349244406856N00307151EA0166501841
LXVVT+231H365I098W162046N+007D217-005+005G008X01
B1349254406855N00307144EA0166301839
LXVVT+231H365I107W178040N+010D224-006-011G010X02
B1349264406852N00307138EA0166101836
LXVVT+231H366I099W181039N+000D223-007-018G012X03
B1349274406848N00307132EA0165801834
LXVVT+231H366I115W180038N+003D217-003-009G012X00
B1349284406843N00307126EA0165801834
LXVVT+230H366I123W182034N+017D207+003-001G012X01
B1349294406838N00307120EA0166001835
LXVVT+230H366I119W182032N+030D214+005+003G010X02
B1349304406834N00307114EA0166201837
LXVVT+231H366I099W177028N+016D223+006+012G009X01
B1349314406831N00307108EA0166301838
LXVVT+231H366I103W173027N+002D214+006+004G010X02
B1349324406828N00307102EA0166301838
LXVVT+230H366I098W173027N+008D226+000-003G010X02
B1349334406825N00307096EA0166201838
LXVVT+231H366I091W171027N+011D227-003-003G009X01
B1349344406821N00307090EA0166101837
LXVVT+231H365I095W168025N-001D217-005-002G009X01
B1349354406817N00307083EA0165901835
LXVVT+231H365I105W166024N+004D216-004-001G010X00
B1349364406813N00307077EA0165801833
LXVVT+231H365I111W163023N+009D215-004-004G011X01
B1349374406808N00307070EA0165701832
LXVVT+231H365I114W160021N+004D216+001-003G010X02
B1349384406803N00307063EA0165701832
LXVVT+231H365I115W156019N+005D217+003+002G010X02
B1349394406798N00307057EA0165701832
LXVVT+231H365I125W160020N+016D218+002+005G013X02
B1349404406793N00307050EA0165901835
LXVVT+230H365I129W172020N+036D220+000+005G011X02
B1349414406790N00307042EA0166301838
LXVVT+230H365I111W177020N+040D224+006+003G011X03
B1349424406787N00307036EA0166701842
LXVVT+230H365I093W173020N+029D223+008+000G010X01
B1349434406785N00307030EA0167001845
LXVVT+230H366I086W174020N+027D230+003-002G010X02
B1349444406783N00307024EA0167201848
LXVVT+230H366I080W168021N+035D230-006+001G010X02
B1349454406780N00307017EA0167401850
LXVVT+230H365I097W169021N+036D223-010+003G010X01
B1349464406778N00307009EA0167501851
LXVVT+229H366I104W170022N+033D228-007+002G011X01
B1349474406775N00307001EA0167701854
LXVVT+229H366I115W172022N+032D231+000-002G011X04
B1349484406773N00306993EA0168001857
LXVVT+229H366I112W176023N+027D227+007-002G011X01
B1349494406771N00306986EA0168301861
LXVVT+229H366I100W178025N+031D225+004-003G009X01
B1349504406769N00306981EA0168601863
LXVVT+229H366I087W176028N+029D224+000-007G009X02
B1349514406767N00306975EA0168801865
LXVVT+229H366I082W176028N+025D224-005-003G008X02
B1349524406764N00306970EA0168801865
LXVVT+229H366I095W175028N+023D232-009+003G009X03
B1349534406761N00306963EA0168701865
LXVVT+230H366I113W177029N+025D231-008+006G011X02
B1349544406757N00306954EA0168701865
LXVVT+229H366I125W176029N+027D231-004+002G013X02
B1349554406753N00306945EA0168901867
LXVVT+229H366I132W170030N+026D237+005+002G012X03
B1349564406749N00306936EA0169401872
LXVVT+228H367I129W169029N+030D233+012-004G011X03
B1349574406745N00306929EA0169801876
LXVVT+228H367I101W167028N+026D235+014+000G009X03
B1349584406743N00306923EA0170101880
LXVVT+229H367I087W165027N+027D235+006+003G009X02
B1349594406741N00306917EA0170401882
LXVVT+228H367I085W165027N+030D227-004+004G009X02
B1350004406739N00306910EA0170401883
LXVVT+228H367I100W168031N+040D229-011-001G007X02
B1350014406737N00306903EA0170401882
LXVVT+228H367I099W173031N+021D230-004-001G010X01
B1350024406735N00306896EA0170301881
LXVVT+227H367I104W176031N+002D230-002-002G009X02
B1350034406733N00306889EA0170101879
LXVVT+228H367I105W176031N-003D234-003+002G009X02
B1350044406730N00306881EA0169801876
LXVVT+228H368I115W177031N+002D232-006+003G009X02
B1350054406727N00306873EA0169501873
LXVVT+227H368I122W174031N+000D235-002-002G011X02
B1350064406723N00306864EA0169401871
LXVVT+227H368I127W170031N-006D236+001-004G011X03
B1350074406719N00306855EA0169201870
LXVVT+228H367I136W172031N-001D243+003+003G011X02
B1350084406715N00306846EA0169201870
LXVVT+228H367I132W173030N+008D239+005+005G012X03
B1350094406711N00306837EA0169301871
LXVVT+228H367I135W175031N+028D237+008+004G011X00
B1350104406709N00306829EA0169501873
LXVVT+228H366I120W178031N+028D244+009+005G009X02
B1350114406706N00306821EA0169701875
LXVVT+228H367I104W178030N+027D236+006-002G010X01
B1350124406704N00306814EA0169801876
LXVVT+228H367I097W176028N+014D235-002-007G011X01
B1350134406701N00306807EA0169901877
LXVVT+228H367I094W173024N+018D233-006-004G009X01
B1350144406697N00306800EA0169901877
LXVVT+229H367I096W165024N+019D241-002+004G012X02
B1350154406693N00306792EA0170101879
LXVVT+229H366I108W160024N+022D234+001+003G011X04
B1350164406690N00306784EA0170301882
LXVVT+229H366I104W157023N+023D235+004+001G010X01
B1350174406687N00306777EA0170501884
LXVVT+229H366I102W157023N+023D234+002+000G009X02
B1350184406684N00306771EA0170701885
LXVVT+229H366I100W160022N+021D242-001+001G009X01
B1350194406681N00306764EA0170701886
LXVVT+229H365I096W162021N+019D234-002-001G009X01
B1350204406677N00306757EA0170801886
LXVVT+229H365I101W162022N+016D233-004-002G010X02
B1350214406673N00306750EA0170801886
LXVVT+229H365I113W165023N+023D234-005+001G009X01
B1350224406669N00306743EA0170801886
LXVVT+229H365I121W168024N+024D229-003-001G012X04
B1350234406665N00306736EA0170901888
LXVVT+229H366I126W172027N+025D235+001-001G012X02
B1350244406661N00306729EA0171201890
LXVVT+228H366I116W173026N+030D236+004+001G010X01
B1350254406657N00306722EA0171401893
LXVVT+228H366I108W173025N+020D233+005+003G010X01
B1350264406654N00306715EA0171701895
LXVVT+228H366I108W174026N+025D227-001-001G009X01
B1350274406651N00306708EA0171901897
LXVVT+228H366I106W174026N+038D235-004-002G010X02
B1350284406647N00306701EA0172001899
LXVVT+228H366I109W176026N+033D235-003+003G010X00
B1350294406644N00306694EA0172201901
LXVVT+228H366I112W176026N+026D232+000+004G010X01
B1350304406641N00306686EA0172401903
LXVVT+228H367I110W175025N+026D242+002+004G009X01
B1350314406639N00306678EA0172501904
LXVVT+229H367I101W171026N+013D243+005+000G010X01
B1350324406636N00306671EA0172501905
LXVVT+229H366I097W168027N+009D247-003-001G009X02
B1350334406634N00306662EA0172501905
LXVVT+229H366I112W167028N+027D240-011+002G010X02
B1350344406631N00306653EA0172501904
LXVVT+229H366I121W165028N+034D251-007+005G011X02
B1350354406628N00306642EA0172601905
LXVVT+228H366I129W161032N+019D246+001-001G012X02
B1350364406625N00306630EA0172701907
LXVVT+227H367I138W160033N+020D251+004-006G011X03
B1350374406622N00306619EA0172901909
LXVVT+228H367I126W156034N+019D256+008-002G011X02
B1350384406619N00306609EA0173101912
LXVVT+229H366I109W153035N+009D250+009+005G010X02
B1350394406617N00306600EA0173301914
LXVVT+228H366I107W148033N+021D242+001-002G010X02
B1350404406615N00306590EA0173401914
LXVVT+228H366I094W144033N+024D250-004-003G008X05
B1350414406613N00306581EA0173401914
LXVVT+228H367I102W140034N+020D238-005-004G010X01
B1350424406610N00306571EA0173401913
LXVVT+227H367I110W138032N+010D236-006-008G010X00
B1350434406606N00306562EA0173301913
LXVVT+227H368I111W132030N+009D235-002-009G011X00
B1350444406602N00306552EA0173301913
LXVVT+227H368I129W130031N+019D233+000-003G011X03
B1350454406597N00306542EA0173301914
LXVVT+227H368I130W130031N+025D240+003+007G011X01
B1350464406593N00306532EA0173501915
LXVVT+227H368I124W127030N+020D238+003+010G010X01
B1350474406589N00306521EA0173601917
LXVVT+226H369I123W125031N+018D244+000+007G010X01
B1350484406586N00306509EA0173701917
LXVVT+226H370I128W125031N+025D246-001+001G010X02
B1350494406583N00306498EA0173701918
LXVVT+225H370I129W126030N+025D241-001-007G012X00
B1350504406580N00306487EA0173901920
LXVVT+225H371I131W128029N+029D241+000-008G010X02
B1350514406576N00306476EA0174001921
LXVVT+226H371I125W128029N+031D244+007+000G011X02
B1350524406573N00306466EA0174201923
LXVVT+225H371I121W129029N+021D245+005+004G010X01
B1350534406571N00306456EA0174301924
LXVVT+225H372I114W131028N+022D248+000+007G009X01
B1350544406569N00306446EA0174401924
LXVVT+225H372I111W132026N+021D248-002+003G010X01
B1350554406567N00306436EA0174401925
LXVVT+225H372I111W132026N+021D250-005-003G010X02
B1350564406564N00306425EA0174401925
LXVVT+226H372I111W130027N+017D248-001-004G010X01
B1350574406561N00306415EA0174501926
LXVVT+226H372I116W128028N+020D241-001-007G011X01
B1350584406557N00306405EA0174701928
LXVVT+227H371I111W121027N+028D240+002-003G011X01
B1350594406553N00306395EA0175001931
LXVVT+226H370I118W114026N+032D230+002+000G011X02
B1351004406549N00306386EA0175301935
LXVVT+225H370I128W120028N+049D231+002+000G011X02
B1351014406545N00306376EA0175601940
LXVVT+225H372I124W129030N+053D234+004-001G010X00
B1351024406542N00306368EA0176101944
LXVVT+224H372I103W133030N+049D235+005+004G009X04
B1351034406539N00306360EA0176501947
LXVVT+225H372I089W132029N+037D232+002+003G009X01
B1351044406537N00306352EA0176701949
LXVVT+225H372I093W132030N+031D229-007-001G009X01
B1351054406534N00306344EA0176801950
LXVVT+224H373I106W134030N+042D228-014-003G010X01
B1351064406531N00306334EA0176801951
LXVVT+224H373I124W136030N+039D233-006-003G012X03
B1351074406527N00306324EA0177101954
LXVVT+224H374I126W136030N+016D225+009+003G012X02
B1351084406524N00306314EA0177501959
LXVVT+223H374I107W135031N+013D232+015+002G010X01
B1351094406522N00306305EA0177801962
LXVVT+223H375I094W135031N+020D234+008-004G008X02
B1351104406521N00306298EA0178001964
LXVVT+223H375I072W131032N+019D241-003-003G007X05
B1351114406518N00306290EA0178101965
LXVVT+224H375I076W127032N+030D237-008-004G012X02
B1351124406515N00306282EA0178301967
LXVVT+223H375I094W125031N+045D225-009+001G011X03
B1351134406512N00306274EA0178601970
LXVVT+223H375I107W128032N+050D229-003+003G011X03
B1351144406509N00306265EA0179001974
LXVVT+223H376I103W127032N+040D227+004+002G010X01
B1351154406506N00306256EA0179401978
LXVVT+222H377I099W125032N+032D218+004-005G010X01
B1351164406504N00306249EA0179801981
LXVVT+222H377I092W132032N+037D220+000-012G008X02
B1351174406502N00306244EA0179801981
LXVVT+222H377I083W136037N+017D218-007-011G007X03
B1351184406499N00306239EA0179701980
LXVVT+222H377I079W138042N+000D219-004+003G010X02
B1351194406497N00306233EA0179501978
LXVVT+222H376I083W139044N-005D213-005+015G008X01
B1351204406494N00306227EA0179201975
LXVVT+222H376I094W141047N-016D219-005+011G011X03
B1351214406491N00306219EA0178801973
LXVVT+222H376I110W144046N+001D227-010+000G011X03
B1351224406487N00306210EA0178701972
LXVVT+222H376I120W144045N+016D223-002+000G011X02
B1351234406484N00306201EA0178801973
LXVVT+221H377I122W144046N+007D221+010-002G012X02
B1351244406480N00306194EA0178901975
LXVVT+222H377I106W144046N+003D224+011+002G008X02
B1351254406478N00306187EA0178901975
LXVVT+222H377I090W143045N+003D222+006+006G010X01
B1351264406475N00306179EA0178901975
LXVVT+222H377I092W143045N+008D218-004+002G010X02
B1351274406473N00306171EA0178801973
LXVVT+221H378I103W144045N+027D218-011-002G011X01
B1351284406469N00306163EA0178801972
LXVVT+221H378I110W144045N+028D219-007-003G011X01
B1351294406465N00306155EA0178901973
LXVVT+221H379I118W143044N+017D218+002-002G012X04
B1351304406461N00306146EA0179001975
LXVVT+222H379I114W141043N+016D219+006+003G010X01
B1351314406457N00306138EA0179201977
LXVVT+221H380I106W138042N+016D220+005+004G010X02
B1351324406453N00306130EA0179301978
LXVVT+221H380I099W134042N+015D219+001+002G009X01
B1351334406450N00306122EA0179401979
LXVVT+221H380I094W129044N+011D217-001+000G010X02
B1351344406446N00306114EA0179401979
LXVVT+220H380I107W129043N+018D218-003-005G010X02
B1351354406442N00306106EA0179401979
LXVVT+221H380I103W129043N+022D216-001-001G011X02
B1351364406438N00306098EA0179501979
LXVVT+220H380I097W127043N+017D220-002+007G010X02
B1351374406434N00306089EA0179601980
LXVVT+220H381I110W123042N+024D216-007+005G011X02
B1351384406430N00306078EA0179801982
LXVVT+219H382I125W122042N+044D220-004+000G013X04
B1351394406425N00306067EA0180201987
LXVVT+220H382I118W121044N+044D230+009+003G011X04
B1351404406422N00306058EA0180701992
LXVVT+218H383I109W120046N+033D213+012-009G010X01
B1351414406419N00306050EA0181201997
LXVVT+218H385I095W123050N+030D212+008-015G008X03
B1351424406416N00306043EA0181402000
LXVVT+219H385I072W123050N+023D212+003-003G008X04
B1351434406414N00306037EA0181502001
LXVVT+218H385I073W124052N+018D200-007+009G007X03
B1351444406413N00306030EA0181301999
LXVVT+219H385I080W126058N+006D215-009+008G010X03
B1351454406411N00306022EA0181001996
LXVVT+219H385I086W128055N-005D226-011-003G009X02
B1351464406408N00306014EA0180701992
LXVVT+219H385I096W130053N-011D234-006-004G011X01
B1351474406404N00306005EA0180301989
LXVVT+220H385I110W129054N-016D226-002-003G013X04
B1351484406399N00305995EA0180201988
LXVVT+221H383I125W129054N+003D225+003+003G013X03
B1351494406395N00305985EA0180401990
LXVVT+219H384I128W129054N+025D211+008-001G011X05
B1351504406391N00305977EA0180701993
LXVVT+219H384I109W130054N+018D212+012-013G010X02
B1351514406388N00305970EA0181001995
LXVVT+219H384I081W129053N+009D215+008-007G008X03
B1351524406385N00305965EA0181001995
LXVVT+219H384I072W128051N+005D209+000+004G009X01
B1351534406382N00305959EA0180801994
LXVVT+219H384I082W128051N+009D204-014+005G008X02
B1351544406378N00305952EA0180501991
LXVVT+221H383I099W128052N+015D214-013+002G012X02
B1351554406374N00305943EA0180301988
LXVVT+220H383I117W128052N+002D203-006+004G012X03
B1351564406368N00305934EA0180301987
LXVVT+218H385I132W127052N+008D205+002-005G012X04
B1351574406363N00305926EA0180401989
LXVVT+218H385I123W126051N+013D206+008-007G010X02
B1351584406358N00305919EA0180601992
LXVVT+218H386I114W125051N+009D212+012-001G010X01
B1351594406354N00305912EA0180801993
LXVVT+219H385I092W124051N+004D214+008+013G008X02
B1352004406351N00305905EA0180801993
LXVVT+218H386I093W125050N+006D212-003+010G009X01
B1352014406348N00305897EA0180601992
LXVVT+218H386I101W128048N+016D216-010-001G009X02
B1352024406344N00305888EA0180401990
LXVVT+217H387I111W130047N+015D213-007-010G011X01
B1352034406340N00305881EA0180201988
LXVVT+219H386I115W132046N+003D215+000-007G011X02
B1352044406335N00305874EA0180101987
LXVVT+220H385I120W133046N-003D212+005+000G011X02
B1352054406330N00305867EA0180101987
LXVVT+219H385I117W134047N-001D209+005+005G010X01
B1352064406326N00305860EA0180101987
LXVVT+218H386I112W136048N+008D204+002+001G010X01
B1352074406322N00305853EA0180101986
LXVVT+218H386I107W137051N+010D206-001-004G009X01
B1352084406319N00305847EA0180001985
LXVVT+219H386I106W138052N+005D210-003-004G009X02
B1352094406315N00305840EA0179801983
LXVVT+219H386I117W141053N+005D206-004+000G012X02
B1352104406310N00305834EA0179701982
LXVVT+219H385I117W141054N+007D213+000+009G011X01
B1352114406306N00305826EA0179701981
LXVVT+219H386I120W142054N+006D210+003+007G011X04
B1352124406303N00305818EA0179801982
LXVVT+218H387I116W144055N+007D210+004+001G010X01
B1352134406300N00305810EA0179801982
LXVVT+218H387I112W145056N+011D207-001-007G009X01
B1352144406296N00305804EA0179701982
LXVVT+217H388I108W145056N+008D207-004-009G009X04
B1352154406292N00305797EA0179601980
LXVVT+218H387I110W144056N+007D211-004-003G011X01
B1352164406287N00305791EA0179401979
LXVVT+218H387I116W142055N+003D206-002+004G011X00
B1352174406282N00305784EA0179401980
LXVVT+217H389I122W141053N+015D196+002+005G011X00
B1352184406278N00305777EA0179601981
LXVVT+217H389I111W140051N+024D201+002+002G012X01
B1352194406273N00305769EA0179801982
LXVVT+217H389I108W137048N+031D199+003-001G009X03
B1352204406270N00305761EA0179901984
LXVVT+217H389I101W135048N+017D203+008+004G010X02
B1352214406267N00305753EA0180001984
LXVVT+217H390I089W134049N+009D203+004+001G010X03
B1352224406264N00305745EA0180001984
LXVVT+216H389I087W134049N+010D210-005-001G008X01
B1352234406262N00305737EA0179701982
LXVVT+217H388I092W132050N-001D208-004+001G010X01
B1352244406259N00305728EA0179501979
LXVVT+216H387I101W134049N-007D209-007-002G009X01
B1352254406256N00305719EA0179101975
LXVVT+217H386I108W134049N-002D212-007-006G011X00
B1352264406251N00305711EA0178801973
LXVVT+218H385I115W133050N-009D211-002-003G011X01
B1352274406246N00305703EA0178701971
LXVVT+217H384I128W133050N-004D202+002-001G012X02
B1352284406242N00305694EA0178701971
LXVVT+217H385I125W134051N+009D205+003+002G012X01
B1352294406237N00305687EA0178801972
LXVVT+216H386I123W134052N+015D202+005+001G011X01
B1352304406233N00305679EA0179001974
LXVVT+216H387I116W136054N+014D210+006+005G010X01
B1352314406230N00305671EA0179101975
LXVVT+217H388I103W137054N+011D208+003+006G009X01
B1352324406227N00305663EA0179101975
LXVVT+216H389I103W139055N+013D208-002+000G009X01
B1352334406225N00305656EA0179001974
LXVVT+216H389I104W141055N+011D210-006-004G009X00
B1352344406221N00305648EA0178901972
LXVVT+216H389I106W141055N+006D212-005-001G010X01
B1352354406218N00305640EA0178701971
LXVVT+216H389I115W141055N+002D215-003+002G011X02
B1352364406213N00305632EA0178601970
LXVVT+216H387I116W139056N+000D212+001+003G011X02
B1352374406209N00305624EA0178701970
LXVVT+216H387I119W139056N+008D208+003+001G010X01
B1352384406206N00305616EA0178701970
LXVVT+217H386I108W138056N+009D212+004+000G011X01
B1352394406202N00305608EA0178701971
LXVVT+217H386I109W137056N+009D211+000+001G008X01
B1352404406199N00305601EA0178601970
LXVVT+217H386I108W138056N+007D212+000+003G010X01
B1352414406195N00305593EA0178501969
LXVVT+216H387I108W138057N+004D213-002+002G010X01
B1352424406192N00305585EA0178401968
LXVVT+216H388I112W139057N+006D210-002+000G010X01
B1352434406189N00305577EA0178301966
LXVVT+216H388I111W140057N+004D207-002-004G010X01
B1352444406185N00305569EA0178201964
LXVVT+216H388I110W140057N-002D208-001-006G010X01
B1352454406181N00305562EA0178001962
LXVVT+217H389I113W139057N-005D210-001+000G011X01
B1352464406177N00305554EA0177801961
LXVVT+217H388I115W139057N-002D210+000+005G010X01
B1352474406173N00305546EA0177701959
LXVVT+216H389I117W138057N-001D208+001+005G011X02
B1352484406169N00305538EA0177601958
LXVVT+216H388I120W139058N+003D204+001-002G011X02
B1352494406166N00305530EA0177501958
LXVVT+216H387I116W140061N+006D210+001-005G010X01
B1352504406162N00305523EA0177501957
LXVVT+216H387I102W140060N-002D208+003-001G010X02
B1352514406159N00305516EA0177401956
LXVVT+216H386I105W140061N-006D206-001+002G009X01
B1352524406156N00305509EA0177101953
LXVVT+217H386I104W140061N-004D209-006+004G010X00
B1352534406152N00305501EA0176801950
LXVVT+216H386I112W139061N-004D210-005+003G010X01
B1352544406148N00305492EA0176601948
LXVVT+217H385I117W139062N-006D214-002+001G011X00
B1352554406144N00305484EA0176401946
LXVVT+217H385I120W137063N-007D218+000+000G011X02
B1352564406140N00305474EA0176201944
LXVVT+218H384I110W134066N-012D226+005+005G010X02
B1352574406137N00305465EA0176201943
LXVVT+218H385I112W132070N-015D213+006+002G010X03
B1352584406133N00305457EA0176101942
LXVVT+217H385I113W133071N-004D212+001-006G010X01
B1352594406130N00305449EA0175901941
LXVVT+217H385I103W132070N+000D211-003-010G010X02
B1353004406126N00305441EA0175701938
LXVVT+218H385I107W132070N-006D214-003-004G010X01
B1353014406121N00305434EA0175501937
LXVVT+218H385I115W132070N-001D211-003+006G010X00
B1353024406117N00305425EA0175401935
LXVVT+218H385I125W132071N+009D216-001+007G012X01
B1353034406113N00305416EA0175401935
LXVVT+218H385I123W133069N+008D221+002+007G011X01
B1353044406110N00305407EA0175401935
LXVVT+218H386I121W135067N+007D221+005+001G011X02
B1353054406107N00305398EA0175501936
LXVVT+217H387I113W137065N+003D216+004-004G010X01
B1353064406104N00305390EA0175501936
LXVVT+217H388I111W138067N+010D214-003-009G009X01
B1353074406101N00305382EA0175401934
LXVVT+218H388I109W139067N+007D216-004-006G010X01
B1353084406097N00305374EA0175201933
LXVVT+218H387I118W139067N+006D211-003+001G011X01
B1353094406093N00305367EA0175101932
LXVVT+218H388I119W139067N+006D204+000+001G011X01
B1353104406089N00305360EA0175101932
LXVVT+218H388I114W139066N+003D214+002+002G010X02
B1353114406086N00305352EA0175101932
LXVVT+218H388I110W139066N+000D214+003+004G010X01
B1353124406082N00305345EA0175001931
LXVVT+218H387I108W139066N+000D215+001+002G009X01
B1353134406079N00305337EA0174901929
LXVVT+218H387I105W139066N+000D216-002-001G009X03
B1353144406075N00305330EA0174701927
LXVVT+218H386I105W139066N-002D216-004-005G010X03
B1353154406071N00305323EA0174401925
LXVVT+219H385I114W139066N-003D214-003-001G010X01
B1353164406067N00305316EA0174301923
LXVVT+219H385I118W140066N+000D216-001+005G010X01
B1353174406064N00305308EA0174101921
LXVVT+219H385I111W140066N-008D212+002+006G011X01
B1353184406061N00305300EA0174101921
LXVVT+218H385I101W139065N-006D207+002-001G010X01
B1353194406059N00305293EA0174001920
LXVVT+219H385I091W139065N-002D219+002-005G009X01
B1353204406056N00305286EA0173901919
LXVVT+219H385I080W137065N-011D220+000-005G009X03
B1353214406053N00305280EA0173701917
LXVVT+219H386I092W138066N-008D214-003-001G010X01
B1353224406051N00305273EA0173601916
LXVVT+220H386I090W140064N+001D232-003+008G010X01
B1353234406050N00305265EA0173501914
LXVVT+220H386I087W142063N+000D243-006+017G010X01
B1353244406051N00305256EA0173301912
LXVVT+221H386I093W146052N-008D262-003+019G011X02
B1353254406054N00305246EA0173101910
LXVVT+220H387I100W150043N-009D278-002+019G011X01
B1353264406059N00305237EA0172901907
LXVVT+221H388I105W151039N-006D303+000+015G012X01
B1353274406065N00305229EA0172801906
LXVVT+221H389I100W151039N-007D310+004+011G011X02
B1353284406071N00305223EA0172601905
LXVVT+221H389I097W150038N-013D321+006+003G010X01
B1353294406077N00305217EA0172501904
LXVVT+221H390I088W150037N-018D324+003-002G008X02
B1353304406083N00305212EA0172201900
LXVVT+221H390I086W150037N-017D320-006-005G008X02
B1353314406090N00305205EA0171801896
LXVVT+221H390I093W150037N-022D318-007-003G010X01
B1353324406096N00305198EA0171301891
LXVVT+221H390I100W149038N-025D323-002+002G011X01
B1353334406103N00305191EA0171001888
LXVVT+221H389I099W149039N-028D325+003+007G011X01
B1353344406110N00305185EA0170701885
LXVVT+221H390I094W150042N-024D323+003+006G010X00
B1353354406118N00305179EA0170501882
LXVVT+220H391I094W151043N-019D326+001+000G009X01
B1353364406126N00305174EA0170101879
LXVVT+220H391I091W153045N-022D329-001-004G010X01
B1353374406133N00305168EA0169801875
LXVVT+220H390I098W153046N-020D329-003-004G010X01
B1353384406140N00305161EA0169401871
LXVVT+221H390I100W153047N-022D327-001+000G011X01
B1353394406148N00305155EA0169101868
LXVVT+220H390I101W152048N-024D324+001+002G010X01
B1353404406156N00305148EA0168801865
LXVVT+221H390I100W152049N-023D331+003+002G011X01
B1353414406164N00305143EA0168501862
LXVVT+222H389I099W152050N-021D329+001+001G010X02
B1353424406172N00305137EA0168201859
LXVVT+222H389I096W152051N-021D323+000-002G010X01
B1353434406180N00305131EA0167901856
LXVVT+222H388I096W152052N-022D318+001-007G010X01
B1353444406187N00305124EA0167601852
LXVVT+222H388I088W151053N-023D317+000-004G010X01
B1353454406195N00305118EA0167301849
LXVVT+222H388I092W150055N-023D318-002+002G010X02
B1353464406202N00305111EA0166901845
LXVVT+222H387I098W150055N-020D324-005+006G010X01
B1353474406211N00305105EA0166601841
LXVVT+222H388I102W151057N-020D331-003+005G010X01
B1353484406220N00305099EA0166301838
LXVVT+222H388I104W154059N-023D334+005+000G011X01
B1353494406229N00305093EA0166001836
LXVVT+222H388I096W155061N-025D335+006-001G010X01
B1353504406237N00305087EA0165801834
LXVVT+222H387I094W155063N-019D328+003-001G010X01
B1353514406245N00305082EA0165601832
LXVVT+222H388I096W156062N-011D329-001-001G010X01
B1353524406253N00305076EA0165401829
LXVVT+222H388I095W156062N-009D326-003-003G010X01
B1353534406261N00305069EA0165201827
LXVVT+222H388I102W156061N-008D323+000-004G011X01
B1353544406269N00305062EA0165101826
LXVVT+222H390I102W158059N-008D317+003-004G011X02
B1353554406276N00305056EA0165001825
LXVVT+222H392I094W160058N-012D320+005+001G009X01
B1353564406282N00305049EA0164801823
LXVVT+223H393I087W161057N-016D317+001+004G009X01
B1353574406289N00305044EA0164601820
LXVVT+223H393I087W162057N-018D315-003+004G009X01
B1353584406297N00305038EA0164201816
LXVVT+223H392I095W164056N-015D306-007-002G010X00
B1353594406304N00305032EA0163901813
LXVVT+222H392I097W168056N-013D303-006-008G011X00
B1354004406311N00305025EA0163601810
LXVVT+222H392I099W168056N-018D300-001-008G011X02
B1354014406318N00305017EA0163401807
LXVVT+223H392I098W166056N-022D302+002-001G011X00
B1354024406325N00305009EA0163201805
LXVVT+223H391I096W165057N-020D315+002+009G010X01
B1354034406333N00305003EA0163001803
LXVVT+224H390I095W166059N-018D318+000+014G009X01
B1354044406341N00304998EA0162701800
LXVVT+223H390I096W166059N-016D326-001+007G011X01
B1354054406349N00304993EA0162401797
LXVVT+224H389I100W166059N-014D334-001-001G010X01
B1354064406358N00304988EA0162201794
LXVVT+224H389I105W165059N-009D328-002-010G010X01
B1354074406366N00304982EA0162001792
LXVVT+224H389I100W165059N-013D323+000-015G010X02
B1354084406373N00304975EA0161801789
LXVVT+224H388I098W165059N-020D315+005-011G012X01
B1354094406380N00304967EA0161601788
LXVVT+225H387I091W163059N-014D312+001+004G009X02
B1354104406386N00304959EA0161401785
LXVVT+226H386I093W161060N-015D314-003+013G010X04
B1354114406394N00304953EA0161001782
LXVVT+226H385I102W162059N-019D326-004+013G010X02
B1354124406402N00304946EA0160701778
LXVVT+225H385I103W162059N-015D322-004+001G011X01
B1354134406411N00304939EA0160501776
LXVVT+225H386I111W161058N-007D324+000-008G011X02
B1354144406418N00304932EA0160401775
LXVVT+226H385I108W161058N-007D319+005-005G011X00
B1354154406426N00304924EA0160401775
LXVVT+227H385I101W161058N-010D318+007+003G011X01
B1354164406433N00304918EA0160301774
LXVVT+227H384I093W161058N-008D318+005+010G008X02
B1354174406440N00304912EA0160301773
LXVVT+227H385I089W161057N-004D319-001+002G009X02
B1354184406447N00304906EA0160101771
LXVVT+227H384I082W161057N-008D325-005-004G009X01
B1354194406454N00304899EA0159801769
LXVVT+228H384I086W161058N-012D323-005-002G011X01
B1354204406461N00304892EA0159501766
LXVVT+228H384I096W160060N-013D316-006+003G010X01
B1354214406470N00304884EA0159301763
LXVVT+228H383I111W160060N-004D308-002-003G013X01
B1354224406477N00304876EA0159301763
LXVVT+228H384I110W160061N+000D307+006-009G012X02
B1354234406484N00304867EA0159301763
LXVVT+228H384I100W160061N-003D309+008-007G010X01
B1354244406490N00304859EA0159301763
LXVVT+228H384I087W159060N-006D313+005+004G009X01
B1354254406495N00304851EA0159201762
LXVVT+229H384I084W158060N-007D309-004+010G009X01
B1354264406502N00304844EA0158901759
LXVVT+228H384I096W159059N-001D317-009+008G010X01
B1354274406510N00304837EA0158601756
LXVVT+228H384I107W158058N+002D326-007+000G012X01
B1354284406517N00304829EA0158501755
LXVVT+228H384I116W157056N+002D325+000-003G013X02
B1354294406525N00304820EA0158601755
LXVVT+229H383I113W157055N+001D323+010-001G012X02
B1354304406532N00304813EA0158801757
LXVVT+229H384I099W156053N+008D322+010+002G010X02
B1354314406538N00304807EA0158901759
LXVVT+229H382I091W158051N+012D324+006+000G010X02
B1354324406544N00304801EA0159001760
LXVVT+230H381I079W157049N+006D325+000+004G008X01
B1354334406549N00304796EA0158901759
LXVVT+229H380I083W157046N+004D317-008+000G008X02
B1354344406555N00304790EA0158601756
LXVVT+229H378I096W161044N+005D318-011-005G010X01
B1354354406562N00304783EA0158401753
LXVVT+230H377I109W163041N+002D317-007-006G012X01
B1354364406568N00304775EA0158201752
LXVVT+230H376I113W164040N-002D320+001+000G012X02
B1354374406575N00304768EA0158201752
LXVVT+230H376I103W163041N-004D323+008+008G011X01
B1354384406581N00304761EA0158301753
LXVVT+230H375I099W163041N-004D324+008+007G010X02
B1354394406588N00304756EA0158301753
LXVVT+230H374I090W163039N+001D327+002+000G009X01
B1354404406594N00304752EA0158201752
LXVVT+231H372I083W163038N+001D328-003-007G009X02
B1354414406599N00304746EA0158001749
LXVVT+231H371I083W163037N-006D321-007-006G009X03
B1354424406605N00304740EA0157701746
LXVVT+231H370I095W164036N-009D324-008+002G010X01
B1354434406612N00304734EA0157401742
LXVVT+231H368I104W164036N-009D327-004+004G011X01
B1354444406619N00304727EA0157201740
LXVVT+232H368I107W164036N-011D330+001+004G011X01
B1354454406626N00304721EA0157101739
LXVVT+232H367I107W164036N-008D329+006-001G011X01
B1354464406633N00304715EA0157001739
LXVVT+232H366I097W163037N-006D328+005-004G010X01
B1354474406639N00304709EA0157001738
LXVVT+233H365I088W162038N-006D329+001-001G009X01
B1354484406645N00304703EA0156801736
LXVVT+233H366I090W162039N-003D328-004+003G009X01
B1354494406652N00304696EA0156601734
LXVVT+233H368I096W162039N-002D324-006+001G010X02
B1354504406658N00304689EA0156401732
LXVVT+233H369I106W162039N-002D333-001-001G012X03
B1354514406665N00304683EA0156301731
LXVVT+234H369I095W162041N-002D336+004+007G011X02
B1354524406672N00304677EA0156401731
LXVVT+234H368I095W162042N-006D328+005+004G010X03
B1354534406679N00304672EA0156301731
LXVVT+234H368I085W162044N-002D337+003+001G009X01
B1354544406686N00304667EA0156301730
LXVVT+234H368I080W163046N+001D339-002-003G009X03
B1354554406693N00304662EA0156101729
LXVVT+235H367I088W164046N+003D337-005-002G010X02
B1354564406701N00304656EA0156001728
LXVVT+235H366I099W164047N+006D325-004+000G011X02
B1354574406708N00304650EA0155901727
LXVVT+235H366I105W165047N+006D321-003-003G010X01
B1354584406716N00304644EA0155901726
LXVVT+235H366I104W164047N+007D320+001-006G011X01
B1354594406723N00304637EA0155901727
LXVVT+235H367I103W164047N+005D318+002-003G010X01
B1355004406730N00304630EA0155901727
LXVVT+235H367I098W162048N+005D325+002+003G010X02
B1355014406738N00304624EA0156001728
LXVVT+235H368I099W162048N+011D322+002+007G010X03
B1355024406745N00304619EA0156101728
LXVVT+235H368I097W163048N+013D321+002-002G010X02
B1355034406751N00304612EA0156101728
LXVVT+235H368I088W163048N+008D325-001-011G009X02
B1355044406758N00304606EA0156001728
LXVVT+235H368I088W162048N+002D323-002-006G010X01
B1355054406763N00304598EA0155901727
LXVVT+235H369I098W163048N+003D316-003+004G010X01
B1355064406770N00304591EA0155801726
LXVVT+236H369I093W163048N+005D325-001+012G010X01
B1355074406777N00304584EA0155801726
LXVVT+235H369I098W163049N+003D320-001+008G010X01
B1355084406785N00304579EA0155801725
LXVVT+236H369I102W165048N+008D323+000-003G011X01
B1355094406792N00304572EA0155801725
LXVVT+236H369I098W165048N+009D321-001-010G009X01
B1355104406798N00304565EA0155701725
LXVVT+236H370I096W165048N+002D313+000-009G010X02
B1355114406804N00304558EA0155701725
LXVVT+237H370I099W164048N+005D316+000+001G010X02
B1355124406811N00304550EA0155701725
LXVVT+236H369I104W165048N+018D314-004+009G010X01
B1355134406818N00304543EA0155801726
LXVVT+237H368I112W166047N+023D318+003+007G012X01
B1355144406825N00304537EA0156101728
LXVVT+237H368I105W166045N+023D320+005-001G010X01
B1355154406832N00304531EA0156301730
LXVVT+236H367I098W167044N+022D317+002-006G009X02
B1355164406838N00304525EA0156301731
LXVVT+236H367I099W171044N+014D309-003-009G009X01
B1355174406843N00304518EA0156301731
LXVVT+236H366I091W172044N+014D311-006-004G010X03
B1355184406849N00304511EA0156301730
LXVVT+237H366I097W170044N+014D312-008+003G009X02
B1355194406856N00304503EA0156201730
LXVVT+237H365I101W169047N+006D310-002+008G011X03
B1355204406863N00304495EA0156201730
LXVVT+237H366I110W168047N+010D310+001+003G011X02
B1355214406870N00304487EA0156301731
LXVVT+237H366I103W167048N+009D314+004-003G010X01
B1355224406876N00304480EA0156401732
LXVVT+237H366I092W165049N+008D308+003-005G009X01
B1355234406882N00304473EA0156401732
LXVVT+237H366I086W163049N+003D307+001+000G009X01
B1355244406888N00304466EA0156301731
LXVVT+237H366I089W162050N+003D308-004+004G010X01
B1355254406895N00304459EA0156101729
LXVVT+237H366I092W161050N+004D307-009+003G009X02
B1355264406901N00304451EA0155901727
LXVVT+237H367I103W161051N+006D314-005-001G011X03
B1355274406909N00304443EA0155801726
LXVVT+237H367I107W162053N+000D310+001+001G012X02
B1355284406916N00304434EA0155801726
LXVVT+237H367I111W162053N+001D314+004+001G011X02
B1355294406923N00304427EA0155901726
LXVVT+237H367I104W161054N+007D313+005+001G010X02
B1355304406930N00304419EA0155901727
LXVVT+237H368I098W162053N+006D308+003+000G009X01
B1355314406936N00304412EA0155901726
LXVVT+238H368I085W161054N+003D320+000+000G009X03
B1355324406943N00304406EA0155801725
LXVVT+238H368I083W162056N-004D311-003+006G009X01
B1355334406950N00304399EA0155501722
LXVVT+237H368I094W161056N-004D322-007+004G010X01
B1355344406958N00304392EA0155301719
LXVVT+238H368I104W161056N-002D325-001-001G012X01
B1355354406965N00304386EA0155201718
LXVVT+238H367I105W160054N-003D324+003-004G011X01
B1355364406972N00304379EA0155101717
LXVVT+238H366I098W158052N-007D329+006+000G010X01
B1355374406979N00304372EA0155001716
LXVVT+238H365I086W156052N-014D320+006+005G009X02
B1355384406985N00304366EA0154701714
LXVVT+238H365I090W158050N-012D318-003+002G009X01
B1355394406992N00304360EA0154501711
LXVVT+238H364I091W159049N-007D322-009-005G009X01
B1355404406998N00304353EA0154101707
LXVVT+238H365I095W159049N-010D318-005-007G011X02
B1355414407005N00304345EA0153801704
LXVVT+238H365I103W158049N-015D315-001-002G011X01
B1355424407012N00304337EA0153701702
LXVVT+238H365I101W158050N-015D317+004+007G011X02
B1355434407019N00304330EA0153501701
LXVVT+239H365I100W157050N-013D320+003+006G010X02
B1355444407026N00304323EA0153401699
LXVVT+239H364I097W157051N-008D323+001-001G010X01
B1355454407032N00304316EA0153201698
LXVVT+239H363I090W157051N-006D319+001-005G010X01
B1355464407039N00304309EA0153101696
LXVVT+239H363I087W156052N-011D316+000-001G009X01
B1355474407045N00304302EA0152901694
LXVVT+239H363I084W155053N-013D317-002+003G009X02
B1355484407052N00304296EA0152601691
LXVVT+239H364I094W155052N-013D325-003+004G010X01
B1355494407059N00304289EA0152301688
LXVVT+240H364I099W152050N-011D330-005+003G010X00
B1355504407066N00304283EA0152101685
LXVVT+240H365I106W149048N-009D329-003+001G012X01
B1355514407074N00304276EA0151901684
LXVVT+240H365I117W146045N+004D332+000+000G012X05
B1355524407081N00304270EA0152001685
LXVVT+240H364I116W147043N+011D321+008+003G012X05
B1355534407088N00304265EA0152301687
LXVVT+241H363I098W154040N+008D317+008+000G009X03
B1355544407095N00304261EA0152401688
LXVVT+241H362I083W162040N+008D319+002-003G008X00
B1355554407101N00304257EA0152301688
LXVVT+241H361I078W164040N+006D315-004+001G010X02
B1355564407108N00304253EA0152201687
LXVVT+241H361I092W165038N+006D322-008+003G009X01
B1355574407115N00304249EA0152101685
LXVVT+241H360I097W165037N+005D326-005+002G011X02
B1355584407123N00304245EA0151901684
LXVVT+241H359I100W166038N-003D331+000+000G011X01
B1355594407131N00304241EA0151901683
LXVVT+241H360I104W166038N+002D327+002-004G011X01
B1356004407139N00304237EA0152001684
LXVVT+241H360I110W168036N+016D326+002-003G011X03
B1356014407146N00304233EA0152101685
LXVVT+242H360I106W170034N+020D321+000-004G010X02
B1356024407153N00304228EA0152201687
LXVVT+242H360I095W171035N+016D320+001-004G009X01
B1356034407160N00304223EA0152301687
LXVVT+242H361I094W170035N+012D317-001-004G010X00
B1356044407166N00304218EA0152301688
LXVVT+242H360I095W168036N+013D319-004-001G010X00
B1356054407173N00304212EA0152301688
LXVVT+242H360I097W168038N+014D324-003+004G011X00
B1356064407181N00304206EA0152401688
LXVVT+242H360I105W169039N+015D324-001+006G010X01
B1356074407188N00304201EA0152501689
LXVVT+242H361I107W169039N+017D328+001+003G010X02
B1356084407196N00304196EA0152601690
LXVVT+243H361I098W169041N+013D331+005-002G011X01
B1356094407203N00304191EA0152701691
LXVVT+243H361I093W169043N+010D327+000-006G009X01
B1356104407211N00304186EA0152701692
LXVVT+243H361I091W169045N+012D330-004-003G010X02
B1356114407218N00304180EA0152701692
LXVVT+243H361I091W170048N+011D328+000+004G010X01
B1356124407226N00304174EA0152701692
LXVVT+243H361I096W170049N+011D327-001+005G009X06
B1356134407233N00304169EA0152701693
LXVVT+244H361I092W169051N+008D332+000+004G010X04
B1356144407241N00304164EA0152701692
LXVVT+243H360I091W170054N+001D332-002+002G010X02
B1356154407250N00304159EA0152601692
LXVVT+244H359I100W171057N+007D335+001+002G011X04
B1356164407259N00304154EA0152701692
LXVVT+243H359I108W171056N+017D339+005-003G011X03
B1356174407266N00304149EA0152801694
LXVVT+244H359I097W168053N+011D334+009-004G010X01
B1356184407273N00304144EA0152901694
LXVVT+243H359I088W170051N+009D332+001-003G008X02
B1356194407279N00304139EA0152801694
LXVVT+244H359I081W171049N+005D332-005-001G009X02
B1356204407285N00304134EA0152601693
LXVVT+243H359I089W171046N+000D334-008+000G009X01
B1356214407293N00304128EA0152401690
LXVVT+243H359I095W172046N+001D337-006+004G010X03
B1356224407301N00304122EA0152201688
LXVVT+243H359I114W173046N+003D334-003+005G011X03
B1356234407309N00304117EA0152201687
LXVVT+243H359I114W173045N+002D337+007-002G012X01
B1356244407316N00304112EA0152301688
LXVVT+243H359I103W175044N+002D332+009-006G010X02
B1356254407323N00304107EA0152301688
LXVVT+244H359I091W177042N+001D324+003-004G009X01
B1356264407329N00304102EA0152301687
LXVVT+244H358I079W175043N-002D320-002+005G009X04
B1356274407335N00304097EA0152001685
LXVVT+243H358I091W176043N+001D318-009+005G010X01
B1356284407343N00304092EA0151801682
LXVVT+243H358I098W177043N+002D325-009+001G010X01
B1356294407350N00304087EA0151601680
LXVVT+244H358I105W176043N-005D321-003-003G011X02
B1356304407358N00304081EA0151401679
LXVVT+244H358I103W174045N-012D324+003-004G010X01
B1356314407366N00304075EA0151301678
LXVVT+244H358I097W172048N-009D321+004-003G011X01
B1356324407373N00304068EA0151301677
LXVVT+244H357I092W169050N-003D324+002+000G009X01
B1356334407381N00304062EA0151201677
LXVVT+244H357I093W166053N+001D317+000+003G011X01
B1356344407389N00304056EA0151201676
LXVVT+244H357I094W164054N+006D322-004+002G010X01
B1356354407397N00304050EA0151001675
LXVVT+244H357I100W164055N+008D321-003-001G010X01
B1356364407405N00304043EA0150901673
LXVVT+244H356I104W163055N+001D322-001+001G011X03
B1356374407413N00304037EA0150801672
LXVVT+244H356I102W164056N-005D322+000+003G011X01
B1356384407421N00304031EA0150701671
LXVVT+244H356I103W163057N+000D324+001+001G010X03
B1356394407429N00304025EA0150701671
LXVVT+244H357I100W164057N+005D326+003-002G010X01
B1356404407437N00304020EA0150701670
LXVVT+245H357I093W164057N-001D326+003-002G009X01
B1356414407444N00304014EA0150601670
LXVVT+245H357I092W164057N-002D320-001-002G009X01
B1356424407452N00304008EA0150401668
LXVVT+245H356I090W163057N-007D315-005+000G010X00
B1356434407459N00304002EA0150201666
LXVVT+245H356I092W162058N-010D324-005+003G010X02
B1356444407468N00303996EA0150001663
LXVVT+245H356I097W164061N-007D339-002+009G011X03
B1356454407477N00303991EA0149901662
LXVVT+245H356I099W167065N-003D332+002+011G011X02
B1356464407487N00303988EA0149801661
LXVVT+245H355I107W167065N+000D343+003+002G011X02
B1356474407496N00303984EA0149801661
LXVVT+245H355I096W168066N+005D343+003-007G010X04
B1356484407505N00303980EA0149801661
LXVVT+246H355I091W169067N-004D333+004-008G010X01
B1356494407513N00303975EA0149701660
LXVVT+246H354I088W168068N-005D335+001-004G010X02
B1356504407522N00303970EA0149501659
LXVVT+246H354I089W168069N-003D331-003+006G010X01
B1356514407530N00303966EA0149401657
LXVVT+246H354I094W168069N-006D331-001+007G010X01
B1356524407540N00303962EA0149201655
LXVVT+246H354I094W168069N-003D338-001-001G011X01
B1356534407549N00303958EA0149201654
LXVVT+246H354I097W168069N+007D333-005-012G012X03
B1356544407558N00303951EA0149101654
LXVVT+246H354I107W168069N+017D332-002-014G011X03
B1356554407566N00303944EA0149201655
LXVVT+246H354I110W168069N+013D317+007-001G012X04
B1356564407574N00303937EA0149401657
LXVVT+246H354I106W171069N+010D313+008+007G010X01
B1356574407581N00303931EA0149601659
LXVVT+247H354I088W172069N+013D327+004+009G010X02
B1356584407589N00303927EA0149701660
LXVVT+246H354I084W172068N+015D317-003+008G008X01
B1356594407597N00303923EA0149701660
LXVVT+246H354I096W170063N+018D327-005+002G010X02
B1357004407605N00303919EA0149701660
LXVVT+246H354I096W169060N+010D335-004-005G010X01
B1357014407613N00303915EA0149601659
LXVVT+247H353I095W168059N+001D338+002-004G010X01
B1357024407621N00303911EA0149501659
LXVVT+247H353I095W168057N-005D329+004+002G010X01
B1357034407629N00303907EA0149401658
LXVVT+246H353I100W167054N+000D330-004+002G009X02
B1357044407637N00303903EA0149301656
LXVVT+247H353I107W165051N+012D335-007-001G010X02
B1357054407646N00303899EA0149201655
LXVVT+246H353I116W163047N+019D334-005-006G011X03
B1357064407654N00303894EA0149101655
LXVVT+247H352I116W163044N+000D341+005-005G012X01
B1357074407661N00303890EA0149201656
LXVVT+247H351I108W164041N-002D334+009+003G010X02
B1357084407668N00303887EA0149301656
LXVVT+247H350I094W163037N+001D337+006+002G009X01
B1357094407674N00303884EA0149301655
LXVVT+247H350I082W162034N+000D339-001-004G008X02
B1357104407679N00303881EA0149001653
LXVVT+248H348I080W163032N-005D334-008-004G009X03
B1357114407686N00303877EA0148701649
LXVVT+248H347I087W163031N-011D342-010+002G010X02
B1357124407693N00303873EA0148301645
LXVVT+248H346I103W161030N-012D341-006+009G011X02
B1357134407701N00303869EA0148101643
LXVVT+247H346I114W160028N-012D341+001+009G012X04
B1357144407709N00303868EA0148001641
LXVVT+247H346I113W160027N-009D348+006+005G012X01
B1357154407716N00303867EA0147901641
LXVVT+248H346I105W155025N-004D359+005+005G010X02
B1357164407723N00303869EA0147901640
LXVVT+248H347I090W162025N-005D007+005+010G009X01
B1357174407729N00303872EA0147801639
LXVVT+249H348I083W181026N-008D019+000+011G009X01
B1357184407736N00303877EA0147501636
LXVVT+249H348I084W193028N-008D035-005+006G010X03
B1357194407741N00303883EA0147201633
LXVVT+249H348I092W199030N-009D047-004+002G010X01
B1357204407748N00303890EA0146901630
LXVVT+249H349I100W202031N-007D048-003-001G011X02
B1357214407754N00303897EA0146701628
LXVVT+249H349I108W203031N-006D043+001-001G011X04
B1357224407761N00303905EA0146701628
LXVVT+250H348I099W206033N-002D055+007+004G012X04
B1357234407766N00303913EA0146701628
LXVVT+250H347I102W208034N-004D056+008+007G011X05
B1357244407770N00303921EA0146801628
LXVVT+250H347I088W208034N+002D085+007+016G011X02
B1357254407771N00303929EA0146801628
LXVVT+251H346I078W212033N+004D095-003+021G008X02
B1357264407771N00303938EA0146601625
LXVVT+251H346I087W215032N-006D110-004+015G010X03
B1357274407770N00303946EA0146301622
LXVVT+251H345I091W215032N-013D132+001+009G011X01
B1357284407768N00303953EA0146001619
LXVVT+251H345I085W214033N-018D139+003+007G010X01
B1357294407766N00303959EA0145801616
LXVVT+251H345I088W213034N-017D142+002+001G011X02
B1357304407763N00303965EA0145501614
LXVVT+252H344I089W211036N-014D141+000-001G009X01
B1357314407761N00303970EA0145301611
LXVVT+252H343I091W210037N-014D133+001-003G010X02
B1357324407759N00303975EA0145001608
LXVVT+252H342I089W208039N-020D139+000-005G009X01
B1357334407757N00303981EA0144601605
LXVVT+252H343I087W206040N-024D138-001-005G010X02
B1357344407755N00303986EA0144301601
LXVVT+253H341I087W205040N-021D140-003-003G011X01
B1357354407752N00303993EA0144001598
LXVVT+253H341I095W204041N-016D134-002-003G011X03
B1357364407750N00304000EA0143801596
LXVVT+253H340I095W203041N-016D139+002-003G010X00
B1357374407748N00304006EA0143501593
LXVVT+253H340I086W205041N-020D137+000+000G010X03
B1357384407746N00304014EA0143201590
LXVVT+253H340I089W208040N-025D133-004-001G010X01
B1357394407744N00304021EA0142901587
LXVVT+254H341I103W209040N-014D143-002+001G011X02
B1357404407741N00304029EA0142701585
LXVVT+253H342I113W207041N-003D138+000+006G011X02
B1357414407737N00304035EA0142701584
LXVVT+253H342I111W207041N-004D149+005+007G011X02
B1357424407734N00304041EA0142701584
LXVVT+254H342I105W207042N-007D151+007+003G010X03
B1357434407731N00304045EA0142601583
LXVVT+254H342I099W206045N-006D160+007-001G009X04
B1357444407728N00304048EA0142501582
LXVVT+254H342I088W205047N-010D152+005-004G010X01
B1357454407726N00304052EA0142301580
LXVVT+254H341I092W201049N-007D147-002-008G009X02
B1357464407725N00304055EA0142101578
LXVVT+255H340I089W197052N-005D146-004-005G010X03
B1357474407723N00304060EA0141901575
LXVVT+255H340I094W192052N-009D135-006-005G010X02
B1357484407721N00304065EA0141601572
LXVVT+255H340I100W188052N-011D134-006-007G010X02
B1357494407720N00304071EA0141401570
LXVVT+256H339I109W186053N-011D136+003+000G011X02
B1357504407718N00304077EA0141301569
LXVVT+256H338I103W183053N-011D139+004+005G010X01
B1357514407716N00304082EA0141101568
LXVVT+256H338I097W182054N-013D138+005+005G010X02
B1357524407714N00304085EA0141001566
LXVVT+256H337I096W179055N-013D133+000-003G010X01
B1357534407713N00304089EA0140801563
LXVVT+257H337I092W178056N-006D140-006-009G009X01
B1357544407711N00304094EA0140501560
LXVVT+257H337I096W178056N-010D141-006-005G010X02
B1357554407710N00304099EA0140201558
LXVVT+258H336I102W178056N-012D141-004+006G010X00
B1357564407706N00304104EA0140001555
LXVVT+258H336I104W177053N-011D152-001+016G012X02
B1357574407702N00304107EA0139801554
LXVVT+258H335I110W173047N-011D157+002+013G012X02
B1357584407698N00304110EA0139801554
LXVVT+258H335I108W168041N-001D159+004-002G011X01
B1357594407694N00304113EA0139901555
LXVVT+259H335I100W165038N+004D162+006-011G010X01
B1358004407690N00304116EA0139901555
LXVVT+259H335I086W167035N-002D154+005-008G009X02
B1358014407688N00304120EA0139901555
LXVVT+259H334I082W169034N-003D145+000-001G009X01
B1358024407685N00304124EA0139801554
LXVVT+259H333I088W170034N+004D144-004+003G010X01
B1358034407683N00304127EA0139701552
LXVVT+260H333I095W168035N+006D146-005+002G010X01
B1358044407680N00304131EA0139601551
LXVVT+260H333I095W168036N+001D150-001-002G011X00
B1358054407677N00304135EA0139501549
LXVVT+260H333I092W168035N-004D152+001+000G011X02
B1358064407674N00304139EA0139401549
LXVVT+260H333I094W168035N+000D148+002+002G011X02
B1358074407671N00304143EA0139401549
LXVVT+260H333I099W167036N+007D141-001-002G010X02
B1358084407668N00304147EA0139401549
LXVVT+260H333I100W165037N+011D143-001-006G010X01
B1358094407667N00304152EA0139401549
LXVVT+260H333I095W166039N+007D146+000-003G010X01
B1358104407665N00304156EA0139401549
LXVVT+260H334I089W166039N+003D141+000+003G009X01
B1358114407663N00304161EA0139401548
LXVVT+260H334I091W168039N+002D142-001+003G011X02
B1358124407660N00304166EA0139301547
LXVVT+260H334I100W167039N+006D140-005+001G011X01
B1358134407658N00304171EA0139201547
LXVVT+260H335I110W166041N+015D147-004-001G010X02
B1358144407655N00304176EA0139201547
LXVVT+260H335I099W168042N+010D157+006+006G012X03
B1358154407652N00304179EA0139401548
LXVVT+260H335I095W168042N+003D157+006+012G009X01
B1358164407649N00304181EA0139401549
LXVVT+261H334I099W171045N+010D159+003+005G010X02
B1358174407647N00304182EA0139501550
LXVVT+261H334I093W171047N+018D158-002-008G009X01
B1358184407644N00304185EA0139501550
LXVVT+261H335I093W172049N+013D155-005-012G010X01
B1358194407642N00304188EA0139401549
LXVVT+261H334I091W172049N+003D156+002-004G011X01
B1358204407640N00304192EA0139401549
LXVVT+261H334I091W173049N+002D150+001+006G009X02
B1358214407638N00304194EA0139401549
LXVVT+261H334I082W174047N+005D155+001+006G011X05
B1358224407635N00304197EA0139401549
LXVVT+261H333I088W174046N+012D153-001-001G009X00
B1358234407632N00304199EA0139401549
LXVVT+261H333I098W174047N+009D151-001-006G011X02
B1358244407630N00304203EA0139401549
LXVVT+262H333I094W173048N+007D149-001-009G010X03
B1358254407628N00304207EA0139401549
LXVVT+262H332I094W173048N+009D143-002-005G011X01
B1358264407625N00304212EA0139401549
LXVVT+262H332I098W175047N+014D140-004+002G009X02
B1358274407623N00304217EA0139501550
LXVVT+261H332I114W172047N+022D136-001+000G011X03
B1358284407621N00304222EA0139601551
LXVVT+261H332I104W171048N+019D139+004-005G010X04
B1358294407619N00304227EA0139701552
LXVVT+261H332I094W171048N+008D139+004-001G010X01
B1358304407618N00304231EA0139701552
LXVVT+261H332I085W172048N+003D137-001+006G009X01
B1358314407616N00304236EA0139601551
LXVVT+261H333I095W171048N+010D143-008+004G010X02
B1358324407614N00304241EA0139501549
LXVVT+261H333I106W170049N+017D139-008-004G012X02
B1358334407612N00304247EA0139401549
LXVVT+261H333I109W170049N+011D150-002-003G011X00
B1358344407609N00304253EA0139501549
LXVVT+261H333I107W171048N+004D142+005+006G011X01
B1358354407607N00304258EA0139601551
LXVVT+261H333I105W172047N+006D148+007+010G010X02
B1358364407604N00304262EA0139701552
LXVVT+261H332I102W171047N+005D137+007-002G011X01
B1358374407603N00304266EA0139701552
LXVVT+261H332I085W171049N+006D153+003-009G008X03
B1358384407602N00304269EA0139601551
LXVVT+261H331I072W175051N+002D151-006-002G008X02
B1358394407601N00304273EA0139401549
LXVVT+261H331I086W174052N-007D141-008+008G010X02
B1358404407599N00304277EA0139101546
LXVVT+261H330I111W167052N+004D142-010+004G011X04
B1358414407596N00304282EA0139001544
LXVVT+262H331I107W166052N+008D147+004-001G013X02
B1358424407594N00304286EA0139101545
LXVVT+262H329I095W167052N+000D143+012-004G011X01
B1358434407593N00304290EA0139101546
LXVVT+262H329I083W167052N-003D141+010-004G009X01
B1358444407593N00304293EA0139001545
LXVVT+262H329I076W167053N-004D140-002-003G009X02
B1358454407593N00304297EA0138801543
LXVVT+262H328I082W165054N-001D140-011+000G009X02
B1358464407592N00304302EA0138501539
LXVVT+263H328I095W163054N+000D139-013+002G010X01
B1358474407590N00304307EA0138201536
LXVVT+263H328I102W164054N-010D139-002+003G012X01
B1358484407588N00304312EA0138001533
LXVVT+263H328I101W165053N-017D139+007+003G013X02
B1358494407587N00304317EA0137901533
LXVVT+263H328I095W166052N-010D139+006+001G011X04
B1358504407585N00304321EA0137901533
LXVVT+263H328I093W166052N+004D141+001-003G009X04
B1358514407584N00304325EA0137801532
LXVVT+263H328I088W166053N+002D141+000+000G009X01
B1358524407583N00304329EA0137701530
LXVVT+263H328I088W166053N-004D142-004+000G009X05
B1358534407581N00304333EA0137401527
LXVVT+263H328I089W166053N-006D148-003+003G013X04
B1358544407579N00304338EA0137201525
LXVVT+263H328I108W166053N+008D144-009+003G009X03
B1358554407576N00304342EA0137101525
LXVVT+263H328I116W166054N+015D146+000+004G012X01
B1358564407573N00304347EA0137201525
LXVVT+263H328I106W167052N-003D152+008+000G011X03
B1358574407571N00304350EA0137201526
LXVVT+263H328I093W168052N-009D157+014+007G010X01
B1358584407569N00304352EA0137201526
LXVVT+263H328I091W168055N-002D156+005+002G009X03
B1358594407568N00304354EA0137101525
LXVVT+264H328I082W171057N+005D163-006-001G009X02
B1359004407566N00304356EA0136901522
LXVVT+264H328I085W171058N+005D163-009-007G010X01
B1359014407564N00304359EA0136801521
LXVVT+264H328I095W171058N+003D153-007-004G011X03
B1359024407561N00304364EA0136701519
LXVVT+264H327I104W176056N+006D156-004-003G012X01
B1359034407558N00304369EA0136701520
LXVVT+264H327I102W175051N-002D154+007+002G011X01
B1359044407554N00304374EA0136801521
LXVVT+264H327I103W177048N+003D157+007+003G011X01
B1359054407552N00304379EA0136901522
LXVVT+264H327I097W178047N+009D158+006+000G010X05
B1359064407549N00304384EA0137001524
LXVVT+263H328I092W178046N+017D154-001-005G008X02
B1359074407548N00304389EA0137101524
LXVVT+264H328I089W179048N+018D162+001-007G011X02
B1359084407547N00304394EA0137101524
LXVVT+264H329I087W180049N+008D140-002-003G011X02
B1359094407545N00304400EA0137101524
LXVVT+264H330I099W178049N+013D149-006+002G009X03
B1359104407543N00304406EA0137001523
LXVVT+265H329I095W179049N+008D151+000+008G013X01
B1359114407541N00304411EA0137001523
LXVVT+264H329I111W178049N+009D152+000+004G008X07
B1359124407538N00304415EA0137001523
LXVVT+264H329I105W178051N+008D159+006+009G011X02
B1359134407536N00304417EA0137101523
LXVVT+264H330I093W178052N+002D152+005-002G010X02
B1359144407534N00304420EA0137101523
LXVVT+264H330I097W178054N+012D149+000-009G010X05
B1359154407532N00304423EA0137101524
LXVVT+264H331I094W177056N+019D154-004-009G011X04
B1359164407530N00304427EA0137201525
LXVVT+264H331I100W176057N+021D147-003+000G011X01
B1359174407528N00304431EA0137301527
LXVVT+265H330I106W175058N+024D150+000+007G010X01
B1359184407525N00304434EA0137501528
LXVVT+264H331I107W175059N+021D159+003+007G011X02
B1359194407523N00304437EA0137701530
LXVVT+263H331I105W175059N+023D154+003+000G010X04
B1359204407521N00304439EA0138001533
LXVVT+263H331I108W176063N+033D156+002-014G011X02
B1359214407520N00304443EA0138201535
LXVVT+264H331I092W174064N+023D152+004-015G010X02
B1359224407520N00304447EA0138301536
LXVVT+264H331I080W174065N+010D139+004-004G009X03
B1359234407520N00304451EA0138301536
LXVVT+264H331I080W173064N+006D135-002+009G009X02
B1359244407520N00304455EA0138101535
LXVVT+263H331I088W170065N+007D137-009+010G009X01
B1359254407519N00304459EA0137901533
LXVVT+263H331I094W170067N+005D146-007+004G011X02
B1359264407518N00304463EA0137801531
LXVVT+263H330I103W170068N+000D142-003+001G012X01
B1359274407516N00304467EA0137701530
LXVVT+263H331I109W169069N+003D147+001+000G011X01
B1359284407514N00304470EA0137801530
LXVVT+263H331I109W170070N+009D147+006+001G012X02
B1359294407513N00304473EA0137901532
LXVVT+263H331I101W170071N+012D152+007+001G010X03
B1359304407512N00304475EA0138001534
LXVVT+263H331I088W170073N+010D154+006+000G009X02
B1359314407512N00304477EA0138101534
LXVVT+263H330I080W170074N+008D151-001-002G009X02
B1359324407512N00304479EA0138001533
LXVVT+263H331I085W170075N+009D151-008-002G009X02
B1359334407511N00304482EA0137801531
LXVVT+263H330I096W169077N+008D146-009+000G010X01
B1359344407510N00304485EA0137601529
LXVVT+262H330I105W168078N+006D145-007+001G011X01
B1359354407508N00304489EA0137501528
LXVVT+262H331I107W168077N+003D150+000+001G012X01
B1359364407506N00304492EA0137501528
LXVVT+262H332I109W168076N+002D152+006+004G011X03
B1359374407504N00304495EA0137601529
LXVVT+263H332I097W168074N+007D155+006+002G010X00
B1359384407503N00304497EA0137701530
LXVVT+263H332I086W167072N+006D154+004-002G009X01
B1359394407502N00304500EA0137701530
LXVVT+262H332I082W168070N+009D145-003-005G009X01
B1359404407501N00304503EA0137601529
LXVVT+263H332I088W169069N+009D152-008-004G009X01
B1359414407500N00304507EA0137401527
LXVVT+263H332I093W169067N-004D149-005+005G010X03
B1359424407497N00304510EA0137201525
LXVVT+262H333I114W168067N-002D146-002+001G012X03
B1359434407495N00304514EA0137201525
LXVVT+262H333I113W168067N+015D147+003-004G011X02
B1359444407493N00304519EA0137301526
LXVVT+262H333I106W168065N+009D147+006-005G010X04
B1359454407491N00304522EA0137401527
LXVVT+262H332I091W169063N+000D153+007+003G009X02
B1359464407490N00304526EA0137401527
LXVVT+262H332I086W169062N+004D153+000+005G009X01
B1359474407488N00304528EA0137201526
LXVVT+262H333I091W169061N+007D157-007+004G009X00
B1359484407486N00304531EA0137101524
LXVVT+262H332I102W168060N+013D155-007+000G011X01
B1359494407483N00304534EA0137001523
LXVVT+262H332I108W168060N+009D154-001-004G011X01
B1359504407480N00304538EA0137001523
LXVVT+262H332I105W169058N+004D152+005-005G011X01
B1359514407478N00304542EA0137101524
LXVVT+263H332I094W170056N+000D153+006+000G010X00
B1359524407476N00304545EA0137101524
LXVVT+263H331I090W171055N+003D148+003+002G010X00
B1359534407473N00304548EA0137101524
LXVVT+263H330I086W171053N+008D158-002+002G010X01
B1359544407471N00304551EA0137001523
LXVVT+263H330I086W170051N+010D159-003+002G010X02
B1359554407468N00304554EA0137001522
LXVVT+262H332I097W170049N+008D150-003+000G011X02
B1359564407465N00304556EA0137001522
LXVVT+263H331I106W170051N+014D157+002-001G011X04
B1359574407463N00304559EA0137001523
LXVVT+262H333I094W170049N+008D147+001-003G010X03
B1359584407460N00304563EA0137001523
LXVVT+263H332I091W172048N+000D157+002-003G010X00
B1359594407457N00304566EA0136901522
LXVVT+263H333I090W171046N+000D148+001+001G010X01
B1400004407455N00304569EA0136901521
LXVVT+263H332I096W171046N+008D148-003+000G010X01
B1400014407452N00304573EA0136801521
LXVVT+263H333I100W172046N+014D143-004-003G010X01
B1400024407449N00304577EA0136801520
LXVVT+262H333I105W171047N+010D140+001-006G011X01
B1400034407447N00304581EA0136801520
LXVVT+262H333I098W169047N+004D139+003-004G010X02
B1400044407445N00304585EA0136801520
LXVVT+262H333I091W168047N+001D139+002+001G010X01
B1400054407443N00304589EA0136701519
LXVVT+262H333I092W168047N+001D137-003+005G009X01
B1400064407440N00304593EA0136501518
LXVVT+263H334I097W167047N+008D140-006+002G010X00
B1400074407438N00304597EA0136401517
LXVVT+263H334I098W168046N+006D143-003-002G010X00
B1400084407435N00304601EA0136501517
LXVVT+263H334I093W168044N+009D143+007-001G010X01
B1400094407433N00304605EA0136601518
LXVVT+263H334I087W168044N+011D140+006+000G010X01
B1400104407432N00304608EA0136601518
LXVVT+263H334I080W168045N+003D148+001+003G009X04
B1400114407430N00304611EA0136501517
LXVVT+263H334I082W168045N+001D144-007+001G009X02
B1400124407428N00304615EA0136301515
LXVVT+263H335I088W168044N+000D142-008-001G010X02
B1400134407425N00304619EA0136101513
LXVVT+263H334I108W168044N+009D138-011-004G011X02
B1400144407422N00304626EA0136001512
LXVVT+263H334I122W168044N+017D136-003-003G013X02
B1400154407418N00304632EA0136101513
LXVVT+263H335I122W171043N+016D140+007+000G012X03
B1400164407415N00304638EA0136401516
LXVVT+263H334I110W173042N+017D141+012+003G011X02
B1400174407413N00304643EA0136801520
LXVVT+263H335I093W174041N+020D145+010+004G009X01
B1400184407410N00304647EA0137001523
LXVVT+263H334I081W174039N+022D146+001+002G009X02
B1400194407408N00304650EA0137101524
LXVVT+263H334I084W173038N+025D144-008-002G009X02
B1400204407406N00304654EA0137101524
LXVVT+263H333I090W173038N+024D150-009-003G010X02
B1400214407403N00304660EA0137101524
LXVVT+264H333I099W173037N+016D142-005+000G011X01
B1400224407400N00304665EA0137201524
LXVVT+263H334I106W174037N+015D146+002+002G012X01
B1400234407397N00304670EA0137301526
LXVVT+264H333I105W174036N+018D146+004+004G009X01
B1400244407394N00304675EA0137501528
LXVVT+263H333I099W175036N+013D146+007+004G011X02
B1400254407391N00304678EA0137601529
LXVVT+263H333I090W176038N+012D149+002+000G008X04
B1400264407389N00304682EA0137601528
LXVVT+263H333I078W176037N+006D147-004-006G009X05
B1400274407386N00304686EA0137301526
LXVVT+264H333I084W176036N-002D155-007-004G010X01
B1400284407384N00304691EA0137101523
LXVVT+264H332I094W176035N-002D146-009+002G011X01
B1400294407380N00304696EA0136901521
LXVVT+264H332I105W179035N+000D142-003+004G011X01
B1400304407376N00304701EA0136901520
LXVVT+264H333I112W182035N+007D144+004+001G011X03
B1400314407373N00304706EA0136901521
LXVVT+263H331I109W180035N+008D141+009-001G012X02
B1400324407370N00304709EA0137101522
LXVVT+263H330I105W173037N+012D143+005-003G009X02
B1400334407368N00304712EA0137101522
LXVVT+263H330I084W172040N+008D149+002+000G009X05
B1400344407366N00304714EA0136901521
LXVVT+263H329I076W172041N-005D145-005+001G008X03
B1400354407364N00304717EA0136601518
LXVVT+264H327I088W171042N-008D142-011-001G009X02
B1400364407361N00304722EA0136201513
LXVVT+263H327I107W166043N-004D133-012-005G010X01
B1400374407359N00304727EA0135801509
LXVVT+263H326I115W158042N-013D126-003-007G012X01
B1400384407357N00304733EA0135501506
LXVVT+263H326I113W156042N-022D121+004-008G012X04
B1400394407356N00304739EA0135401504
LXVVT+263H326I103W155043N-021D129+011-003G011X03
B1400404407355N00304744EA0135301503
LXVVT+263H325I085W157044N-014D140+009+011G010X00
B1400414407354N00304747EA0135101501
LXVVT+263H325I077W158045N-014D158+000+020G009X01
B1400424407352N00304748EA0134801498
LXVVT+263H325I080W160047N-016D176-008+022G010X02
B1400434407349N00304746EA0134301493
LXVVT+264H325I096W165049N-013D200-010+021G011X01
B1400444407346N00304740EA0134001489
LXVVT+264H325I107W167050N-013D223-004+027G013X01
B1400454407345N00304731EA0133701485
LXVVT+264H324I112W166050N-022D254+001+038G012X00
B1400464407348N00304721EA0133201481
LXVVT+265H324I115W166049N-034D287-001+046G013X01
B1400474407354N00304713EA0132701476
LXVVT+264H324I120W167047N-032D323-005+046G013X01
B1400484407364N00304709EA0132301472
LXVVT+264H324I122W167046N-032D354-003+044G014X01
B1400494407373N00304713EA0131901468
LXVVT+264H324I128W165045N-032D038-001+044G014X02
B1400504407378N00304720EA0131601464
LXVVT+264H325I128W162045N-032D072+001+046G013X01
B1400514407379N00304729EA0131201460
LXVVT+264H325I123W160046N-035D113+001+044G014X01
B1400524407376N00304734EA0130901456
LXVVT+264H325I124W160047N-028D149+000+039G014X01
B1400534407371N00304733EA0130601453
LXVVT+265H324I126W161048N-017D189+002+037G014X02
B1400544407368N00304726EA0130401451
LXVVT+265H325I118W160048N-016D226+002+040G013X01
B1400554407368N00304716EA0130101448
LXVVT+265H324I117W160048N-023D260+002+043G012X01
B1400564407372N00304706EA0129701444
LXVVT+266H324I124W161047N-025D296+000+042G013X02
B1400574407380N00304698EA0129401440
LXVVT+265H323I125W161046N-021D332-001+041G014X01
B1400584407390N00304696EA0129101436
LXVVT+266H323I120W162048N-024D004+000+041G013X01
B1400594407398N00304700EA0128701433
LXVVT+266H323I117W165050N-029D040+002+040G013X01
B1401004407404N00304707EA0128401430
LXVVT+266H323I118W166050N-028D070+004+038G013X01
B1401014407406N00304715EA0128201428
LXVVT+267H322I119W164051N-020D108+002+035G012X01
B1401024407405N00304721EA0128001425
LXVVT+267H322I115W162052N-015D137+001+034G012X00
B1401034407402N00304723EA0127801422
LXVVT+267H322I107W162053N-018D166+003+031G011X01
B1401044407399N00304721EA0127501420
LXVVT+268H322I101W162052N-021D200+003+030G011X01
B1401054407397N00304715EA0127301417
LXVVT+268H321I098W159051N-020D222+000+030G012X01
B1401064407396N00304706EA0127001414
LXVVT+269H321I105W158051N-018D258-001+030G012X02
B1401074407399N00304696EA0126601410
LXVVT+269H321I105W157051N-021D281+000+035G012X02
B1401084407405N00304687EA0126301406
LXVVT+269H319I107W157052N-028D308-002+037G012X01
B1401094407413N00304681EA0125901402
LXVVT+269H319I111W157053N-025D345-003+036G013X01
B1401104407423N00304680EA0125601399
LXVVT+270H319I118W157053N-021D017-001+037G013X01
B1401114407431N00304684EA0125201395
LXVVT+270H319I120W157053N-023D051-001+044G012X01
B1401124407435N00304692EA0124901391
LXVVT+270H318I122W153054N-029D085-003+047G013X00
B1401134407435N00304699EA0124401386
LXVVT+271H318I124W153054N-032D124-005+047G014X01
B1401144407431N00304702EA0124001381
LXVVT+271H318I127W153053N-030D167-005+047G014X01
B1401154407427N00304698EA0123501376
LXVVT+271H318I134W153053N-030D206-004+048G016X00
B1401164407424N00304687EA0123101372
LXVVT+272H317I144W153053N-030D249-002+050G016X00
B1401174407428N00304674EA0122801368
LXVVT+272H317I147W153053N-030D288+001+051G016X00
B1401184407437N00304664EA0122401364
LXVVT+272H316I141W153053N-030D333+000+051G015X00
B1401194407447N00304662EA0122101361
LXVVT+273H316I141W153053N-030D011+001+047G015X01
B1401204407456N00304667EA0121801357
LXVVT+273H316I137W153053N-030D052+002+046G016X00
B1401214407461N00304676EA0121501354
LXVVT+273H317I132W154053N-019D087+002+042G014X02
B1401224407460N00304684EA0121301352
LXVVT+273H317I126W155052N-018D124+003+039G013X01
B1401234407457N00304688EA0121201350
LXVVT+273H318I122W155050N-017D158+004+039G013X01
B1401244407452N00304687EA0121001348
LXVVT+274H318I121W156050N-020D188+007+038G013X01
B1401254407449N00304680EA0120701346
LXVVT+275H317I119W157051N-014D225+003+035G013X01
B1401264407449N00304671EA0120601344
LXVVT+275H315I116W158051N-006D252+003+031G012X01
B1401274407452N00304660EA0120501343
LXVVT+275H314I110W158051N-008D287+003+033G012X02
B1401284407458N00304652EA0120301341
LXVVT+276H314I106W157051N-016D315+001+036G011X01
B1401294407466N00304647EA0120001338
LXVVT+276H314I111W157050N-018D346-004+037G011X01
B1401304407475N00304646EA0119601334
LXVVT+276H314I114W157049N-017D020-006+038G013X02
B1401314407483N00304650EA0119301330
LXVVT+276H313I118W157049N-023D052-006+043G013X01
B1401324407487N00304658EA0118901326
LXVVT+277H313I129W156049N-029D088-004+045G014X01
B1401334407487N00304666EA0118401321
LXVVT+277H313I137W155050N-029D126-003+049G015X00
B1401344407483N00304669EA0118101318
LXVVT+277H313I141W155052N-029D164+000+047G015X00
B1401354407478N00304665EA0117801315
LXVVT+278H312I141W155052N-029D203+003+040G015X01
B1401364407475N00304656EA0117801315
LXVVT+278H311I131W156052N-014D238+007+036G013X03
B1401374407477N00304645EA0117801315
LXVVT+278H311I115W155053N-011D268+009+032G012X01
B1401384407481N00304636EA0117801314
LXVVT+279H310I102W155053N-009D292+008+024G011X01
B1401394407487N00304628EA0117801314
LXVVT+279H311I095W155052N+000D316+003+016G009X02
B1401404407494N00304624EA0117701313
LXVVT+279H311I084W155052N+006D332+004+010G011X03
B1401414407501N00304620EA0117601312
LXVVT+279H311I081W155052N-004D341+000+007G009X01
B1401424407508N00304618EA0117401310
LXVVT+280H311I085W154051N-009D008-001+010G010X03
B1401434407516N00304617EA0117201307
LXVVT+280H311I086W154052N-007D011-004+014G011X03
B1401444407524N00304618EA0116901305
LXVVT+280H311I099W155052N-006D029-006+013G010X01
B1401454407531N00304622EA0116701302
LXVVT+280H311I109W156052N-008D041-001+017G011X02
B1401464407538N00304627EA0116501301
LXVVT+280H310I106W157052N-012D072+005+025G012X04
B1401474407542N00304634EA0116401299
LXVVT+281H310I104W157052N-015D095+004+034G011X01
B1401484407542N00304640EA0116201297
LXVVT+281H310I103W156053N-019D119+001+036G012X01
B1401494407541N00304643EA0116001295
LXVVT+281H311I109W157056N-011D151+000+028G013X04
B1401504407538N00304642EA0115901294
LXVVT+282H311I107W158058N-002D175+003+024G012X01
B1401514407535N00304638EA0115901294
LXVVT+282H311I098W158058N-006D203+004+027G010X01
B1401524407534N00304631EA0115701292
LXVVT+282H311I093W157058N-016D231+000+030G010X03
B1401534407535N00304622EA0115401289
LXVVT+283H310I097W157058N-013D264-006+028G011X01
B1401544407539N00304612EA0115201286
LXVVT+283H309I107W156059N-007D286-004+027G013X01
B1401554407545N00304603EA0114901284
LXVVT+283H309I109W156059N-011D311-001+031G011X01
B1401564407554N00304597EA0114801281
LXVVT+284H309I105W156062N-014D348+001+035G012X01
B1401574407564N00304597EA0114501279
LXVVT+284H309I108W158064N-016D016+001+038G013X01
B1401584407572N00304601EA0114301277
LXVVT+284H308I114W160065N-013D049+001+036G014X03
B1401594407578N00304609EA0114101275
LXVVT+284H309I120W162064N-004D087+001+037G013X01
B1402004407579N00304617EA0114101274
LXVVT+284H308I115W163063N-007D111+004+037G013X01
B1402014407578N00304623EA0114101274
LXVVT+285H308I109W164060N-009D135+006+026G012X02
B1402024407575N00304626EA0114201275
LXVVT+284H308I099W164059N+003D149+012+009G012X02
B1402034407574N00304627EA0114401277
LXVVT+285H308I088W164059N+009D160+005-006G008X01
B1402044407573N00304628EA0114401277
LXVVT+285H308I075W164059N+004D157+000-009G010X03
B1402054407573N00304630EA0114301276
LXVVT+286H307I073W164059N+002D148-007+000G009X01
B1402064407572N00304633EA0114201275
LXVVT+286H307I082W164059N+006D147-010+006G010X01
B1402074407570N00304636EA0114001273
LXVVT+286H307I097W165058N+004D150-006+007G011X01
B1402084407567N00304639EA0113801271
LXVVT+286H307I107W165058N-001D156-003+008G011X01
B1402094407564N00304642EA0113701271
LXVVT+286H306I118W165057N+003D152+001+004G012X03
B1402104407560N00304644EA0113801272
LXVVT+286H306I113W165057N+009D156+004-006G011X02
B1402114407558N00304647EA0114001273
LXVVT+286H306I103W165056N+013D152+005-011G010X02
B1402124407556N00304651EA0114101274
LXVVT+286H306I090W166055N+006D143+004-004G009X03
B1402134407555N00304655EA0114101274
LXVVT+286H305I090W167054N+004D142-002+003G008X01
B1402144407554N00304659EA0113901273
LXVVT+286H305I091W168053N+004D140-007+005G009X03
B1402154407551N00304663EA0113701271
LXVVT+287H305I108W168054N+006D142-008+002G011X01
B1402164407549N00304667EA0113601270
LXVVT+287H305I124W167055N+015D144-002-001G012X02
B1402174407546N00304671EA0113701271
LXVVT+287H305I122W167057N+017D144+007+001G012X01
B1402184407543N00304674EA0114001273
LXVVT+287H305I108W166058N+008D148+013+000G010X01
B1402194407542N00304676EA0114101274
LXVVT+287H305I088W166059N+006D149+009-001G009X01
B1402204407541N00304678EA0114101275
LXVVT+287H304I074W166059N+004D151-003-004G007X02
B1402214407541N00304680EA0113901272
LXVVT+287H304I076W166058N-001D146-010-001G009X04
B1402224407539N00304682EA0113701269
LXVVT+287H305I092W166058N-001D137-012+005G011X02
B1402234407536N00304686EA0113401267
LXVVT+288H304I107W167057N+000D151-008-001G012X02
B1402244407533N00304690EA0113301267
LXVVT+288H304I122W166057N+004D153+007+006G013X04
B1402254407530N00304691EA0113501268
LXVVT+288H304I113W167058N+001D171+010+016G010X05
B1402264407527N00304690EA0113601269
LXVVT+288H304I090W163055N-001D181+009+021G010X03
B1402274407525N00304688EA0113601269
LXVVT+288H304I095W165056N+007D185+001+002G010X01
B1402284407523N00304685EA0113601269
LXVVT+288H303I094W167057N+018D181-007-019G009X02
B1402294407521N00304685EA0113501268
LXVVT+289H302I097W168059N+009D170-008-023G011X02
B1402304407519N00304687EA0113301267
LXVVT+289H302I101W167061N-001D160-002-008G011X02
B1402314407516N00304690EA0113301267
LXVVT+289H302I101W167061N+002D158+001+011G010X02
B1402324407514N00304691EA0113401267
LXVVT+289H302I096W167059N+004D164+002+013G010X01
B1402334407511N00304691EA0113401268
LXVVT+289H302I101W167059N+009D161+001+001G011X01
B1402344407509N00304692EA0113501268
LXVVT+289H302I095W167058N+016D168-003-011G009X01
B1402354407506N00304694EA0113501268
LXVVT+289H302I092W167056N+012D159-004-008G011X02
B1402364407504N00304696EA0113501268
LXVVT+289H302I097W168055N+006D158-002+003G010X01
B1402374407501N00304698EA0113401268
LXVVT+289H302I102W169054N+008D163-001+007G010X02
B1402384407498N00304699EA0113401267
LXVVT+289H302I097W169052N+001D165+000+006G010X02
B1402394407495N00304700EA0113301266
LXVVT+289H302I096W168051N-001D171-001+002G011X01
B1402404407491N00304701EA0113101265
LXVVT+289H301I101W167049N+003D167-003-002G010X02
B1402414407488N00304702EA0113001263
LXVVT+290H300I105W167049N+000D163+000-005G010X01
B1402424407485N00304703EA0112901262
LXVVT+290H300I093W167048N-013D177+003-003G009X01
B1402434407482N00304703EA0112601259
LXVVT+290H299I081W168047N-022D166+001+004G010X03
B1402444407479N00304704EA0112301255
LXVVT+290H299I081W169044N-022D164-006+007G009X01
B1402454407476N00304705EA0111901251
LXVVT+290H300I101W172044N-008D155-010-005G012X02
B1402464407471N00304707EA0111601248
LXVVT+290H299I119W171044N+003D148-005-015G013X01
B1402474407467N00304711EA0111501247
LXVVT+290H300I118W172044N+000D151+004-010G011X01
B1402484407464N00304716EA0111601248
LXVVT+291H300I114W173044N-006D152+012+008G011X03
B1402494407461N00304718EA0111701249
LXVVT+290H300I103W172045N-003D158+010+017G009X02
B1402504407458N00304718EA0111701249
LXVVT+291H300I092W173046N+005D170+001+010G010X03
B1402514407456N00304717EA0111701248
LXVVT+291H300I089W174046N+009D176-007-009G009X02
B1402524407453N00304718EA0111501246
LXVVT+291H300I089W173045N+006D170-013-018G009X04
B1402534407450N00304722EA0111101242
LXVVT+291H300I107W173045N-003D157-011-013G011X02
B1402544407446N00304727EA0110901240
LXVVT+291H300I115W177044N-008D149-001-002G013X01
B1402554407443N00304733EA0110801239
LXVVT+291H299I117W181043N-007D156+007+011G011X03
B1402564407439N00304737EA0110801240
LXVVT+291H298I108W181043N-009D162+008+020G009X02
B1402574407436N00304738EA0110701239
LXVVT+290H298I102W182044N-008D168+004+014G010X01
B1402584407433N00304739EA0110601237
LXVVT+291H298I100W184046N+000D174-001-001G010X01
B1402594407430N00304740EA0110501236
LXVVT+291H297I097W186048N+006D174-005-011G010X02
B1403004407427N00304742EA0110301234
LXVVT+292H298I097W186049N-001D172-004-009G010X01
B1403014407424N00304745EA0110101232
LXVVT+292H298I104W186048N-007D166+001+000G012X01
B1403024407421N00304747EA0110001231
LXVVT+293H298I102W187047N-005D167+004+010G011X03
B1403034407417N00304749EA0110001231
LXVVT+292H298I101W187046N-002D168+004+008G010X01
B1403044407414N00304749EA0110001230
LXVVT+292H298I097W186045N+003D174+003-001G010X01
B1403054407411N00304750EA0109901230
LXVVT+293H298I089W186044N+003D171-001-009G010X03
B1403064407408N00304752EA0109701228
LXVVT+293H297I091W186044N-002D168-007-010G009X01
B1403074407405N00304755EA0109401225
LXVVT+293H297I098W187043N-005D166-004-002G011X02
B1403084407401N00304758EA0109201223
LXVVT+293H296I104W187043N-010D166+001+010G011X02
B1403094407398N00304760EA0109001221
LXVVT+294H296I100W187043N-014D170+002+012G010X01
B1403104407394N00304761EA0108801218
LXVVT+294H295I095W186042N-018D177+003+007G010X01
B1403114407391N00304761EA0108601216
LXVVT+294H294I091W184040N-020D175+002-003G010X01
B1403124407388N00304762EA0108301212
LXVVT+294H294I090W184040N-018D164-001-010G009X01
B1403134407386N00304765EA0108001208
LXVVT+294H294I090W182042N-018D146-006-020G010X03
B1403144407384N00304770EA0107601203
LXVVT+294H293I098W176042N-020D118-013-023G010X02
B1403154407385N00304778EA0107101196
LXVVT+294H293I114W169042N-020D093-014-028G012X01
B1403164407389N00304787EA0106501190
LXVVT+294H293I121W171042N-028D067-007-034G014X01
B1403174407396N00304794EA0106101186
LXVVT+294H294I136W169041N-030D030-005-041G015X00
B1403184407405N00304795EA0105601182
LXVVT+294H295I125W169041N-032D356-006-047G013X04
B1403194407414N00304790EA0105101177
LXVVT+295H295I124W169041N-041D318-010-046G013X01
B1403204407419N00304780EA0104601172
LXVVT+295H295I131W172041N-043D274-012-042G016X00
B1403214407418N00304771EA0104201167
LXVVT+296H295I129W174041N-043D235-004-040G015X00
B1403224407414N00304767EA0103901164
LXVVT+296H293I127W175042N-037D194+002-042G014X02
B1403234407410N00304769EA0103601161
LXVVT+297H292I124W175044N-034D154+001-038G012X01
B1403244407408N00304775EA0103301157
LXVVT+297H291I114W175044N-031D129+002-030G012X03
B1403254407408N00304784EA0103001154
LXVVT+298H290I105W179043N-026D115+007-014G012X02
B1403264407409N00304791EA0102801152
LXVVT+298H289I089W182044N-026D111+009+011G010X01
B1403274407409N00304797EA0102501149
LXVVT+298H289I080W184043N-033D121+001+023G008X03
B1403284407408N00304802EA0102001144
LXVVT+298H289I087W184043N-030D149-010+015G010X03
B1403294407405N00304806EA0101501138
LXVVT+299H289I099W183044N-018D165-007+005G012X02
B1403304407401N00304807EA0101301135
LXVVT+299H289I101W183044N-020D173+003+011G012X02
B1403314407398N00304807EA0101001131
LXVVT+299H290I092W183043N-034D201+005+027G010X03
B1403324407396N00304802EA0100501126
LXVVT+300H289I097W185044N-038D227-004+034G010X03
B1403334407397N00304795EA0099901120
LXVVT+300H290I110W189044N-032D256-007+028G013X01
B1403344407400N00304787EA0099401115
LXVVT+300H290I119W190044N-021D290-003+029G014X03
B1403354407407N00304780EA0099101112
LXVVT+300H290I119W190044N-028D318+002+039G012X02
B1403364407416N00304778EA0098701107
LXVVT+301H289I119W189046N-036D000-001+047G012X00
B1403374407426N00304783EA0098101102
LXVVT+300H289I128W190047N-051D039-007+046G015X00
B1403384407431N00304793EA0097601096
LXVVT+301H289I145W188046N-051D083-008+047G016X00
B1403394407432N00304804EA0097101091
LXVVT+301H289I147W188046N-051D124+000+048G017X00
B1403404407427N00304810EA0097001088
LXVVT+301H289I144W188046N-051D152+011+031G016X00
B1403414407423N00304812EA0097101090
LXVVT+302H289I123W187048N-024D170+020+004G013X03
B1403424407422N00304812EA0097301092
LXVVT+302H288I089W187053N-012D179+022-016G008X03
B1403434407422N00304814EA0097201090
LXVVT+303H288I049W187053N-016D176+004-018G008X00
B1403444407422N00304816EA0096801086
LXVVT+303H288I048W187053N-033D154-019+007G007X00
B1403454407421N00304819EA0096201080
LXVVT+303H288I078W186053N-057D155-019+025G011X02
B1403464407418N00304819EA0095501073
LXVVT+303H288I107W186054N-050D182-010+014G013X02
B1403474407414N00304818EA0095101069
LXVVT+304H287I118W186053N-032D174+002-002G014X04
B1403484407411N00304819EA0095101068
LXVVT+304H287I109W186053N-021D173+008-021G011X03
B1403494407409N00304821EA0095001066
LXVVT+305H287I090W186054N-019D158+007-024G011X04
B1403504407408N00304826EA0094801064
LXVVT+305H287I083W185054N-016D141+001-008G009X03
B1403514407408N00304831EA0094501062
LXVVT+305H286I078W187054N-012D136-005+011G009X01
B1403524407407N00304835EA0094201058
LXVVT+305H285I080W188053N-021D145-010+015G009X02
B1403534407405N00304839EA0093801054
LXVVT+306H284I095W188053N-022D167-009+010G011X01
B1403544407402N00304841EA0093401049
LXVVT+306H283I102W188053N-021D177-004+009G012X01
B1403554407399N00304842EA0093101047
LXVVT+306H283I102W187052N-021D176+003+007G012X02
B1403564407397N00304842EA0093001045
LXVVT+307H282I099W187052N-018D187+006+002G010X02
B1403574407394N00304841EA0092801043
LXVVT+307H281I089W188053N-014D187+004-004G009X01
B1403584407393N00304841EA0092601041
LXVVT+307H281I079W188053N-016D190+000-004G009X03
B1403594407391N00304841EA0092301037
LXVVT+308H280I079W188053N-017D185-007-001G009X01
B1404004407389N00304841EA0091901033
LXVVT+308H280I089W188053N-017D183-008+000G010X00
B1404014407387N00304841EA0091601030
LXVVT+308H279I098W188053N-018D181-003-003G011X02
B1404024407384N00304841EA0091401027
LXVVT+308H278I101W188053N-016D183+002-006G011X01
B1404034407381N00304842EA0091201025
LXVVT+309H279I095W187054N-017D186+005+002G010X01
B1404044407379N00304842EA0091001023
LXVVT+309H277I086W187053N-019D187+002+009G009X03
B1404054407378N00304841EA0090701021
LXVVT+309H278I094W189055N-016D192-001+007G010X01
B1404064407376N00304839EA0090501018
LXVVT+310H277I098W192058N-008D193-004-003G011X01
B1404074407375N00304838EA0090301016
LXVVT+310H277I091W193059N-011D188-002-011G010X01
B1404084407373N00304839EA0090101014
LXVVT+310H277I090W193060N-013D172-002-020G010X01
B1404094407372N00304842EA0089801011
LXVVT+311H276I086W193060N-019D153-004-024G010X02
B1404104407371N00304848EA0089501007
LXVVT+311H277I089W197059N-022D135-002-018G011X01
B1404114407371N00304856EA0089201005
LXVVT+311H277I100W197059N-017D122+002-010G011X03
B1404124407372N00304863EA0089101003
LXVVT+311H277I095W195059N-012D124+004+005G010X01
B1404134407372N00304870EA0088901001
LXVVT+311H277I087W195059N-019D141+001+020G009X03
B1404144407370N00304874EA0088500997
LXVVT+312H276I093W195060N-024D160-008+024G009X02
B1404154407368N00304876EA0088000991
LXVVT+312H276I110W195062N-019D179-008+017G012X01
B1404164407365N00304875EA0087700987
LXVVT+312H276I116W195063N-016D201+001+018G013X01
B1404174407363N00304871EA0087500985
LXVVT+313H275I115W195063N-020D227+006+025G012X01
B1404184407363N00304865EA0087200983
LXVVT+313H275I110W196064N-028D256+004+034G011X01
B1404194407367N00304859EA0086900979
LXVVT+314H274I113W199063N-027D287-004+036G012X01
B1404204407374N00304854EA0086500975
LXVVT+314H274I124W202061N-017D315-003+032G013X01
B1404214407383N00304853EA0086200972
LXVVT+314H273I124W203060N-015D349+001+033G013X01
B1404224407392N00304856EA0086000970
LXVVT+314H273I119W203060N-024D023+004+036G012X01
B1404234407400N00304865EA0085700967
LXVVT+314H272I113W204061N-030D054+002+036G011X02
B1404244407404N00304875EA0085400964
LXVVT+314H272I115W204061N-020D087-001+028G012X01
B1404254407406N00304886EA0085200962
LXVVT+315H272I115W204061N-012D112+004+022G012X01
B1404264407405N00304893EA0085100960
LXVVT+315H272I105W203062N-015D136+005+021G010X01
B1404274407404N00304899EA0084900958
LXVVT+315H272I091W204062N-019D152+006+017G010X01
B1404284407402N00304902EA0084700956
LXVVT+316H272I087W204062N-020D167+001+005G009X00
B1404294407401N00304905EA0084400953
LXVVT+316H272I088W204062N-017D171-004-002G009X01
B1404304407399N00304908EA0084000949
LXVVT+316H272I089W204061N-023D170-007-004G009X03
B1404314407396N00304911EA0083500944
LXVVT+316H272I097W204060N-028D164-007-003G011X01
B1404324407393N00304915EA0083100940
LXVVT+316H271I111W205059N-024D170-003-001G012X03
B1404334407389N00304919EA0082900937
LXVVT+316H271I112W206058N-018D168+005+003G012X02
B1404344407385N00304922EA0082700935
LXVVT+317H271I105W207056N-018D173+008+003G010X02
B1404354407382N00304924EA0082600934
LXVVT+317H270I094W207055N-017D172+005-002G009X01
B1404364407380N00304927EA0082400931
LXVVT+317H269I089W208053N-014D175-001-006G009X01
B1404374407377N00304930EA0082100928
LXVVT+318H268I092W209053N-015D169-006-004G009X01
B1404384407374N00304934EA0081700924
LXVVT+318H268I098W210052N-017D170-005+002G010X01
B1404394407370N00304938EA0081400921
LXVVT+318H268I107W211051N-018D172-002+004G011X01
B1404404407366N00304941EA0081200918
LXVVT+319H267I110W212050N-017D174+003+004G011X01
B1404414407362N00304943EA0081000917
LXVVT+319H267I106W212049N-014D175+005+001G011X01
B1404424407359N00304945EA0080900915
LXVVT+319H267I098W212048N-012D177+005-003G010X01
B1404434407356N00304948EA0080800914
LXVVT+320H267I088W213047N-012D174+002-005G010X02
B1404444407353N00304951EA0080600911
LXVVT+320H268I088W213047N-014D173-003-002G009X01
B1404454407350N00304953EA0080200908
LXVVT+320H268I095W213047N-014D172-003+001G010X01
B1404464407347N00304956EA0079900905
LXVVT+320H268I098W213047N-017D174-003+003G010X01
B1404474407344N00304958EA0079600902
LXVVT+320H268I096W213047N-022D175-001+001G010X01
B1404484407340N00304961EA0079400898
LXVVT+321H268I094W214045N-025D171+001-002G011X01
B1404494407337N00304963EA0079100895
LXVVT+321H268I098W215044N-021D171-001-006G010X01
B1404504407333N00304967EA0078800892
LXVVT+322H267I097W217044N-020D168+000-006G010X01
B1404514407329N00304971EA0078500889
LXVVT+322H267I097W219044N-020D163+000-005G010X01
B1404524407326N00304976EA0078200886
LXVVT+322H267I097W222043N-019D160+000+000G010X01
B1404534407322N00304981EA0078000884
LXVVT+322H266I099W226044N-015D157+000+002G010X01
B1404544407318N00304985EA0077800882
LXVVT+322H266I098W229045N-013D152-002+002G010X00
B1404554407313N00304990EA0077500880
LXVVT+323H266I092W235045N-015D161+000+001G011X01
B1404564407309N00304993EA0077400878
LXVVT+323H266I097W237042N-012D175+004+009G010X01
B1404574407305N00304995EA0077300876
LXVVT+323H265I097W237041N-011D183+001+014G010X01
B1404584407301N00304995EA0077100874
LXVVT+324H265I098W236039N-010D193+000+007G010X01
B1404594407297N00304994EA0076900872
LXVVT+324H265I101W236039N-004D200-003-003G010X01
B1405004407293N00304993EA0076800870
LXVVT+325H265I103W236039N-002D203+000-008G011X01
B1405014407289N00304993EA0076600869
LXVVT+325H265I097W237038N-008D198+002-010G010X01
B1405024407284N00304994EA0076500868
LXVVT+325H264I098W236038N-010D187+002-009G009X02
B1405034407280N00304997EA0076400866
LXVVT+326H265I095W236038N-011D178+000-008G010X01
B1405044407276N00305001EA0076200864
LXVVT+326H264I092W236038N-010D167-002-007G010X01
B1405054407272N00305006EA0076000861
LXVVT+326H264I096W237038N-009D160-003-008G010X01
B1405064407269N00305012EA0075800859
LXVVT+326H264I103W237038N-008D153-001-006G011X01
B1405074407265N00305019EA0075600857
LXVVT+326H264I105W237038N-007D145+001-001G011X01
B1405084407261N00305025EA0075500856
LXVVT+326H264I101W238038N-007D152+002+008G010X00
B1405094407257N00305031EA0075400855
LXVVT+326H263I095W240038N-009D156+001+011G010X01
B1405104407253N00305035EA0075200853
LXVVT+326H263I095W242038N-009D160-001+004G010X00
B1405114407249N00305040EA0075100851
LXVVT+326H263I097W243037N-006D164-002-002G010X01
B1405124407244N00305044EA0074900849
LXVVT+327H263I100W243037N-006D167-001-002G011X01
B1405134407240N00305049EA0074800848
LXVVT+327H262I102W244037N-005D168+000+002G010X00
B1405144407235N00305054EA0074700847
LXVVT+328H263I105W243037N-004D165+001+005G010X01
B1405154407230N00305057EA0074600846
LXVVT+328H262I106W242038N-003D170+002+004G010X02
B1405164407226N00305061EA0074500845
LXVVT+328H262I101W241038N-003D166+001+000G010X01
B1405174407222N00305064EA0074400843
LXVVT+329H261I097W240038N-003D167-001-003G010X01
B1405184407217N00305068EA0074200842
LXVVT+329H261I100W240038N-002D158-001-004G011X01
B1405194407213N00305073EA0074200841
LXVVT+329H261I096W241037N-002D163+001-001G010X00
B1405204407209N00305077EA0074100840
LXVVT+329H260I095W241037N-003D162+002+004G010X01
B1405214407205N00305080EA0074000839
LXVVT+329H261I094W241037N-005D167+000+006G010X01
B1405224407201N00305083EA0073800838
LXVVT+329H261I094W240037N-006D171-003+003G009X01
B1405234407197N00305086EA0073600835
LXVVT+330H260I097W239038N-005D174-002+000G010X00
B1405244407192N00305088EA0073400833
LXVVT+330H259I096W239038N-008D175-001-001G010X03
B1405254407188N00305091EA0073200831
LXVVT+330H260I095W240038N-011D178-001+002G010X01
B1405264407183N00305093EA0073000829
LXVVT+330H259I099W240037N-010D177-001+003G010X01
B1405274407178N00305095EA0072900827
LXVVT+330H259I102W241037N-006D177+000+001G011X01
B1405284407173N00305097EA0072800826
LXVVT+331H259I097W242035N-004D176+003-002G011X00
B1405294407169N00305100EA0072700825
LXVVT+331H259I095W244034N-005D174+004-006G010X01
B1405304407164N00305103EA0072600824
LXVVT+331H258I091W245034N-005D167+001-005G009X01
B1405314407160N00305106EA0072500823
LXVVT+331H258I089W246034N-005D168-002+001G009X01
B1405324407156N00305110EA0072200821
LXVVT+332H258I093W247035N-007D166-004+003G010X01
B1405334407151N00305113EA0072000818
LXVVT+332H258I100W246035N-007D166-003+001G010X00
B1405344407146N00305116EA0071800816
LXVVT+332H258I105W246035N-006D166+000-002G011X01
B1405354407142N00305120EA0071700815
LXVVT+332H257I102W245035N-007D167+003-002G010X01
B1405364407137N00305124EA0071600814
LXVVT+333H257I100W243035N-008D166+003+000G010X02
B1405374407133N00305127EA0071500813
LXVVT+333H258I097W241035N-004D167+001+003G010X01
B1405384407129N00305130EA0071400812
LXVVT+333H258I097W238035N-003D164+001+002G010X02
B1405394407126N00305134EA0071300810
LXVVT+333H259I101W230034N-002D160-001-004G009X02
B1405404407123N00305137EA0071200809
LXVVT+333H260I099W223034N-002D165+000-004G011X01
B1405414407120N00305141EA0071100808
LXVVT+333H260I092W219035N-002D159-003-002G010X03
B1405424407117N00305146EA0071000806
LXVVT+334H259I095W215035N-001D157-005+000G010X01
B1405434407113N00305150EA0070800805
LXVVT+334H259I098W215035N-001D161-003+006G011X00
B1405444407110N00305154EA0070700804
LXVVT+334H259I098W216034N-007D167-001+009G010X01
B1405454407106N00305157EA0070600802
LXVVT+335H258I100W217034N-011D167+002+005G010X02
B1405464407102N00305159EA0070500802
LXVVT+335H258I101W216034N+002D171-003-005G011X02
B1405474407097N00305163EA0070500802
LXVVT+336H258I108W216034N+013D167-002-007G012X02
B1405484407093N00305167EA0070600803
LXVVT+336H258I104W218034N+010D165+004-002G010X02
B1405494407089N00305171EA0070800804
LXVVT+336H257I096W219033N+007D168+005+005G009X03
B1405504407086N00305174EA0070800805
LXVVT+336H257I084W222033N+005D169+000+010G009X03
B1405514407082N00305177EA0070800804
LXVVT+336H257I089W223032N+007D182-008+007G009X02
B1405524407078N00305178EA0070600802
LXVVT+336H256I095W223031N+001D198-004+007G010X03
B1405534407074N00305178EA0070400800
LXVVT+336H257I105W224033N-004D195+001+005G011X03
B1405544407069N00305177EA0070300799
LXVVT+336H256I104W224033N-007D190+002-007G010X01
B1405554407065N00305178EA0070200798
LXVVT+337H256I098W225031N-008D183+001-017G010X01
B1405564407060N00305181EA0070000795
LXVVT+337H256I094W232031N-012D169+000-020G010X01
B1405574407056N00305186EA0069800793
LXVVT+337H255I099W241035N-007D153-002-011G011X01
B1405584407051N00305193EA0069600792
LXVVT+337H255I107W245037N+004D148+001-002G012X02
B1405594407047N00305200EA0069600792
LXVVT+337H255I106W246037N+005D148+003-001G010X02
B1406004407043N00305206EA0069700792
LXVVT+337H255I098W246038N+004D149+005+000G010X01
B1406014407039N00305212EA0069700792
LXVVT+337H255I089W247038N+000D149+002+001G009X01
B1406024407036N00305218EA0069600791
LXVVT+337H255I088W248038N-001D151-003+001G010X02
B1406034407032N00305225EA0069400789
LXVVT+337H255I098W247038N+001D149-007+001G010X01
B1406044407028N00305231EA0069200788
LXVVT+337H255I105W248038N+002D151-004+001G010X01
B1406054407023N00305238EA0069200787
LXVVT+337H255I109W248038N+000D147+002-002G011X02
B1406064407019N00305245EA0069200787
LXVVT+337H255I104W248038N+002D138+004-011G010X01
B1406074407016N00305253EA0069200787
LXVVT+337H255I101W247037N+003D139+003-012G010X01
B1406084407014N00305261EA0069200787
LXVVT+337H255I093W247037N+004D131+002+000G010X01
B1406094407011N00305268EA0069200787
LXVVT+337H256I087W247037N+000D135-001+013G009X01
B1406104407008N00305275EA0069000785
LXVVT+337H256I085W248037N-009D140-004+014G009X03
B1406114407005N00305281EA0068700782
LXVVT+336H255I090W248037N-012D146-005+004G010X01
B1406124407001N00305287EA0068400779
LXVVT+336H256I090W250036N-014D152-003-007G010X01
B1406134406997N00305294EA0068200777
LXVVT+337H255I098W252036N-011D144-002-010G011X02
B1406144406993N00305302EA0068100775
LXVVT+336H256I110W249035N-002D144+002-002G012X03
B1406154406990N00305309EA0068200775
LXVVT+336H256I098W247034N+003D150+006+011G010X01
B1406164406987N00305313EA0068100775
LXVVT+337H255I088W245035N-005D162+004+020G010X02
B1406174406983N00305316EA0068000773
LXVVT+337H255I088W242039N-006D183-002+015G010X02
B1406184406980N00305316EA0067800771
LXVVT+337H255I099W241046N+002D196-002+004G011X02
B1406194406977N00305316EA0067700770
LXVVT+337H255I096W240050N+002D216+003+006G010X01
B1406204406975N00305315EA0067600769
LXVVT+337H255I083W240050N-008D223+004+014G010X01
B1406214406974N00305312EA0067400767
LXVVT+337H254I082W239049N-017D241+000+014G009X01
B1406224406974N00305309EA0067100764
LXVVT+337H255I086W238048N-011D257-003+009G010X01
B1406234406975N00305304EA0066900762
LXVVT+337H255I090W235046N-004D263-003+002G011X02
B1406244406977N00305299EA0066800760
LXVVT+337H254I091W232045N-004D271+003+002G011X01
B1406254406978N00305295EA0066700760
LXVVT+338H255I090W230045N-009D284+006+008G009X01
B1406264406982N00305291EA0066500758
LXVVT+338H254I086W230045N-017D294+002+016G009X01
B1406274406986N00305288EA0066200754
LXVVT+337H255I088W230045N-016D311-005+014G011X02
B1406284406991N00305286EA0065900751
LXVVT+338H255I095W230045N-011D334-002+013G012X01
B1406294406998N00305286EA0065600748
LXVVT+338H254I097W229046N-017D348-002+023G010X01
B1406304407006N00305290EA0065300744
LXVVT+338H255I103W229046N-025D021-004+032G011X01
B1406314407012N00305297EA0064900739
LXVVT+338H255I114W229046N-025D046-003+033G013X00
B1406324407017N00305308EA0064500736
LXVVT+338H255I123W229046N-019D081-002+035G013X01
B1406334407017N00305320EA0064300733
LXVVT+338H255I127W227046N-018D111+000+039G013X01
B1406344407014N00305329EA0064000731
LXVVT+338H255I125W227046N-021D149+001+041G013X00
B1406354407009N00305333EA0063800729
LXVVT+338H255I120W226046N-025D181+002+038G013X00
B1406364407005N00305331EA0063600726
LXVVT+338H255I115W226046N-020D214+001+031G013X00
B1406374407004N00305326EA0063500725
LXVVT+338H255I115W226046N-009D240+003+022G013X02
B1406384407004N00305321EA0063500724
LXVVT+338H255I107W227046N-005D266+008+014G010X03
B1406394407007N00305317EA0063500724
LXVVT+338H254I087W226046N-009D283+011+015G009X01
B1406404407011N00305314EA0063300721
LXVVT+338H255I073W225046N-016D306+004+010G010X02
B1406414407016N00305313EA0063000718
LXVVT+339H255I073W224046N-017D331-005+003G009X01
B1406424407022N00305312EA0062600714
LXVVT+339H255I085W224046N-014D331-008+006G010X01
B1406434407029N00305312EA0062300710
LXVVT+339H255I097W224046N-017D355-005+016G011X01
B1406444407036N00305315EA0061900706
LXVVT+339H255I104W224047N-020D012-003+027G011X01
B1406454407043N00305323EA0061500702
LXVVT+339H255I112W224049N-026D052-002+035G013X01
B1406464407048N00305334EA0061100698
LXVVT+339H254I119W225049N-027D081-002+041G013X01
B1406474407048N00305346EA0060800695
LXVVT+339H255I129W223049N-028D115-003+043G014X01
B1406484407044N00305354EA0060400692
LXVVT+339H254I136W222050N-028D157-001+041G015X00
B1406494407039N00305356EA0060300690
LXVVT+340H254I136W221052N-020D188+004+037G014X01
B1406504407036N00305353EA0060200689
LXVVT+340H253I124W221052N-016D218+008+028G013X01
B1406514407035N00305349EA0060300690
LXVVT+340H253I102W220051N-010D225+012+001G010X02
B1406524407034N00305347EA0060400691
LXVVT+341H253I074W220051N-005D229+006-025G008X03
B1406534407034N00305347EA0060200688
LXVVT+341H253I059W220051N-019D221-005-022G009X07
B1406544407031N00305347EA0059800684
LXVVT+341H254I072W221050N-021D184-013+007G010X02
B1406554407029N00305348EA0059500681
LXVVT+341H253I102W220051N-007D189-008+012G013X04
B1406564407025N00305349EA0059400680
LXVVT+341H252I104W220051N+000D187+001-006G012X01
B1406574407022N00305351EA0059400680
LXVVT+341H252I095W220051N-004D181+004-018G010X01
B1406584407019N00305356EA0059400679
LXVVT+342H251I084W221051N-009D163+005-009G010X01
B1406594407017N00305362EA0059300678
LXVVT+342H252I080W222051N-005D150+002+005G010X02
B1407004407015N00305367EA0059200677
LXVVT+342H252I080W223051N-002D147-002+012G009X01
B1407014407013N00305372EA0059000676
LXVVT+342H253I082W223051N-002D154-004+008G010X02
B1407024407011N00305376EA0058900675
LXVVT+342H253I085W223051N-002D170-002+002G010X01
B1407034407008N00305380EA0058800673
LXVVT+342H253I088W222052N-003D160-001+002G009X02
B1407044407006N00305384EA0058700672
LXVVT+342H252I087W221053N-006D175+002+002G011X01
B1407054407004N00305388EA0058600670
LXVVT+343H252I079W221053N-007D173-001+003G009X01
B1407064407002N00305391EA0058400669
LXVVT+343H253I085W221053N-003D177-003+004G011X01
B1407074406999N00305394EA0058300667
LXVVT+343H253I090W220055N-002D176-002+001G011X01
B1407084406997N00305396EA0058200667
LXVVT+344H253I091W219056N+000D176+002-003G011X03
B1407094406995N00305400EA0058200666
LXVVT+344H252I079W219057N-001D171+003-011G010X02
B1407104406994N00305404EA0058100665
LXVVT+344H252I074W218057N-005D161-002-008G010X02
B1407114406993N00305410EA0057900663
LXVVT+344H252I090W215057N-001D157-005+003G010X02
B1407124406991N00305414EA0057800662
LXVVT+344H253I098W211058N+004D182-003+020G010X01
B1407134406989N00305415EA0057600660
LXVVT+345H253I095W211062N-007D199-004+030G011X02
B1407144406988N00305413EA0057400658
LXVVT+345H254I102W213066N-015D222-002+028G011X02
B1407154406989N00305409EA0057200655
LXVVT+345H253I107W214067N-012D244+003+017G012X03
B1407164406991N00305403EA0057100655
LXVVT+345H253I098W213067N-004D248+006+002G011X03
B1407174406993N00305399EA0057100655
LXVVT+346H253I080W211066N-002D245+004-018G009X03
B1407184406993N00305397EA0057000653
LXVVT+346H253I076W211064N-009D219-008-023G009X05
B1407194406991N00305396EA0056800650
LXVVT+347H252I102W210066N+004D197-014-017G013X02
B1407204406988N00305399EA0056700649
LXVVT+347H252I114W210066N+015D173-006-015G014X02
B1407214406984N00305404EA0056800650
LXVVT+348H251I118W209067N+013D158+008-023G013X05
B1407224406983N00305412EA0057000652
LXVVT+348H251I095W210067N+005D139+014-021G011X02
B1407234406984N00305419EA0057100655
LXVVT+348H251I070W211068N+005D132+013-006G009X01
B1407244406985N00305426EA0057200656
LXVVT+348H250I053W211068N+005D126+002+014G007X03
B1407254406986N00305431EA0057000654
LXVVT+348H250I061W211068N-007D146-013+020G007X06
B1407264406985N00305436EA0056600649
LXVVT+348H251I092W210069N-009D156-018+012G011X02
B1407274406982N00305440EA0056300646
LXVVT+348H251I117W209071N+005D177-004+003G013X04
B1407284406978N00305444EA0056300645
LXVVT+349H251I108W209071N+019D188+014+010G013X00
B1407294406976N00305445EA0056300646
LXVVT+349H252I087W209066N+017D178+021+020G011X00
B1407304406975N00305443EA0056400647
LXVVT+349H253I090W209065N+015D204+013+005G010X00
B1407314406974N00305442EA0056500648
LXVVT+350H253I076W208065N+010D217+004-011G009X02
B1407324406974N00305442EA0056500648
LXVVT+350H253I070W208064N+000D204-006-015G009X04
B1407334406973N00305443EA0056400647
LXVVT+350H251I073W208064N+003D193-007-001G010X02
B1407344406971N00305445EA0056200645
LXVVT+350H250I084W208065N+003D187-005+007G011X01
B1407354406969N00305445EA0056200644
LXVVT+350H250I084W209064N+002D192+000+004G010X01
B1407364406967N00305446EA0056100644
LXVVT+349H250I084W209062N+002D189+001-003G011X00
B1407374406965N00305448EA0056100643
LXVVT+350H250I083W210061N+004D185+003-006G010X01
B1407384406963N00305450EA0056100643
LXVVT+350H250I081W210060N+005D174+000-006G010X01
B1407394406961N00305454EA0056000643
LXVVT+350H249I082W211060N+007D166-004-006G010X02
B1407404406959N00305458EA0056000642
LXVVT+351H250I086W211060N+012D158-006-008G009X02
B1407414406958N00305465EA0055900642
LXVVT+351H250I096W212060N+010D147-002-012G012X01
B1407424406957N00305473EA0055900642
LXVVT+351H250I094W212061N+001D140+008-005G011X01
B1407434406956N00305480EA0056000643
LXVVT+350H250I090W212060N+010D133+005+005G009X04
B1407444406956N00305488EA0056100643
LXVVT+351H250I081W212060N+007D139+001+012G010X02
B1407454406955N00305494EA0056000643
LXVVT+350H250I077W213060N+003D149-003+012G009X03
B1407464406953N00305500EA0055900642
LXVVT+350H251I086W213060N+008D147-003+006G011X04
B1407474406952N00305505EA0056000642
LXVVT+351H251I084W213060N+007D166+002+005G011X02
B1407484406950N00305509EA0056000642
LXVVT+351H250I081W212062N+005D166+004+009G008X02
B1407494406950N00305512EA0055900641
LXVVT+351H250I073W212064N-004D180+004+016G010X02
B1407504406949N00305513EA0055700639
LXVVT+351H250I069W212066N-010D182-005+012G009X03
B1407514406947N00305513EA0055400636
LXVVT+351H250I081W212065N-004D198-009-002G011X05
B1407524406945N00305514EA0055200633
LXVVT+351H250I098W212065N-001D183-007-007G012X04
B1407534406942N00305515EA0055100632
LXVVT+351H250I092W213062N+002D175-003-013G011X02
B1407544406939N00305518EA0055100631
LXVVT+352H250I096W216059N-001D168+004-016G012X03
B1407554406936N00305523EA0055100632
LXVVT+352H251I096W216059N+001D175+005-010G011X03
B1407564406933N00305527EA0055200633
LXVVT+352H252I087W218058N+012D179+003+011G010X02
B1407574406930N00305529EA0055300634
LXVVT+352H253I097W218058N+012D194-004+027G008X03
B1407584406928N00305528EA0055100633
LXVVT+352H252I114W219062N+014D224-007+031G013X02
B1407594406927N00305523EA0055100632
LXVVT+352H252I121W219062N+014D243-001+030G014X01
B1408004406928N00305515EA0055200633
LXVVT+352H252I118W215061N+012D270+007+024G013X02
B1408014406933N00305509EA0055500635
LXVVT+352H253I098W209063N+011D288+013+016G011X01
B1408024406938N00305504EA0055700638
LXVVT+351H253I080W206065N+014D300+011+012G010X01
B1408034406943N00305501EA0055900641
LXVVT+352H253I067W206066N+015D305+004+002G009X01
B1408044406947N00305498EA0056000642
LXVVT+352H252I058W206066N+014D287-006-007G008X01
B1408054406952N00305494EA0055900641
LXVVT+352H252I065W205066N+012D266-014-005G010X02
B1408064406955N00305489EA0055800640
LXVVT+352H252I082W204065N+011D260-008-011G011X02
B1408074406956N00305483EA0055900640
LXVVT+352H252I095W204065N+010D246+001-018G012X03
B1408084406956N00305478EA0055900640
LXVVT+352H252I087W204063N+006D224+003-020G010X03
B1408094406955N00305476EA0055900640
LXVVT+352H252I099W203066N+009D199+002-019G011X02
B1408104406953N00305476EA0055900641
LXVVT+352H250I089W202068N+006D187+004-018G010X02
B1408114406952N00305479EA0055900640
LXVVT+352H250I081W200070N+001D186+001-006G010X02
B1408124406951N00305481EA0055800639
LXVVT+352H250I070W200070N-002D190-002+014G009X02
B1408134406950N00305481EA0055600637
LXVVT+352H250I077W200070N-011D191-006+023G009X03
B1408144406950N00305479EA0055300634
LXVVT+352H250I097W201071N-009D214-004+015G013X03
B1408154406949N00305475EA0055100632
LXVVT+351H250I102W202072N+002D216-001-003G012X03
B1408164406948N00305472EA0055100632
LXVVT+352H250I090W201071N+002D226+007-012G010X02
B1408174406947N00305470EA0055100632
LXVVT+352H250I070W201068N-007D210+009-011G010X02
B1408184406946N00305469EA0055000631
LXVVT+352H250I061W201068N-009D206+003-003G009X02
B1408194406945N00305469EA0054800629
LXVVT+352H251I069W201066N-005D198-007+007G009X02
B1408204406943N00305467EA0054500626
LXVVT+352H250I087W201065N+004D218-010+008G011X01
B1408214406942N00305463EA0054300624
LXVVT+352H251I098W201064N+001D223-003+008G012X01
B1408224406941N00305459EA0054200622
LXVVT+352H250I092W200063N-006D234+007+013G011X01
B1408234406942N00305454EA0054200622
LXVVT+352H250I092W199063N-007D235+010+005G010X06
B1408244406942N00305450EA0054200621
LXVVT+352H250I081W201064N-005D228+004-012G009X04
B1408254406942N00305447EA0053900619
LXVVT+352H250I071W201063N-008D216-008-021G009X03
B1408264406941N00305446EA0053700616
LXVVT+352H250I089W201062N-006D190-010-015G013X01
B1408274406938N00305446EA0053500613
LXVVT+353H250I111W198065N+010D173-008-016G012X02
B1408284406935N00305449EA0053400612
LXVVT+353H250I103W198065N+004D167+001-026G012X01
B1408294406933N00305454EA0053300611
LXVVT+353H250I095W200065N-012D159+010-014G011X02
B1408304406932N00305459EA0053300612
LXVVT+353H250I080W201065N-011D160+008+013G009X01
B1408314406930N00305462EA0053100610
LXVVT+353H250I079W201064N-013D176-006+027G008X03
B1408324406928N00305462EA0052700606
LXVVT+354H251I099W201064N-005D203-011+019G012X02
B1408334406925N00305458EA0052500604
LXVVT+353H251I119W202066N+011D219-002+011G014X04
B1408344406924N00305453EA0052600604
LXVVT+353H250I116W203067N+012D238+009+015G012X02
B1408354406925N00305448EA0052700605
LXVVT+353H250I095W204067N-003D254+014+022G010X04
B1408364406928N00305443EA0052600605
LXVVT+353H250I080W205067N-013D266+009+014G009X01
B1408374406932N00305440EA0052500604
LXVVT+353H250I078W205066N-003D271-002-007G009X02
B1408384406935N00305436EA0052300601
LXVVT+353H249I083W206066N+003D254-013-024G009X02
B1408394406935N00305432EA0052000597
LXVVT+353H250I096W207068N-005D219-018-030G010X04
B1408404406933N00305431EA0051500591
LXVVT+353H249I116W206072N-011D190-014-034G013X01
B1408414406929N00305435EA0051100587
LXVVT+353H250I121W206072N-017D160-003-033G015X00
B1408424406927N00305442EA0050900586
LXVVT+354H249I118W205072N-027D145+012-025G014X06
B1408434406927N00305449EA0050900587
LXVVT+354H250I095W203070N-017D137+015-005G009X02
B1408444406928N00305454EA0050900587
LXVVT+354H250I066W203070N-017D150+007+018G009X06
B1408454406927N00305456EA0050500583
LXVVT+354H249I067W203070N-023D171-014+016G009X05
B1408464406925N00305458EA0050000578
LXVVT+354H249I099W203069N-006D195-018-005G011X02
B1408474406922N00305459EA0049700574
LXVVT+354H249I114W203068N-006D182-002-004G013X01
B1408484406919N00305459EA0049600573
LXVVT+354H249I107W203065N-019D194+012+000G011X01
B1408494406917N00305458EA0049500572
LXVVT+354H250I096W202064N-022D215+011+015G009X02
B1408504406916N00305454EA0049300569
LXVVT+354H249I089W201063N-017D233+002+016G009X03
B1408514406917N00305450EA0049000566
LXVVT+354H249I095W202062N-011D241+000+010G011X01
B1408524406918N00305445EA0048700563
LXVVT+354H249I100W204063N-007D237+003-010G012X03
B1408534406918N00305442EA0048600561
LXVVT+354H249I087W205064N-011D229-002-026G009X03
B1408544406917N00305441EA0048200557
LXVVT+354H249I089W205063N-018D202-007-025G011X02
B1408554406914N00305441EA0047900555
LXVVT+354H249I100W205063N-017D200+000-011G012X04
B1408564406911N00305442EA0047800554
LXVVT+355H249I099W206062N-005D192+008+007G011X04
B1408574406910N00305442EA0047800553
LXVVT+354H249I089W206063N-009D196+010+011G010X02
B1408584406910N00305441EA0047700552
LXVVT+355H249I079W206065N-014D209+006+004G009X01
B1408594406910N00305441EA0047500550
LXVVT+355H248I065W206065N-012D214-003-007G009X02
B1409004406910N00305440EA0047200547
LXVVT+355H248I070W207066N-012D215-009-007G010X02
B1409014406910N00305439EA0046900543
LXVVT+355H249I079W207067N-013D204-007-001G011X01
B1409024406909N00305438EA0046600540
LXVVT+355H249I084W207066N-016D199-003-005G011X02
B1409034406907N00305438EA0046400538
LXVVT+355H249I086W207065N-016D202+001-010G010X01
B1409044406906N00305439EA0046200535
LXVVT+355H249I080W208064N-016D199+002-003G011X02
B1409054406904N00305439EA0046000533
LXVVT+356H249I079W209062N-016D210-001+010G010X01
B1409064406903N00305437EA0045700530
LXVVT+356H249I092W209062N-015D209-003+015G010X03
B1409074406902N00305435EA0045400528
LXVVT+356H249I096W210062N-009D226-001+006G011X04
B1409084406901N00305432EA0045300526
LXVVT+356H249I085W208060N-008D224+004-007G011X01
B1409094406900N00305430EA0045200525
LXVVT+357H249I079W207059N-013D215+005-011G010X01
B1409104406899N00305430EA0045100524
LXVVT+357H249I074W207058N-012D211+002-007G009X01
B1409114406898N00305430EA0044800521
LXVVT+357H249I068W209057N-016D196-003+001G009X02
B1409124406896N00305430EA0044600518
LXVVT+358H248I069W210055N-016D189-007+003G009X01
B1409134406894N00305430EA0044200514
LXVVT+358H248I082W212053N-015D190-007-006G012X01
B1409144406892N00305430EA0044000511
LXVVT+358H247I086W213052N-012D197+001-006G012X02
B1409154406889N00305430EA0043800509
LXVVT+358H248I084W215050N-013D197+003+007G010X02
B1409164406887N00305430EA0043600507
LXVVT+359H248I078W215049N-023D217+003+021G010X01
B1409174406886N00305427EA0043300504
LXVVT+358H247I079W213047N-025D221-001+017G010X01
B1409184406886N00305423EA0042900500
LXVVT+359H247I092W214048N-015D240-002+002G012X02
B1409194406886N00305419EA0042700498
LXVVT+359H247I097W217048N-005D245+001-004G012X01
B1409204406886N00305415EA0042700497
LXVVT+359H246I086W218049N-005D251+008+001G011X01
B1409214406887N00305411EA0042700497
LXVVT+359H246I074W217049N-009D249+006+006G009X01
B1409224406888N00305408EA0042500496
LXVVT+359H246I074W218049N-010D258+000+003G010X01
B1409234406890N00305405EA0042400494
LXVVT+359H246I082W219049N+000D246-008-007G010X01
B1409244406890N00305401EA0042100491
LXVVT+360H245I085W220050N+003D233-013-018G010X05
B1409254406888N00305399EA0041900488
LXVVT+360H245I102W218052N-007D219-006-021G012X02
B1409264406886N00305398EA0041700487
LXVVT+360H245I099W217054N-015D207+004-012G012X01
B1409274406883N00305398EA0041700487
LXVVT+360H245I085W219052N-011D208+010+004G010X02
B1409284406881N00305398EA0041600486
LXVVT+361H244I076W220051N-010D218+005+015G009X02
B1409294406881N00305395EA0041400485
LXVVT+361H244I080W220050N-011D241-005+017G010X02
B1409304406881N00305391EA0041200482
LXVVT+361H244I095W220050N-001D249-007+014G011X01
B1409314406882N00305386EA0041100480
LXVVT+361H245I104W222051N+004D271+000+012G012X05
B1409324406885N00305380EA0041000480
LXVVT+361H245I095W218051N-004D271+007+006G012X01
B1409334406888N00305375EA0041100480
LXVVT+361H245I094W217051N-003D279+007-008G010X04
B1409344406890N00305371EA0041100480
LXVVT+361H245I089W219051N+002D272+003-010G010X01
B1409354406892N00305368EA0041000480
LXVVT+362H244I081W219052N+003D267-002-003G009X02
B1409364406893N00305364EA0040900479
LXVVT+362H244I079W219052N-001D259-001+002G010X02
B1409374406895N00305360EA0040900478
LXVVT+362H245I075W218051N-002D272-002+003G010X03
B1409384406897N00305356EA0040800477
LXVVT+362H244I081W217050N+004D270-003+004G010X02
B1409394406899N00305351EA0040700476
LXVVT+363H246I089W216050N+008D270-002+001G011X02
B1409404406902N00305346EA0040800476
LXVVT+363H246I088W215050N+007D278+002+001G010X01
B1409414406904N00305341EA0040800477
LXVVT+363H246I086W213050N+005D270+002+000G010X01
B1409424406907N00305336EA0040800476
LXVVT+363H246I079W211050N+000D287+000+004G009X02
B1409434406911N00305332EA0040600475
LXVVT+363H245I077W207051N-002D285+000+004G010X01
B1409444406915N00305327EA0040600474
LXVVT+362H245I080W205052N-002D282+000-002G010X01
B1409454406918N00305322EA0040500473
LXVVT+363H244I081W204052N+001D296+001-001G011X02
B1409464406922N00305317EA0040400472
LXVVT+363H244I082W202052N+001D280-001-001G010X02
B1409474406925N00305312EA0040300472
LXVVT+363H244I083W202052N+002D291+001+002G010X02
B1409484406929N00305307EA0040200471
LXVVT+363H244I086W201052N+000D280+002+002G010X02
B1409494406933N00305302EA0040200471
LXVVT+363H244I086W202052N+002D287+003-001G010X02
B1409504406936N00305297EA0040100470
LXVVT+363H244I080W201052N-005D285+000-002G007X02
B1409514406940N00305292EA0039900467
LXVVT+363H244I087W203053N-016D272-003-008G009X03
B1409524406942N00305287EA0039600463
LXVVT+362H244I087W204055N-013D262-004-009G011X00
B1409534406945N00305282EA0039300460
LXVVT+363H245I079W202053N-012D266+002-001G011X01
B1409544406947N00305277EA0039100458
LXVVT+362H245I075W200050N-018D260+004+004G010X01
B1409554406949N00305272EA0038900455
LXVVT+362H245I078W199049N-016D261+002+001G010X01
B1409564406952N00305267EA0038600453
LXVVT+363H245I079W199048N-010D259-002-005G010X01
B1409574406953N00305261EA0038400451
LXVVT+362H246I083W198047N-007D253-004-008G011X02
B1409584406954N00305256EA0038200449
LXVVT+362H245I087W198047N-007D252-002-004G010X02
B1409594406955N00305250EA0038100447
LXVVT+362H245I092W198046N-008D237+001-004G010X01
B1410004406954N00305245EA0038000445
LXVVT+362H245I095W200047N-009D223-003-015G010X01
B1410014406952N00305242EA0037700441
LXVVT+363H245I087W201045N-017D205-007-027G010X03
B1410024406949N00305242EA0037200437
LXVVT+362H245I096W204042N-025D176-012-026G011X01
B1410034406945N00305246EA0036800432
LXVVT+363H245I113W202043N-022D157-006-024G013X03
B1410044406942N00305252EA0036500430
LXVVT+363H245I106W207043N-018D139+005-017G014X02
B1410054406940N00305260EA0036500430
LXVVT+363H245I096W210044N-012D128+011-008G011X03
B1410064406939N00305266EA0036600431
LXVVT+363H245I077W211045N-009D127+012-003G009X01
B1410074406939N00305272EA0036500430
LXVVT+363H245I057W211045N-012D127+002-001G008X04
B1410084406939N00305277EA0036300427
LXVVT+363H245I058W211045N-012D130-012+000G009X03
B1410094406938N00305284EA0035900424
LXVVT+363H245I077W210045N-007D138-015+002G011X01
B1410104406937N00305291EA0035600420
LXVVT+363H245I090W211045N-009D133-005+007G012X01
B1410114406935N00305298EA0035500418
LXVVT+364H245I097W211045N-011D138+007+002G012X03
B1410124406933N00305304EA0035500418
LXVVT+363H245I085W211045N-010D145+010+002G011X01
B1410134406931N00305309EA0035400417
LXVVT+364H245I068W212044N-008D152+005+009G009X03
B1410144406929N00305312EA0035200415
LXVVT+364H245I071W212044N-008D162-003+013G010X05
B1410154406927N00305315EA0035000413
LXVVT+364H245I072W213042N-001D166-004+003G011X00
B1410164406925N00305318EA0034900411
LXVVT+365H246I081W212042N-005D182+001-013G010X00
B1410174406922N00305322EA0034800410
LXVVT+365H245I077W212043N-002D162+003-007G011X01
B1410184406920N00305326EA0034700409
LXVVT+365H244I077W212043N+001D167+002+011G010X03
B1410194406917N00305327EA0034500408
LXVVT+365H244I075W212041N-006D188-003+022G010X02
B1410204406915N00305327EA0034300405
LXVVT+365H244I085W212041N-007D207-005+018G011X01
B1410214406913N00305324EA0034200403
LXVVT+365H244I092W212041N-004D235-002+013G011X01
B1410224406912N00305319EA0034000401
LXVVT+366H244I092W212041N-006D256+000+016G011X01
B1410234406913N00305313EA0033800399
LXVVT+366H244I093W213041N-013D281-001+026G010X01
B1410244406917N00305309EA0033500396
LXVVT+366H244I091W216040N-020D298+002+031G011X01
B1410254406922N00305306EA0033300394
LXVVT+366H243I094W220037N-020D303+004+008G012X03
B1410264406926N00305302EA0033200393
LXVVT+366H244I087W220038N-008D291-002-022G009X01
B1410274406928N00305298EA0033100391
LXVVT+366H243I094W221038N-001D260-016-034G011X04
B1410284406928N00305292EA0032700388
LXVVT+367H244I113W221040N-002D233-014-032G012X01
B1410294406923N00305289EA0032500384
LXVVT+366H244I131W221040N-005D198-007-030G015X00
B1410304406918N00305290EA0032400383
LXVVT+367H243I127W221040N-007D175+004-035G014X02
B1410314406914N00305294EA0032400384
LXVVT+368H243I104W225040N-019D157+015-029G011X02
B1410324406912N00305300EA0032400385
LXVVT+368H244I067W228042N-012D156+016+001G011X01
B1410334406910N00305304EA0032400385
LXVVT+368H244I055W228042N-008D162-007+022G006X05
B1410344406907N00305306EA0032000381
LXVVT+368H245I083W228041N-007D196-023+016G011X04
B1410354406903N00305305EA0031700377
LXVVT+368H244I115W228041N-003D206-009+010G014X01
B1410364406898N00305301EA0031700377
LXVVT+369H245I132W228041N+003D227+013+012G014X06
B1410374406896N00305296EA0032000379
LXVVT+369H246I105W228040N-002D232+023+015G010X03
B1410384406896N00305292EA0032000380
LXVVT+370H246I079W226039N+007D244+015+002G009X00
B1410394406896N00305289EA0032000380
LXVVT+370H245I065W224038N+001D252-006-015G008X01
B1410404406896N00305285EA0031800377
LXVVT+370H244I079W224038N-025D233-022-013G009X03
B1410414406894N00305282EA0031400373
LXVVT+371H244I108W224041N-011D226-013-006G011X01
B1410424406891N00305278EA0031200370
LXVVT+371H244I107W224041N-016D214+000-004G012X01
B1410434406888N00305275EA0031100369
LXVVT+371H243I096W225039N-019D223+012-007G011X03
B1410444406886N00305273EA0031000369
LXVVT+371H242I074W227036N-016D215+012-007G010X00
B1410454406884N00305272EA0030900367
LXVVT+372H241I062W227035N-012D206+000-008G009X01
B1410464406882N00305271EA0030700365
LXVVT+371H241I031W227035N-012D169-015+001G014X00
B1410474406881N00305271EA0030500364
LXVVT+372H243I023W227035N-010D178-018+021G013X00
B1410484406880N00305271EA0030500364
LXVVT+372H243I019W227035N-009D115-027-031G011X00
B1410494406880N00305271EA0030400365
LXVVT+372H243I013W227035N-018D028+005-008G011X00
B1410504406880N00305271EA0030500365
LXVVT+372H243I014W227035N+003D358+015+008G012X00
B1410514406880N00305271EA0030700365
LXVVT+372H243I012W227035N+020D348+004+026G010X00
B1410524406881N00305272EA0030700365
LXVVT+372H243I013W227035N+012D002-004+023G010X00
B1410534406881N00305272EA0030600365
LXVVT+372H243I013W227035N+005D342-002-008G010X00
B1410544406881N00305272EA0030600364
LXVVT+372H243I012W227035N+007D337+000-002G010X00
B1410554406881N00305272EA0030600364
LXVVT+372H243I013W227035N+012D335-001-004G010X00
G8f687478534b31897240c088acbe410a40a1b4847fd781a117c42283b3aea682
G72b12015714f1aa250c9fd422ce0e17791529ed2e3a1d4427295c61861c33880